NTAName,NTA2020,Year,median_price_per_sqft,transaction_count,citywide_median,relative_performance,prev_median,yoy_change,centroid_lng,centroid_lat
Greenpoint,BK0101,2003,179.66271752728164,80,217.5,-17.396451711594647,,,-73.94951662764288,40.72949961875474
Greenpoint,BK0101,2004,211.9177489177489,122,242.06349206349208,-12.453651266766036,179.66271752728164,17.95310225426672,-73.94951662764288,40.72949961875474
Greenpoint,BK0101,2005,309.90948630539555,157,285.59771521827827,8.512592990646349,211.9177489177489,46.24045786069573,-73.94951662764288,40.72949961875474
Greenpoint,BK0101,2006,287.7069282648682,138,319.9301276108415,-10.071949017933418,309.90948630539555,-7.164207299755952,-73.94951662764288,40.72949961875474
Greenpoint,BK0101,2007,362.8691983122363,141,363.8791017154246,-0.2775381708999978,287.7069282648682,26.124595087321744,-73.94951662764288,40.72949961875474
Greenpoint,BK0101,2008,380.47006651884703,148,364.7209496043315,4.318127854076108,362.8691983122363,4.850471819728778,-73.94951662764288,40.72949961875474
Greenpoint,BK0101,2009,433.82205262100825,109,315.0431111065702,37.70244050004269,380.47006651884703,14.022650083963534,-73.94951662764288,40.72949961875474
Greenpoint,BK0101,2010,457.1661676646706,175,331.20603015075375,38.030750061097635,433.82205262100825,5.381034666777533,-73.94951662764288,40.72949961875474
Greenpoint,BK0101,2011,385.4401881938096,214,327.76517308054713,17.59644399409361,457.1661676646706,-15.689257986271565,-73.94951662764288,40.72949961875474
Greenpoint,BK0101,2012,442.5863991081383,205,337.05357142857144,31.310401854599974,385.4401881938096,14.826220167159654,-73.94951662764288,40.72949961875474
Greenpoint,BK0101,2013,449.34105527201757,172,346.18410700236035,29.798291193348707,442.5863991081383,1.5261779795968977,-73.94951662764288,40.72949961875474
Greenpoint,BK0101,2014,589.6892655367232,157,352.1666317379394,67.44609295509105,449.34105527201757,31.234228125391972,-73.94951662764288,40.72949961875474
Greenpoint,BK0101,2015,655.8641975308642,163,378.1408590172051,73.44441413590349,589.6892655367232,11.222000443557333,-73.94951662764288,40.72949961875474
Greenpoint,BK0101,2016,758.3520027945971,121,412.8122109158187,83.70386891225982,655.8641975308642,15.626375955505623,-73.94951662764288,40.72949961875474
Greenpoint,BK0101,2017,952.3809523809524,239,453.2408424405514,110.12690455094412,758.3520027945971,25.585605216487963,-73.94951662764288,40.72949961875474
Greenpoint,BK0101,2018,805.5555555555555,197,468.4992756435464,71.94382092672762,952.3809523809524,-15.41666666666667,-73.94951662764288,40.72949961875474
Greenpoint,BK0101,2019,1135.9652376796025,248,484.8484848484849,134.292830271418,805.5555555555555,41.01637433264032,-73.94951662764288,40.72949961875474
Greenpoint,BK0101,2020,869.1468253968253,158,510.948905109489,70.10445011337869,1135.9652376796025,-23.4882550479976,-73.94951662764288,40.72949961875474
Greenpoint,BK0101,2021,852.1444695259594,293,583.6909871244635,45.99239808790334,869.1468253968253,-1.9562121581820402,-73.94951662764288,40.72949961875474
Greenpoint,BK0101,2022,913.9763005473192,270,614.297462406015,48.78399415285779,852.1444695259594,7.256026792705268,-73.94951662764288,40.72949961875474
Greenpoint,BK0101,2023,1039.8643452767164,164,588.8157894736842,76.60265975649264,913.9763005473192,13.773666193971481,-73.94951662764288,40.72949961875474
Greenpoint,BK0101,2024,1050.508360039727,357,610.3286384976526,72.12175437573988,1039.8643452767164,1.023596473074388,-73.94951662764288,40.72949961875474
Greenpoint,BK0101,2025,972.1390884100382,198,643.3739350912779,51.10016669732155,1050.508360039727,-7.460128316039779,-73.94951662764288,40.72949961875474
Williamsburg,BK0102,2003,228.70048855503347,94,217.5,5.149649910360218,,,-73.95862095291709,40.714914335687524
Williamsburg,BK0102,2004,358.7030267295597,130,242.06349206349208,48.18551268171974,228.70048855503347,56.844014193368466,-73.95862095291709,40.714914335687524
Williamsburg,BK0102,2005,509.31268422991894,280,285.59771521827827,78.3321984353616,358.7030267295597,41.9872837075082,-73.95862095291709,40.714914335687524
Williamsburg,BK0102,2006,641.6369863013699,379,319.9301276108415,100.55534972368969,509.31268422991894,25.980955544338226,-73.95862095291709,40.714914335687524
Williamsburg,BK0102,2007,618.9448126924392,376,363.8791017154246,70.09627916925312,641.6369863013699,-3.536606226479664,-73.95862095291709,40.714914335687524
Williamsburg,BK0102,2008,680.8594301467748,404,364.7209496043315,86.67955073197933,618.9448126924392,10.0032533086438,-73.95862095291709,40.714914335687524
Williamsburg,BK0102,2009,618.3954236342549,306,315.0431111065702,96.28914324207177,680.8594301467748,-9.174288222615102,-73.95862095291709,40.714914335687524
Williamsburg,BK0102,2010,618.4112419707556,598,331.20603015075375,86.71497064509235,618.3954236342549,0.0025579646769784132,-73.95862095291709,40.714914335687524
Williamsburg,BK0102,2011,660.2119700748129,659,327.76517308054713,101.4283469685683,618.4112419707556,6.759373903172692,-73.95862095291709,40.714914335687524
Williamsburg,BK0102,2012,735.9249329758713,487,337.05357142857144,118.34064236635122,660.2119700748129,11.467977912075552,-73.95862095291709,40.714914335687524
Williamsburg,BK0102,2013,834.6202294544603,366,346.18410700236035,141.09143446286797,735.9249329758713,13.411054858474927,-73.95862095291709,40.714914335687524
Williamsburg,BK0102,2014,923.2723867597424,318,352.1666317379394,162.16918457134932,834.6202294544603,10.62185580658985,-73.95862095291709,40.714914335687524
Williamsburg,BK0102,2015,1016.6358595194084,405,378.1408590172051,168.85110013280854,923.2723867597424,10.112234926393551,-73.95862095291709,40.714914335687524
Williamsburg,BK0102,2016,1054.7422851095007,538,412.8122109158187,155.50171657218382,1016.6358595194084,3.7482865898618036,-73.95862095291709,40.714914335687524
Williamsburg,BK0102,2017,1110.0,493,453.2408424405514,144.90290725412535,1054.7422851095007,5.23897786886989,-73.95862095291709,40.714914335687524
Williamsburg,BK0102,2018,1026.3048642664392,356,468.4992756435464,119.0622094039894,1110.0,-7.540102318338815,-73.95862095291709,40.714914335687524
Williamsburg,BK0102,2019,1144.9864498644986,369,484.8484848484849,136.15345528455282,1026.3048642664392,11.563969901174364,-73.95862095291709,40.714914335687524
Williamsburg,BK0102,2020,1106.7853170189098,257,510.948905109489,116.61369775941523,1144.9864498644986,-3.336382963318875,-73.95862095291709,40.714914335687524
Williamsburg,BK0102,2021,1159.390014622937,563,583.6909871244635,98.63078926995908,1106.7853170189098,4.752926949348795,-73.95862095291709,40.714914335687524
Williamsburg,BK0102,2022,1278.826509273608,490,614.297462406015,108.17707829442047,1159.390014622937,10.30166666473445,-73.95862095291709,40.714914335687524
Williamsburg,BK0102,2023,1360.2941176470588,313,588.8157894736842,131.02201774564574,1278.826509273608,6.370497310047593,-73.95862095291709,40.714914335687524
Williamsburg,BK0102,2024,1312.5590179414542,273,610.3286384976526,115.0577467857921,1360.2941176470588,-3.509174897276881,-73.95862095291709,40.714914335687524
Williamsburg,BK0102,2025,1373.1148743576814,336,643.3739350912779,113.42407571467321,1312.5590179414542,4.613572082358608,-73.95862095291709,40.714914335687524
South Williamsburg,BK0103,2003,195.139911634757,105,217.5,-10.280500397812874,,,-73.95665885781328,40.70324198075533
South Williamsburg,BK0103,2004,182.9826166514181,173,242.06349206349208,-24.407181317774818,195.139911634757,-6.230040221650644,-73.95665885781328,40.70324198075533
South Williamsburg,BK0103,2005,217.1753016323634,165,285.59771521827827,-23.957619385582483,182.9826166514181,18.68630234208659,-73.95665885781328,40.70324198075533
South Williamsburg,BK0103,2006,244.5214770158252,219,319.9301276108415,-23.57034992551321,217.1753016323634,12.591751998463305,-73.95665885781328,40.70324198075533
South Williamsburg,BK0103,2007,254.32733173035814,136,363.8791017154246,-30.10663966922249,244.5214770158252,4.010222265219795,-73.95665885781328,40.70324198075533
South Williamsburg,BK0103,2008,371.4575214341388,124,364.7209496043315,1.8470482260795524,254.32733173035814,46.05489661959099,-73.95665885781328,40.70324198075533
South Williamsburg,BK0103,2009,233.52029814057366,58,315.0431111065702,-25.876716580042814,371.4575214341388,-37.13405041874272,-73.95665885781328,40.70324198075533
South Williamsburg,BK0103,2010,236.7674323399624,98,331.20603015075375,-28.513550241765255,233.52029814057366,1.390514754068206,-73.95665885781328,40.70324198075533
South Williamsburg,BK0103,2011,253.5758889937849,108,327.76517308054713,-22.634889298787847,236.7674323399624,7.099142178341525,-73.95665885781328,40.70324198075533
South Williamsburg,BK0103,2012,278.48876910066883,96,337.05357142857144,-17.37551751185455,253.5758889937849,9.824624969566623,-73.95665885781328,40.70324198075533
South Williamsburg,BK0103,2013,311.42730695740136,86,346.18410700236035,-10.039975649350655,278.48876910066883,11.827600072743262,-73.95665885781328,40.70324198075533
South Williamsburg,BK0103,2014,295.85769230769233,107,352.1666317379394,-15.989288693356013,311.42730695740136,-4.999437846931873,-73.95665885781328,40.70324198075533
South Williamsburg,BK0103,2015,305.76728386835725,88,378.1408590172051,-19.13931632168713,295.85769230769233,3.3494452969500403,-73.95665885781328,40.70324198075533
South Williamsburg,BK0103,2016,342.2619047619048,105,412.8122109158187,-17.09016940109376,305.76728386835725,11.935423709117186,-73.95665885781328,40.70324198075533
South Williamsburg,BK0103,2017,386.4353312302839,99,453.2408424405514,-14.739517041434743,342.2619047619048,12.906322863804673,-73.95665885781328,40.70324198075533
South Williamsburg,BK0103,2018,473.7609329446064,77,468.4992756435464,1.1230876064498485,386.4353312302839,22.597727137502226,-73.95665885781328,40.70324198075533
South Williamsburg,BK0103,2019,489.98496240601503,91,484.8484848484849,1.0593984962405947,473.7609329446064,3.4245182186234837,-73.95665885781328,40.70324198075533
South Williamsburg,BK0103,2020,543.8663611935672,110,510.948905109489,6.442416405026734,489.98496240601503,10.996541306691068,-73.95665885781328,40.70324198075533
South Williamsburg,BK0103,2021,551.768906199286,127,583.6909871244635,-5.469003570269383,543.8663611935672,1.4530306651758944,-73.95665885781328,40.70324198075533
South Williamsburg,BK0103,2022,617.5916941940031,72,614.297462406015,0.5362600351767063,551.768906199286,11.929412341866088,-73.95665885781328,40.70324198075533
South Williamsburg,BK0103,2023,497.737556561086,57,588.8157894736842,-15.46803508683231,617.5916941940031,-19.406695193550892,-73.95665885781328,40.70324198075533
South Williamsburg,BK0103,2024,744.2748091603054,71,610.3286384976526,21.946564885496183,497.737556561086,49.531575294934065,-73.95665885781328,40.70324198075533
South Williamsburg,BK0103,2025,957.6018808777428,159,643.3739350912779,48.84063973494423,744.2748091603054,28.66240655895826,-73.95665885781328,40.70324198075533
East Williamsburg,BK0104,2003,164.41005802707932,69,217.5,-24.409168723181924,,,-73.93648763829711,40.71329975935242
East Williamsburg,BK0104,2004,184.89583333333331,93,242.06349206349208,-23.616803278688536,164.41005802707932,12.460171568627432,-73.93648763829711,40.71329975935242
East Williamsburg,BK0104,2005,375.1803751803752,161,285.59771521827827,31.366728509585663,184.89583333333331,102.91445643558323,-73.93648763829711,40.71329975935242
East Williamsburg,BK0104,2006,375.0,153,319.9301276108415,17.213093621537485,375.1803751803752,-0.048076923076934175,-73.93648763829711,40.71329975935242
East Williamsburg,BK0104,2007,500.52541371158395,226,363.8791017154246,37.55266827690066,375.0,33.47344365642238,-73.93648763829711,40.71329975935242
East Williamsburg,BK0104,2008,421.2340363636364,221,364.7209496043315,15.494883642031876,500.52541371158395,-15.841628651774583,-73.93648763829711,40.71329975935242
East Williamsburg,BK0104,2009,378.7523821623682,89,315.0431111065702,20.22239776391965,421.2340363636364,-10.08504786745089,-73.93648763829711,40.71329975935242
East Williamsburg,BK0104,2010,454.1162584833284,167,331.20603015075375,37.1099005282694,378.7523821623682,19.897928005282438,-73.93648763829711,40.71329975935242
East Williamsburg,BK0104,2011,392.0968574800826,201,327.76517308054713,19.627370350212946,454.1162584833284,-13.657163742690068,-73.93648763829711,40.71329975935242
East Williamsburg,BK0104,2012,487.603305785124,193,337.05357142857144,44.66641125280499,392.0968574800826,24.357871399133284,-73.93648763829711,40.71329975935242
East Williamsburg,BK0104,2013,525.1567364341342,180,346.18410700236035,51.69868454722377,487.603305785124,7.701635777169896,-73.93648763829711,40.71329975935242
East Williamsburg,BK0104,2014,581.8987511749698,174,352.1666317379394,65.23392585586667,525.1567364341342,10.804777089239947,-73.93648763829711,40.71329975935242
East Williamsburg,BK0104,2015,731.8467695826187,176,378.1408590172051,93.53813589060478,581.8987511749698,25.768747244236884,-73.93648763829711,40.71329975935242
East Williamsburg,BK0104,2016,762.4036083224211,199,412.8122109158187,84.68533346701112,731.8467695826187,4.175305543430812,-73.93648763829711,40.71329975935242
East Williamsburg,BK0104,2017,775.0,217,453.2408424405514,70.99076857833077,762.4036083224211,1.6521946564885501,-73.93648763829711,40.71329975935242
East Williamsburg,BK0104,2018,783.7837837837837,159,468.4992756435464,67.29669063141067,775.0,1.1333914559720966,-73.93648763829711,40.71329975935242
East Williamsburg,BK0104,2019,910.5270320471088,184,484.8484848484849,87.7962003597162,783.7837837837837,16.170690295665615,-73.93648763829711,40.71329975935242
East Williamsburg,BK0104,2020,804.093567251462,165,510.948905109489,57.372598162071874,910.5270320471088,-11.689215262105495,-73.93648763829711,40.71329975935242
East Williamsburg,BK0104,2021,811.135589825756,275,583.6909871244635,38.96661208044203,804.093567251462,0.875771534694022,-73.93648763829711,40.71329975935242
East Williamsburg,BK0104,2022,895.0944581909587,259,614.297462406015,45.710264646894,811.135589825756,10.350780981418687,-73.93648763829711,40.71329975935242
East Williamsburg,BK0104,2023,842.4592708037122,178,588.8157894736842,43.07688174543494,895.0944581909587,-5.880405906391759,-73.93648763829711,40.71329975935242
East Williamsburg,BK0104,2024,923.5366019285618,173,610.3286384976526,51.31792016214127,842.4592708037122,9.623887342055271,-73.93648763829711,40.71329975935242
East Williamsburg,BK0104,2025,940.0520894117649,190,643.3739350912779,46.112865029012426,923.5366019285618,1.78828726968859,-73.93648763829711,40.71329975935242
Brooklyn Heights,BK0201,2003,428.1333215852131,58,217.5,96.84290647596004,,,-73.99483016824742,40.69546550215201
Brooklyn Heights,BK0201,2004,543.9020113043126,47,242.06349206349208,124.69394565358489,428.1333215852131,27.04033624162973,-73.99483016824742,40.69546550215201
Brooklyn Heights,BK0201,2005,620.0396825396825,63,285.59771521827827,117.10246598639455,543.9020113043126,13.998416930429581,-73.99483016824742,40.69546550215201
Brooklyn Heights,BK0201,2006,790.0650813039164,62,319.9301276108415,146.94925957862287,620.0396825396825,27.421696312695637,-73.99483016824742,40.69546550215201
Brooklyn Heights,BK0201,2007,713.9832793959008,297,363.8791017154246,96.21442287561729,790.0650813039164,-9.62981451888126,-73.99483016824742,40.69546550215201
Brooklyn Heights,BK0201,2008,836.6828840760718,124,364.7209496043315,129.40357141089632,713.9832793959008,17.185221029823943,-73.99483016824742,40.69546550215201
Brooklyn Heights,BK0201,2009,703.7037037037037,53,315.0431111065702,123.36743096269784,836.6828840760718,-15.893617869237723,-73.99483016824742,40.69546550215201
Brooklyn Heights,BK0201,2010,728.2616786652347,178,331.20603015075375,119.88176916155624,703.7037037037037,3.4898174945333595,-73.99483016824742,40.69546550215201
Brooklyn Heights,BK0201,2011,757.3954049310403,136,327.76517308054713,131.07867068747814,728.2616786652347,4.000447520347648,-73.99483016824742,40.69546550215201
Brooklyn Heights,BK0201,2012,854.0073349679626,190,337.05357142857144,153.37436163287896,757.3954049310403,12.755811483397988,-73.99483016824742,40.69546550215201
Brooklyn Heights,BK0201,2013,913.928415061296,181,346.18410700236035,164.00068535066077,854.0073349679626,7.0164596531927135,-73.99483016824742,40.69546550215201
Brooklyn Heights,BK0201,2014,985.1929263722643,150,352.1666317379394,179.75192354549478,913.928415061296,7.797603196984376,-73.99483016824742,40.69546550215201
Brooklyn Heights,BK0201,2015,1140.1326699834162,113,378.1408590172051,201.51004388857672,985.1929263722643,15.726842881594797,-73.99483016824742,40.69546550215201
Brooklyn Heights,BK0201,2016,1323.1197771587745,133,412.8122109158187,220.51372080865775,1140.1326699834162,16.049632818435057,-73.99483016824742,40.69546550215201
Brooklyn Heights,BK0201,2017,1330.150068212824,137,453.2408424405514,193.47533224287724,1323.1197771587745,0.5313419975586873,-73.99483016824742,40.69546550215201
Brooklyn Heights,BK0201,2018,1292.6299106253769,126,468.4992756435464,175.908625226747,1330.150068212824,-2.820746206317818,-73.99483016824742,40.69546550215201
Brooklyn Heights,BK0201,2019,1135.641443452574,84,484.8484848484849,134.2260477120934,1292.6299106253769,-12.14488894944814,-73.99483016824742,40.69546550215201
Brooklyn Heights,BK0201,2020,1328.473037109375,101,510.948905109489,160.00115154854913,1135.641443452574,16.979971519052235,-73.99483016824742,40.69546550215201
Brooklyn Heights,BK0201,2021,1425.7124574404636,254,583.6909871244635,144.2580901350206,1328.473037109375,7.319638232377828,-73.99483016824742,40.69546550215201
Brooklyn Heights,BK0201,2022,1462.5845523633652,198,614.297462406015,138.09060624064267,1425.7124574404636,2.586222399227466,-73.99483016824742,40.69546550215201
Brooklyn Heights,BK0201,2023,1440.023022902504,120,588.8157894736842,144.56256925271578,1462.5845523633652,-1.5425794990384984,-73.99483016824742,40.69546550215201
Brooklyn Heights,BK0201,2024,1471.6187806587243,131,610.3286384976526,141.11907713869866,1440.023022902504,2.194114764397035,-73.99483016824742,40.69546550215201
Brooklyn Heights,BK0201,2025,1491.8950908846705,96,643.3739350912779,131.8861566365771,1471.6187806587243,1.3778235567821533,-73.99483016824742,40.69546550215201
Downtown Brooklyn-DUMBO-Boerum Hill,BK0202,2003,483.2599494005076,192,217.5,122.18848248299199,,,-73.98583046389655,40.69490000994833
Downtown Brooklyn-DUMBO-Boerum Hill,BK0202,2004,370.6871970345025,193,242.06349206349208,53.136350250319055,483.2599494005076,-23.294451051789736,-73.98583046389655,40.69490000994833
Downtown Brooklyn-DUMBO-Boerum Hill,BK0202,2005,633.7655601659751,353,285.59771521827827,121.90848399525784,370.6871970345025,70.97044765400571,-73.98583046389655,40.69490000994833
Downtown Brooklyn-DUMBO-Boerum Hill,BK0202,2006,749.0229399372918,306,319.9301276108415,134.12078928946408,633.7655601659751,18.18612228489226,-73.98583046389655,40.69490000994833
Downtown Brooklyn-DUMBO-Boerum Hill,BK0202,2007,714.5459157784246,642,363.8791017154246,96.36904466617118,749.0229399372918,-4.602933010536843,-73.98583046389655,40.69490000994833
Downtown Brooklyn-DUMBO-Boerum Hill,BK0202,2008,699.0800603415764,354,364.7209496043315,91.67532358642279,714.5459157784246,-2.164431297602439,-73.98583046389655,40.69490000994833
Downtown Brooklyn-DUMBO-Boerum Hill,BK0202,2009,640.5775938979677,136,315.0431111065702,103.33013842073137,699.0800603415764,-8.368493075746414,-73.98583046389655,40.69490000994833
Downtown Brooklyn-DUMBO-Boerum Hill,BK0202,2010,606.3720071047958,435,331.20603015075375,83.08000214512876,640.5775938979677,-5.339803814402582,-73.98583046389655,40.69490000994833
Downtown Brooklyn-DUMBO-Boerum Hill,BK0202,2011,643.1535269709543,421,327.76517308054713,96.22387605314663,606.3720071047958,6.065834081255963,-73.98583046389655,40.69490000994833
Downtown Brooklyn-DUMBO-Boerum Hill,BK0202,2012,712.5957306338029,485,337.05357142857144,111.4191306781084,643.1535269709543,10.797142634030003,-73.98583046389655,40.69490000994833
Downtown Brooklyn-DUMBO-Boerum Hill,BK0202,2013,829.9969308784048,380,346.18410700236035,139.75593162419375,712.5957306338029,16.475147857001886,-73.98583046389655,40.69490000994833
Downtown Brooklyn-DUMBO-Boerum Hill,BK0202,2014,1014.9513637019045,288,352.1666317379394,188.20202490313406,829.9969308784048,22.283749004681038,-73.98583046389655,40.69490000994833
Downtown Brooklyn-DUMBO-Boerum Hill,BK0202,2015,1162.4108422939069,351,378.1408590172051,207.40154484099747,1014.9513637019045,14.528723628111884,-73.98583046389655,40.69490000994833
Downtown Brooklyn-DUMBO-Boerum Hill,BK0202,2016,1164.6335316060085,344,412.8122109158187,182.1218706254555,1162.4108422939069,0.1912137457110627,-73.98583046389655,40.69490000994833
Downtown Brooklyn-DUMBO-Boerum Hill,BK0202,2017,1226.8699486224198,528,453.2408424405514,170.68830382013513,1164.6335316060085,5.343862711095767,-73.98583046389655,40.69490000994833
Downtown Brooklyn-DUMBO-Boerum Hill,BK0202,2018,1312.371780784334,322,468.4992756435464,180.12247809382757,1226.8699486224198,6.96910314397376,-73.98583046389655,40.69490000994833
Downtown Brooklyn-DUMBO-Boerum Hill,BK0202,2019,1224.5081611121454,276,484.8484848484849,152.55480822938,1312.371780784334,-6.695025065205019,-73.98583046389655,40.69490000994833
Downtown Brooklyn-DUMBO-Boerum Hill,BK0202,2020,1280.290461336028,318,510.948905109489,150.5711331471941,1224.5081611121454,4.555486194001274,-73.98583046389655,40.69490000994833
Downtown Brooklyn-DUMBO-Boerum Hill,BK0202,2021,1316.1290322580646,781,583.6909871244635,125.48387096774196,1280.290461336028,2.7992531385915127,-73.98583046389655,40.69490000994833
Downtown Brooklyn-DUMBO-Boerum Hill,BK0202,2022,1445.086705202312,681,614.297462406015,135.24217396932588,1316.1290322580646,9.798254561940366,-73.98583046389655,40.69490000994833
Downtown Brooklyn-DUMBO-Boerum Hill,BK0202,2023,1434.2789604081295,360,588.8157894736842,143.58704132071028,1445.086705202312,-0.7478959397574327,-73.98583046389655,40.69490000994833
Downtown Brooklyn-DUMBO-Boerum Hill,BK0202,2024,1415.8977998580554,323,610.3286384976526,131.98940874597366,1434.2789604081295,-1.2815610531471298,-73.98583046389655,40.69490000994833
Downtown Brooklyn-DUMBO-Boerum Hill,BK0202,2025,1483.4955046334373,352,643.3739350912779,130.58060386343882,1415.8977998580554,4.774193785890388,-73.98583046389655,40.69490000994833
Fort Greene,BK0203,2003,186.213125,120,217.5,-14.384770114942533,,,-73.97436137362695,40.69116938910561
Fort Greene,BK0203,2004,271.99381078691425,90,242.06349206349208,12.364656259512111,186.213125,46.06586446949659,-73.97436137362695,40.69116938910561
Fort Greene,BK0203,2005,403.84615384615387,101,285.59771521827827,41.40384615384615,271.99381078691425,48.476229175132055,-73.97436137362695,40.69116938910561
Fort Greene,BK0203,2006,490.906309892378,108,319.9301276108415,53.44172602885011,403.84615384615387,21.557752925731684,-73.97436137362695,40.69116938910561
Fort Greene,BK0203,2007,535.4924557885481,90,363.8791017154246,47.16219020660755,490.906309892378,9.082414505110927,-73.97436137362695,40.69116938910561
Fort Greene,BK0203,2008,752.326385199241,195,364.7209496043315,106.27451919485414,535.4924557885481,40.492434032780274,-73.97436137362695,40.69116938910561
Fort Greene,BK0203,2009,355.0334609594869,186,315.0431111065702,12.693611903606758,752.326385199241,-52.80858574892834,-73.97436137362695,40.69116938910561
Fort Greene,BK0203,2010,511.9838523644752,194,331.20603015075375,54.58168202174263,355.0334609594869,44.20721105577652,-73.97436137362695,40.69116938910561
Fort Greene,BK0203,2011,523.3315112879008,108,327.76517308054713,59.66660105138561,511.9838523644752,2.216409535382633,-73.97436137362695,40.69116938910561
Fort Greene,BK0203,2012,573.6889692585895,88,337.05357142857144,70.20705842903847,523.3315112879008,9.622477699988062,-73.97436137362695,40.69116938910561
Fort Greene,BK0203,2013,674.9370878565787,138,346.18410700236035,94.96478151493444,573.6889692585895,17.64860822212389,-73.97436137362695,40.69116938910561
Fort Greene,BK0203,2014,758.8898525585429,105,352.1666317379394,115.49169744260772,674.9370878565787,12.438605940084859,-73.97436137362695,40.69116938910561
Fort Greene,BK0203,2015,916.3302913302913,104,378.1408590172051,142.32512025065213,758.8898525585429,20.74615153186582,-73.97436137362695,40.69116938910561
Fort Greene,BK0203,2016,717.1563930586607,192,412.8122109158187,73.72460748378984,916.3302913302913,-21.736037775470457,-73.97436137362695,40.69116938910561
Fort Greene,BK0203,2017,956.4270152505446,99,453.2408424405514,111.01960055067033,717.1563930586607,33.36379965482822,-73.97436137362695,40.69116938910561
Fort Greene,BK0203,2018,944.2934782608696,105,468.4992756435464,101.55708393865844,956.4270152505446,-1.2686317718134006,-73.97436137362695,40.69116938910561
Fort Greene,BK0203,2019,1005.9945370202863,114,484.8484848484849,107.48637326043405,944.2934782608696,6.534097733371322,-73.97436137362695,40.69116938910561
Fort Greene,BK0203,2020,874.5475230116867,68,510.948905109489,71.16144378943015,1005.9945370202863,-13.06637453498904,-73.97436137362695,40.69116938910561
Fort Greene,BK0203,2021,988.9434889434888,113,583.6909871244635,69.42928891458301,874.5475230116867,13.080588867012702,-73.97436137362695,40.69116938910561
Fort Greene,BK0203,2022,1070.1598579040854,115,614.297462406015,74.20873817589884,988.9434889434888,8.2124378054566,-73.97436137362695,40.69116938910561
Fort Greene,BK0203,2023,984.5288326300983,71,588.8157894736842,67.20489671483236,1070.1598579040854,-8.001704104440611,-73.97436137362695,40.69116938910561
Fort Greene,BK0203,2024,1027.8495303468208,76,610.3286384976526,68.40919227990216,984.5288326300983,4.40014515379852,-73.97436137362695,40.69116938910561
Fort Greene,BK0203,2025,1222.2222222222222,129,643.3739350912779,89.97073949674709,1027.8495303468208,18.91061737507585,-73.97436137362695,40.69116938910561
Clinton Hill,BK0204,2003,242.61603375527423,97,217.5,11.547601726562865,,,-73.96446222319263,40.68899863795077
Clinton Hill,BK0204,2004,260.5263157894737,109,242.06349206349208,7.627264883520277,242.61603375527423,7.382151029748303,-73.96446222319263,40.68899863795077
Clinton Hill,BK0204,2005,296.5034965034965,137,285.59771521827827,3.818581418581405,260.5263157894737,13.809422900331974,-73.96446222319263,40.68899863795077
Clinton Hill,BK0204,2006,437.379427279578,91,319.9301276108415,36.71092202094833,296.5034965034965,47.5124011815558,-73.96446222319263,40.68899863795077
Clinton Hill,BK0204,2007,464.667458432304,145,363.8791017154246,27.69830865299375,437.379427279578,6.238983694878532,-73.96446222319263,40.68899863795077
Clinton Hill,BK0204,2008,472.80662526920315,106,364.7209496043315,29.63517060978501,464.667458432304,1.7516111122476925,-73.96446222319263,40.68899863795077
Clinton Hill,BK0204,2009,459.3519913885899,97,315.0431111065702,45.80607389736069,472.80662526920315,-2.8456948700650173,-73.96446222319263,40.68899863795077
Clinton Hill,BK0204,2010,416.3468917881811,97,331.20603015075375,25.7063138610955,459.3519913885899,-9.362123253326345,-73.96446222319263,40.68899863795077
Clinton Hill,BK0204,2011,446.6501240694789,182,327.76517308054713,36.27137986369169,416.3468917881811,7.27836159677992,-73.96446222319263,40.68899863795077
Clinton Hill,BK0204,2012,485.3128991060025,135,337.05357142857144,43.986873377145095,446.6501240694789,8.656165744288328,-73.96446222319263,40.68899863795077
Clinton Hill,BK0204,2013,538.5672503048902,136,346.18410700236035,55.57249434943533,485.3128991060025,10.973199207560286,-73.96446222319263,40.68899863795077
Clinton Hill,BK0204,2014,612.1622023809524,155,352.1666317379394,73.82742918031077,538.5672503048902,13.664951226499406,-73.96446222319263,40.68899863795077
Clinton Hill,BK0204,2015,760.0950118764846,167,378.1408590172051,101.00843210966019,612.1622023809524,24.16562292153292,-73.96446222319263,40.68899863795077
Clinton Hill,BK0204,2016,692.6999007936508,126,412.8122109158187,67.80024487572808,760.0950118764846,-8.866669301835314,-73.96446222319263,40.68899863795077
Clinton Hill,BK0204,2017,978.1822112801146,172,453.2408424405514,115.81952015024248,692.6999007936508,41.2129856174913,-73.96446222319263,40.68899863795077
Clinton Hill,BK0204,2018,929.0382819794584,117,468.4992756435464,98.3009004023112,978.1822112801146,-5.024005623281909,-73.96446222319263,40.68899863795077
Clinton Hill,BK0204,2019,769.6280991735537,112,484.8484848484849,58.73579545454544,929.0382819794584,-17.15862369699738,-73.96446222319263,40.68899863795077
Clinton Hill,BK0204,2020,912.1695477770879,98,510.948905109489,78.5246114935158,769.6280991735537,18.52082177828472,-73.96446222319263,40.68899863795077
Clinton Hill,BK0204,2021,984.1710350498508,190,583.6909871244635,68.61165526957004,912.1695477770879,7.893432470775524,-73.96446222319263,40.68899863795077
Clinton Hill,BK0204,2022,1147.9596505849004,218,614.297462406015,86.8735784922005,984.1710350498508,16.642291807211457,-73.96446222319263,40.68899863795077
Clinton Hill,BK0204,2023,1109.1144140877714,132,588.8157894736842,88.363565297588,1147.9596505849004,-3.383850336319474,-73.96446222319263,40.68899863795077
Clinton Hill,BK0204,2024,1112.0416899311372,120,610.3286384976526,82.20375381179402,1109.1144140877714,0.2639291137311061,-73.96446222319263,40.68899863795077
Clinton Hill,BK0204,2025,1159.043887465264,142,643.3739350912779,80.15089269987698,1112.0416899311372,4.226657863612787,-73.96446222319263,40.68899863795077
Bedford-Stuyvesant (West),BK0301,2003,158.33333333333334,444,217.5,-27.203065134099614,,,-73.95100175939113,40.688956894289475
Bedford-Stuyvesant (West),BK0301,2004,184.8148148148148,572,242.06349206349208,-23.650273224043723,158.33333333333334,16.725146198830398,-73.95100175939113,40.688956894289475
Bedford-Stuyvesant (West),BK0301,2005,209.65773809523807,642,285.59771521827827,-26.5898405612245,184.8148148148148,13.442062696822207,-73.95100175939113,40.688956894289475
Bedford-Stuyvesant (West),BK0301,2006,241.01193243452659,706,319.9301276108415,-24.66732213238445,209.65773809523807,14.954942576479437,-73.95100175939113,40.688956894289475
Bedford-Stuyvesant (West),BK0301,2007,257.09584278155705,478,363.8791017154246,-29.345807008553766,241.01193243452659,6.673491301680605,-73.95100175939113,40.688956894289475
Bedford-Stuyvesant (West),BK0301,2008,253.33333333333331,375,364.7209496043315,-30.540504018712756,257.09584278155705,-1.4634656894940834,-73.95100175939113,40.688956894289475
Bedford-Stuyvesant (West),BK0301,2009,241.163112164297,256,315.0431111065702,-23.45075843200447,253.33333333333331,-4.804034671988023,-73.95100175939113,40.688956894289475
Bedford-Stuyvesant (West),BK0301,2010,221.02166212534055,311,331.20603015075375,-33.267621357999126,241.163112164297,-8.351795537136162,-73.95100175939113,40.688956894289475
Bedford-Stuyvesant (West),BK0301,2011,220.87267148805614,298,327.76517308054713,-32.61252578724175,221.02166212534055,-0.06740997052131531,-73.95100175939113,40.688956894289475
Bedford-Stuyvesant (West),BK0301,2012,219.16260045924224,368,337.05357142857144,-34.976923837257935,220.87267148805614,-0.7742338684513866,-73.95100175939113,40.688956894289475
Bedford-Stuyvesant (West),BK0301,2013,281.72194777699366,473,346.18410700236035,-18.62077372169115,219.16260045924224,28.54471848146628,-73.95100175939113,40.688956894289475
Bedford-Stuyvesant (West),BK0301,2014,319.97305490064,463,352.1666317379394,-9.141575020445385,281.72194777699366,13.5776099183885,-73.95100175939113,40.688956894289475
Bedford-Stuyvesant (West),BK0301,2015,410.0959096375205,378,378.1408590172051,8.450568051113844,319.97305490064,28.16576375934716,-73.95100175939113,40.688956894289475
Bedford-Stuyvesant (West),BK0301,2016,518.5416015930033,412,412.8122109158187,25.61198236908382,410.0959096375205,26.44398283595094,-73.95100175939113,40.688956894289475
Bedford-Stuyvesant (West),BK0301,2017,600.0,435,453.2408424405514,32.379949867094794,518.5416015930033,15.70913464932219,-73.95100175939113,40.688956894289475
Bedford-Stuyvesant (West),BK0301,2018,609.6309905906953,396,468.4992756435464,30.124211985874606,600.0,1.6051650984492196,-73.95100175939113,40.688956894289475
Bedford-Stuyvesant (West),BK0301,2019,610.95,460,484.8484848484849,26.008437500000003,609.6309905906953,0.21636193527935424,-73.95100175939113,40.688956894289475
Bedford-Stuyvesant (West),BK0301,2020,627.8638358900866,306,510.948905109489,22.881922167059834,610.95,2.768448463881922,-73.95100175939113,40.688956894289475
Bedford-Stuyvesant (West),BK0301,2021,687.0374654696133,649,583.6909871244635,17.70568342236757,627.8638358900866,9.424595938964943,-73.95100175939113,40.688956894289475
Bedford-Stuyvesant (West),BK0301,2022,684.7333424022108,468,614.297462406015,11.466086758737378,687.0374654696133,-0.3353708033705969,-73.95100175939113,40.688956894289475
Bedford-Stuyvesant (West),BK0301,2023,710.192481884058,329,588.8157894736842,20.613695247348407,684.7333424022108,3.718110088305371,-73.95100175939113,40.688956894289475
Bedford-Stuyvesant (West),BK0301,2024,749.2507492507492,355,610.3286384976526,22.761853531084288,710.192481884058,5.499673449523737,-73.95100175939113,40.688956894289475
Bedford-Stuyvesant (West),BK0301,2025,812.5205187130664,336,643.3739350912779,26.290555833255986,749.2507492507492,8.444405230903934,-73.95100175939113,40.688956894289475
Bedford-Stuyvesant (East),BK0302,2003,141.21323529411765,466,217.5,-35.074374577417174,,,-73.93179230147459,40.68662136129169
Bedford-Stuyvesant (East),BK0302,2004,164.44573765748706,634,242.06349206349208,-32.065039525103714,141.21323529411765,16.452071447113976,-73.93179230147459,40.68662136129169
Bedford-Stuyvesant (East),BK0302,2005,200.55153748180493,738,285.59771521827827,-29.77831166172802,164.44573765748706,21.956056957535868,-73.93179230147459,40.68662136129169
Bedford-Stuyvesant (East),BK0302,2006,227.77777777777777,705,319.9301276108415,-28.803898689140194,200.55153748180493,13.5756826588492,-73.93179230147459,40.68662136129169
Bedford-Stuyvesant (East),BK0302,2007,237.34177215189877,443,363.8791017154246,-34.77455258271075,227.77777777777777,4.198826798394583,-73.93179230147459,40.68662136129169
Bedford-Stuyvesant (East),BK0302,2008,211.6560340244551,324,364.7209496043315,-41.967678507617755,237.34177215189877,-10.822257664362931,-73.93179230147459,40.68662136129169
Bedford-Stuyvesant (East),BK0302,2009,179.57236842105263,199,315.0431111065702,-43.00069987554549,211.6560340244551,-15.158398744113038,-73.93179230147459,40.68662136129169
Bedford-Stuyvesant (East),BK0302,2010,168.57142857142858,267,331.20603015075375,-49.10375620434792,179.57236842105263,-6.126187423128247,-73.93179230147459,40.68662136129169
Bedford-Stuyvesant (East),BK0302,2011,182.76014109347443,295,327.76517308054713,-44.24052458783906,168.57142857142858,8.417032852061094,-73.93179230147459,40.68662136129169
Bedford-Stuyvesant (East),BK0302,2012,185.62535370684776,357,337.05357142857144,-44.9270473770412,182.76014109347443,1.567744802685335,-73.93179230147459,40.68662136129169
Bedford-Stuyvesant (East),BK0302,2013,220.8961474036851,549,346.18410700236035,-36.191135602253695,185.62535370684776,19.00106477509499,-73.93179230147459,40.68662136129169
Bedford-Stuyvesant (East),BK0302,2014,274.99114058811665,524,352.1666317379394,-21.914481439925847,220.8961474036851,24.488880326904752,-73.93179230147459,40.68662136129169
Bedford-Stuyvesant (East),BK0302,2015,335.9261700725116,472,378.1408590172051,-11.163747037125338,274.99114058811665,22.158906412066482,-73.93179230147459,40.68662136129169
Bedford-Stuyvesant (East),BK0302,2016,404.55513483150605,382,412.8122109158187,-2.0002015119645864,335.9261700725116,20.429776204747764,-73.93179230147459,40.68662136129169
Bedford-Stuyvesant (East),BK0302,2017,442.90834613415257,359,453.2408424405514,-2.2796922384050275,404.55513483150605,9.48034223286285,-73.93179230147459,40.68662136129169
Bedford-Stuyvesant (East),BK0302,2018,474.6428571428572,365,468.4992756435464,1.3113321233787996,442.90834613415257,7.165028901734127,-73.93179230147459,40.68662136129169
Bedford-Stuyvesant (East),BK0302,2019,496.24263445737597,344,484.8484848484849,2.3500433568337886,474.6428571428572,4.5507431512906305,-73.93179230147459,40.68662136129169
Bedford-Stuyvesant (East),BK0302,2020,522.3525071644233,268,510.948905109489,2.23184783075143,496.24263445737597,5.2615133997097105,-73.93179230147459,40.68662136129169
Bedford-Stuyvesant (East),BK0302,2021,573.7750641046805,412,583.6909871244635,-1.6988309291245889,522.3525071644233,9.844416602765667,-73.93179230147459,40.68662136129169
Bedford-Stuyvesant (East),BK0302,2022,596.3590557480275,416,614.297462406015,-2.9201498876014114,573.7750641046805,3.936035749233379,-73.93179230147459,40.68662136129169
Bedford-Stuyvesant (East),BK0302,2023,565.843621399177,287,588.8157894736842,-3.901418488631388,596.3590557480275,-5.1169566479667585,-73.93179230147459,40.68662136129169
Bedford-Stuyvesant (East),BK0302,2024,531.5970578370891,296,610.3286384976526,-12.899866677461558,565.843621399177,-6.052301778608986,-73.93179230147459,40.68662136129169
Bedford-Stuyvesant (East),BK0302,2025,653.0219951318609,358,643.3739350912779,1.4996038095970112,531.5970578370891,22.84153674379122,-73.93179230147459,40.68662136129169
Bushwick (West),BK0401,2003,136.9047619047619,127,217.5,-37.055281882868094,,,-73.92527060338622,40.70099603398643
Bushwick (West),BK0401,2004,138.0,175,242.06349206349208,-42.990163934426235,136.9047619047619,0.800000000000005,-73.92527060338622,40.70099603398643
Bushwick (West),BK0401,2005,162.36327739387957,314,285.59771521827827,-43.149658158228746,138.0,17.654548836144617,-73.92527060338622,40.70099603398643
Bushwick (West),BK0401,2006,199.7150997150997,296,319.9301276108415,-37.57540085189153,162.36327739387957,23.005092605150967,-73.92527060338622,40.70099603398643
Bushwick (West),BK0401,2007,191.1764705882353,194,363.8791017154246,-47.46154157054427,199.7150997150997,-4.275404883779467,-73.92527060338622,40.70099603398643
Bushwick (West),BK0401,2008,171.42857142857142,199,364.7209496043315,-52.99733354649735,191.1764705882353,-10.329670329670341,-73.92527060338622,40.70099603398643
Bushwick (West),BK0401,2009,171.47727272727275,94,315.0431111065702,-45.570219858174646,171.42857142857142,0.028409090909110077,-73.92527060338622,40.70099603398643
Bushwick (West),BK0401,2010,192.2206632653061,109,331.20603015075375,-41.96341679594005,171.47727272727275,12.096874535102277,-73.92527060338622,40.70099603398643
Bushwick (West),BK0401,2011,153.02025310270693,86,327.76517308054713,-53.314059677382886,192.2206632653061,-20.393442357700174,-73.92527060338622,40.70099603398643
Bushwick (West),BK0401,2012,157.7692867540029,136,337.05357142857144,-53.191628830600465,153.02025310270693,3.103532738315647,-73.92527060338622,40.70099603398643
Bushwick (West),BK0401,2013,182.7956989247312,181,346.18410700236035,-47.196969696969695,157.7692867540029,15.862664201398074,-73.92527060338622,40.70099603398643
Bushwick (West),BK0401,2014,241.90177638453503,196,352.1666317379394,-31.310421095050433,182.7956989247312,32.334501198598566,-73.92527060338622,40.70099603398643
Bushwick (West),BK0401,2015,338.62433862433863,207,378.1408590172051,-10.450211726807474,241.90177638453503,39.984229833041915,-73.92527060338622,40.70099603398643
Bushwick (West),BK0401,2016,336.55253146034534,167,412.8122109158187,-18.473213107309064,338.62433862433863,-0.6118305531167709,-73.92527060338622,40.70099603398643
Bushwick (West),BK0401,2017,408.2055674518201,117,453.2408424405514,-9.936279075431786,336.55253146034534,21.290297737640813,-73.92527060338622,40.70099603398643
Bushwick (West),BK0401,2018,503.21484071484065,114,468.4992756435464,7.409950639434344,408.2055674518201,23.2748597369962,-73.92527060338622,40.70099603398643
Bushwick (West),BK0401,2019,517.4418604651163,143,484.8484848484849,6.722383720930231,503.21484071484065,2.8272257889027053,-73.92527060338622,40.70099603398643
Bushwick (West),BK0401,2020,596.800184737569,121,510.948905109489,16.80232187006709,517.4418604651163,15.33666491557513,-73.92527060338622,40.70099603398643
Bushwick (West),BK0401,2021,597.9412655161974,185,583.6909871244635,2.441407989172058,596.800184737569,0.1911998031854119,-73.92527060338622,40.70099603398643
Bushwick (West),BK0401,2022,528.774154589372,168,614.297462406015,-13.92213268823779,597.9412655161974,-11.567542652724274,-73.92527060338622,40.70099603398643
Bushwick (West),BK0401,2023,473.93093214622957,110,588.8157894736842,-19.51117130030514,528.774154589372,-10.371766843584059,-73.92527060338622,40.70099603398643
Bushwick (West),BK0401,2024,503.6630036630037,103,610.3286384976526,-17.476754015215555,473.93093214622957,6.273503057107992,-73.92527060338622,40.70099603398643
Bushwick (West),BK0401,2025,569.6969696969697,127,643.3739350912779,-11.451655308954239,503.6630036630037,13.1107438016529,-73.92527060338622,40.70099603398643
Bushwick (East),BK0402,2003,131.44058885383808,299,217.5,-39.567545354557204,,,-73.91296594157205,40.691244889536755
Bushwick (East),BK0402,2004,146.11111111111111,519,242.06349206349208,-39.63934426229508,131.44058885383808,11.161333333333323,-73.91296594157205,40.691244889536755
Bushwick (East),BK0402,2005,173.04462055301917,540,285.59771521827827,-39.40966214636429,146.11111111111111,18.43358060662909,-73.91296594157205,40.691244889536755
Bushwick (East),BK0402,2006,205.7057057057057,577,319.9301276108415,-35.70292762302048,173.04462055301917,18.874371851784602,-73.91296594157205,40.691244889536755
Bushwick (East),BK0402,2007,208.85547201336675,307,363.8791017154246,-42.603059359890274,205.7057057057057,1.5312002634323079,-73.91296594157205,40.691244889536755
Bushwick (East),BK0402,2008,187.87878787878788,211,364.7209496043315,-48.48697666459558,208.85547201336675,-10.043636363636367,-73.91296594157205,40.691244889536755
Bushwick (East),BK0402,2009,190.74074074074076,115,315.0431111065702,-39.45567002853189,187.87878787878788,1.5232974910394395,-73.91296594157205,40.691244889536755
Bushwick (East),BK0402,2010,180.22463709350416,160,331.20603015075375,-45.58533943012088,190.74074074074076,-5.51329705777453,-73.91296594157205,40.691244889536755
Bushwick (East),BK0402,2011,149.70760233918128,144,327.76517308054713,-54.32473775900798,180.22463709350416,-16.932776365358986,-73.91296594157205,40.691244889536755
Bushwick (East),BK0402,2012,164.0625,251,337.05357142857144,-51.32450331125828,149.70760233918128,9.588623046875005,-73.91296594157205,40.691244889536755
Bushwick (East),BK0402,2013,177.94444444444446,372,346.18410700236035,-48.598320707070705,164.0625,8.46137566137567,-73.91296594157205,40.691244889536755
Bushwick (East),BK0402,2014,219.46969696969697,344,352.1666317379394,-37.680155588104455,177.94444444444446,23.336076973292073,-73.91296594157205,40.691244889536755
Bushwick (East),BK0402,2015,282.0846688034188,344,378.1408590172051,-25.402224574048425,219.46969696969697,28.530121788233636,-73.91296594157205,40.691244889536755
Bushwick (East),BK0402,2016,324.02694735093837,316,412.8122109158187,-21.507421829386136,282.0846688034188,14.86868418813239,-73.91296594157205,40.691244889536755
Bushwick (East),BK0402,2017,345.23809523809524,281,453.2408424405514,-23.82899710028276,324.02694735093837,6.546106137334334,-73.91296594157205,40.691244889536755
Bushwick (East),BK0402,2018,442.5837320574163,283,468.4992756435464,-5.5316080372870715,345.23809523809524,28.19666721663092,-73.91296594157205,40.691244889536755
Bushwick (East),BK0402,2019,395.63706675971156,254,484.8484848484849,-18.399854980809497,442.5837320574163,-10.607408699697608,-73.91296594157205,40.691244889536755
Bushwick (East),BK0402,2020,495.91169459227365,202,510.948905109489,-2.9429969155121434,395.63706675971156,25.345104454902717,-73.91296594157205,40.691244889536755
Bushwick (East),BK0402,2021,506.4675407617114,274,583.6909871244635,-13.230193384206792,495.91169459227365,2.1285737530582964,-73.91296594157205,40.691244889536755
Bushwick (East),BK0402,2022,551.166636046298,361,614.297462406015,-10.276914723439184,506.4675407617114,8.825658445427822,-73.91296594157205,40.691244889536755
Bushwick (East),BK0402,2023,556.6878172588832,270,588.8157894736842,-5.4563707001673105,551.166636046298,1.0017263113367167,-73.91296594157205,40.691244889536755
Bushwick (East),BK0402,2024,545.9614734707673,228,610.3286384976526,-10.54631242363583,556.6878172588832,-1.9268148961714693,-73.91296594157205,40.691244889536755
Bushwick (East),BK0402,2025,581.7005321722303,226,643.3739350912779,-9.585934330755528,545.9614734707673,6.546077047206998,-73.91296594157205,40.691244889536755
Cypress Hills,BK0501,2003,151.02974828375287,351,217.5,-30.56103527183776,,,-73.88205982424893,40.68253453509657
Cypress Hills,BK0501,2004,176.58981748318922,404,242.06349206349208,-27.048140974157896,151.02974828375287,16.92386400023286,-73.88205982424893,40.68253453509657
Cypress Hills,BK0501,2005,216.1908148750254,454,285.59771521827827,-24.302330391616106,176.58981748318922,22.4254138524188,-73.88205982424893,40.68253453509657
Cypress Hills,BK0501,2006,259.48854337152216,456,319.9301276108415,-18.892120192206356,216.1908148750254,20.027552290566135,-73.88205982424893,40.68253453509657
Cypress Hills,BK0501,2007,258.81371075484304,227,363.8791017154246,-28.873708455713686,259.48854337152216,-0.2600625861593132,-73.88205982424893,40.68253453509657
Cypress Hills,BK0501,2008,229.37162422839504,124,364.7209496043315,-37.11037863955184,258.81371075484304,-11.375783161015194,-73.88205982424893,40.68253453509657
Cypress Hills,BK0501,2009,189.101733447002,102,315.0431111065702,-39.97591860276094,229.37162422839504,-17.556614039273924,-73.88205982424893,40.68253453509657
Cypress Hills,BK0501,2010,177.08333333333334,115,331.20603015075375,-46.53378344206746,189.101733447002,-6.35552085884869,-73.88205982424893,40.68253453509657
Cypress Hills,BK0501,2011,153.36432234126818,110,327.76517308054713,-53.20908536442356,177.08333333333334,-13.39426503081327,-73.88205982424893,40.68253453509657
Cypress Hills,BK0501,2012,160.8538785327721,145,337.05357142857144,-52.27646517703186,153.36432234126818,4.883506200899878,-73.88205982424893,40.68253453509657
Cypress Hills,BK0501,2013,195.5582745900142,158,346.18410700236035,-43.51032568092999,160.8538785327721,21.575106782502303,-73.88205982424893,40.68253453509657
Cypress Hills,BK0501,2014,203.687766940779,178,352.1666317379394,-42.16153701570715,195.5582745900142,4.157068969752461,-73.88205982424893,40.68253453509657
Cypress Hills,BK0501,2015,220.84475806451613,197,378.1408590172051,-41.59722420938704,203.687766940779,8.42318190307689,-73.88205982424893,40.68253453509657
Cypress Hills,BK0501,2016,249.10233393177737,207,412.8122109158187,-39.65722734336104,220.84475806451613,12.795221455519561,-73.88205982424893,40.68253453509657
Cypress Hills,BK0501,2017,285.7555945162783,204,453.2408424405514,-36.95281453948869,249.10233393177737,14.714137762570816,-73.88205982424893,40.68253453509657
Cypress Hills,BK0501,2018,294.9757093116266,178,468.4992756435464,-37.038171743928956,285.7555945162783,3.2265736777458183,-73.88205982424893,40.68253453509657
Cypress Hills,BK0501,2019,307.0388349514563,175,484.8484848484849,-36.67324029126215,294.9757093116266,4.089531869583755,-73.88205982424893,40.68253453509657
Cypress Hills,BK0501,2020,371.2316968130922,128,510.948905109489,-27.344653623723374,307.0388349514563,20.907082282208687,-73.88205982424893,40.68253453509657
Cypress Hills,BK0501,2021,381.4655172413793,153,583.6909871244635,-34.645981237322516,371.2316968130922,2.756720537643003,-73.88205982424893,40.68253453509657
Cypress Hills,BK0501,2022,402.6548672566372,133,614.297462406015,-34.452786817715086,381.4655172413793,5.554722263886817,-73.88205982424893,40.68253453509657
Cypress Hills,BK0501,2023,403.33695678204435,110,588.8157894736842,-31.50031571969749,402.6548672566372,0.16939805795825924,-73.88205982424893,40.68253453509657
Cypress Hills,BK0501,2024,432.14779602420055,101,610.3286384976526,-29.194245728342526,403.33695678204435,7.143119111131941,-73.88205982424893,40.68253453509657
Cypress Hills,BK0501,2025,387.624466571835,123,643.3739350912779,-39.751294631349765,432.14779602420055,-10.302801463292019,-73.88205982424893,40.68253453509657
East New York (North),BK0502,2003,145.3776397515528,284,217.5,-33.15970586135503,,,-73.88948369050759,40.6724846747486
East New York (North),BK0502,2004,168.26923076923077,389,242.06349206349208,-30.485498108448933,145.3776397515528,15.746294311009034,-73.88948369050759,40.6724846747486
East New York (North),BK0502,2005,212.8735878735879,466,285.59771521827827,-25.463833731690872,168.26923076923077,26.507732222017943,-73.88948369050759,40.6724846747486
East New York (North),BK0502,2006,238.2596685082873,465,319.9301276108415,-25.527592450404363,212.8735878735879,11.925425266837038,-73.88948369050759,40.6724846747486
East New York (North),BK0502,2007,255.73564593301433,282,363.8791017154246,-29.719611616218888,238.2596685082873,7.334845017682536,-73.88948369050759,40.6724846747486
East New York (North),BK0502,2008,211.29032258064515,174,364.7209496043315,-42.06795008351891,255.73564593301433,-17.37940097877903,-73.88948369050759,40.6724846747486
East New York (North),BK0502,2009,181.20704859210605,108,315.0431111065702,-42.481824803079476,211.29032258064515,-14.237885399155914,-73.88948369050759,40.6724846747486
East New York (North),BK0502,2010,196.67202133794694,116,331.20603015075375,-40.61943218593317,181.20704859210605,8.534421186149487,-73.88948369050759,40.6724846747486
East New York (North),BK0502,2011,181.19115867759422,108,327.76517308054713,-44.71921559736088,196.67202133794694,-7.871410765515821,-73.88948369050759,40.6724846747486
East New York (North),BK0502,2012,167.9369918699187,96,337.05357142857144,-50.17498519356055,181.19115867759422,-7.315018516582016,-73.88948369050759,40.6724846747486
East New York (North),BK0502,2013,179.11824712756567,150,346.18410700236035,-48.25925179565092,167.9369918699187,6.658006156444548,-73.88948369050759,40.6724846747486
East New York (North),BK0502,2014,183.57142857142858,170,352.1666317379394,-47.87370181396655,179.11824712756567,2.486168503363825,-73.88948369050759,40.6724846747486
East New York (North),BK0502,2015,200.16001400560225,205,378.1408590172051,-47.06734032238099,183.57142857142858,9.036583504997326,-73.88948369050759,40.6724846747486
East New York (North),BK0502,2016,238.60021208907744,213,412.8122109158187,-42.201270752203314,200.16001400560225,19.204733909740483,-73.88948369050759,40.6724846747486
East New York (North),BK0502,2017,268.4313789893617,206,453.2408424405514,-40.7751125110553,238.60021208907744,12.502573505319129,-73.88948369050759,40.6724846747486
East New York (North),BK0502,2018,283.3333333333333,221,468.4992756435464,-39.52320781197856,268.4313789893617,5.551494910944152,-73.88948369050759,40.6724846747486
East New York (North),BK0502,2019,305.25379194740094,212,484.8484848484849,-37.04140541084856,283.3333333333333,7.736632452023868,-73.88948369050759,40.6724846747486
East New York (North),BK0502,2020,343.50843203965053,122,510.948905109489,-32.77049258652553,305.25379194740094,12.532076947578538,-73.88948369050759,40.6724846747486
East New York (North),BK0502,2021,387.5598086124402,135,583.6909871244635,-33.6018857303687,343.50843203965053,12.823957860721416,-73.88948369050759,40.6724846747486
East New York (North),BK0502,2022,369.02777777777777,132,614.297462406015,-39.9268594839365,387.5598086124402,-4.7817215363511645,-73.88948369050759,40.6724846747486
East New York (North),BK0502,2023,368.3772042184364,122,588.8157894736842,-37.43761447910353,369.02777777777777,-0.17629392650574874,-73.88948369050759,40.6724846747486
East New York (North),BK0502,2024,380.7850029291154,137,610.3286384976526,-37.609841827768015,368.3772042184364,3.368231955884425,-73.88948369050759,40.6724846747486
East New York (North),BK0502,2025,394.18632477148566,146,643.3739350912779,-38.73138104117305,380.7850029291154,3.519393289988614,-73.88948369050759,40.6724846747486
East New York-New Lots,BK0503,2003,151.0154710701485,242,217.5,-30.567599507977704,,,-73.8880449351607,40.65972775174474
East New York-New Lots,BK0503,2004,164.3356075373619,302,242.06349206349208,-32.11053590259804,151.0154710701485,8.820378715387415,-73.8880449351607,40.65972775174474
East New York-New Lots,BK0503,2005,199.07407407407408,367,285.59771521827827,-30.295634920634924,164.3356075373619,21.138733751791637,-73.8880449351607,40.65972775174474
East New York-New Lots,BK0503,2006,225.4237288135593,459,319.9301276108415,-29.539699653493855,199.07407407407408,13.236105636578626,-73.8880449351607,40.65972775174474
East New York-New Lots,BK0503,2007,235.2941176470588,211,363.8791017154246,-35.33728193297757,225.4237288135593,4.378593542680232,-73.8880449351607,40.65972775174474
East New York-New Lots,BK0503,2008,261.1099537037037,305,364.7209496043315,-28.408292973855897,235.2941176470588,10.971730324074077,-73.8880449351607,40.65972775174474
East New York-New Lots,BK0503,2009,268.4563758389262,153,315.0431111065702,-14.787415952061572,261.1099537037037,2.813535842283094,-73.8880449351607,40.65972775174474
East New York-New Lots,BK0503,2010,267.82198660714283,234,331.20603015075375,-19.137345873431304,268.4563758389262,-0.23630998883930132,-73.8880449351607,40.65972775174474
East New York-New Lots,BK0503,2011,241.962225383278,148,327.76517308054713,-26.178177165938056,267.82198660714283,-9.65557815154193,-73.8880449351607,40.65972775174474
East New York-New Lots,BK0503,2012,248.5224586288416,151,337.05357142857144,-26.266184459787397,241.962225383278,2.7112633945947278,-73.8880449351607,40.65972775174474
East New York-New Lots,BK0503,2013,263.87340153452686,242,346.18410700236035,-23.776569693094626,248.5224586288416,6.17688356633043,-73.8880449351607,40.65972775174474
East New York-New Lots,BK0503,2014,240.0,231,352.1666317379394,-31.850442838493244,263.87340153452686,-9.047293662678282,-73.8880449351607,40.65972775174474
East New York-New Lots,BK0503,2015,204.3184437873701,318,378.1408590172051,-45.96763642035474,240.0,-14.867315088595797,-73.8880449351607,40.65972775174474
East New York-New Lots,BK0503,2016,251.4830842391304,199,412.8122109158187,-39.080512254901976,204.3184437873701,23.08388786518145,-73.8880449351607,40.65972775174474
East New York-New Lots,BK0503,2017,276.8828537810682,242,453.2408424405514,-38.91043616234009,251.4830842391304,10.099991265331257,-73.8880449351607,40.65972775174474
East New York-New Lots,BK0503,2018,312.5,245,468.4992756435464,-33.29765567497635,276.8828537810682,12.86361568892754,-73.8880449351607,40.65972775174474
East New York-New Lots,BK0503,2019,311.12020481826573,222,484.8484848484849,-35.831457756232695,312.5,-0.4415344581549653,-73.8880449351607,40.65972775174474
East New York-New Lots,BK0503,2020,368.71656084656087,148,510.948905109489,-27.836901662887364,311.12020481826573,18.51257331935058,-73.8880449351607,40.65972775174474
East New York-New Lots,BK0503,2021,188.4508582844177,421,583.6909871244635,-67.71393383803726,368.71656084656087,-48.890047723448916,-73.8880449351607,40.65972775174474
East New York-New Lots,BK0503,2022,384.61538461538464,167,614.297462406015,-37.38939062047172,188.4508582844177,104.09319868148728,-73.8880449351607,40.65972775174474
East New York-New Lots,BK0503,2023,362.7232142857143,151,588.8157894736842,-38.39784517158819,384.61538461538464,-5.691964285714294,-73.8880449351607,40.65972775174474
East New York-New Lots,BK0503,2024,401.46592304543594,140,610.3286384976526,-34.221352608709346,362.7232142857143,10.68106678421865,-73.8880449351607,40.65972775174474
East New York-New Lots,BK0503,2025,368.3333333333333,169,643.3739350912779,-42.74972714257122,401.46592304543594,-8.252902129467374,-73.8880449351607,40.65972775174474
Spring Creek-Starrett City,BK0504,2008,125.0719512195122,20,364.7209496043315,-65.70749463248634,,,-73.87639160605447,40.65100686708654
Spring Creek-Starrett City,BK0504,2009,142.21341463414635,90,315.0431111065702,-54.8590622614695,125.0719512195122,13.705281837771427,-73.87639160605447,40.65100686708654
Spring Creek-Starrett City,BK0504,2010,154.2716049382716,38,331.20603015075375,-53.4212571950902,142.21341463414635,8.478940144391975,-73.87639160605447,40.65100686708654
Spring Creek-Starrett City,BK0504,2011,170.1078232671261,50,327.76517308054713,-48.10070219836239,154.2716049382716,10.265154326482191,-73.87639160605447,40.65100686708654
Spring Creek-Starrett City,BK0504,2012,172.69794238683127,26,337.05357142857144,-48.762464775297744,170.1078232671261,1.5226337448559475,-73.87639160605447,40.65100686708654
Spring Creek-Starrett City,BK0504,2013,218.19815950920244,47,346.18410700236035,-36.97048619631902,172.69794238683127,26.346704826658485,-73.87639160605447,40.65100686708654
Spring Creek-Starrett City,BK0504,2017,261.3113325031133,79,453.2408424405514,-42.3460315058902,218.19815950920244,19.758724404864918,-73.87639160605447,40.65100686708654
Spring Creek-Starrett City,BK0504,2019,326.8697729988053,31,484.8484848484849,-32.58310931899642,261.3113325031133,25.08825004553176,-73.87639160605447,40.65100686708654
Spring Creek-Starrett City,BK0504,2020,326.8697729988053,39,510.948905109489,-36.0269158559481,326.8697729988053,0.0,-73.87639160605447,40.65100686708654
Spring Creek-Starrett City,BK0504,2021,333.6463414634146,23,583.6909871244635,-42.83853120516499,326.8697729988053,2.0731707317073056,-73.87639160605447,40.65100686708654
East New York-City Line,BK0505,2003,157.68784297171803,202,217.5,-27.49984231185378,,,-73.86609820400918,40.67054058069212
East New York-City Line,BK0505,2004,185.09615384615384,311,242.06349206349208,-23.534047919293826,157.68784297171803,17.38137218311218,-73.86609820400918,40.67054058069212
East New York-City Line,BK0505,2005,217.25694444444446,280,285.59771521827827,-23.929032738095238,185.09615384615384,17.375180375180385,-73.86609820400918,40.67054058069212
East New York-City Line,BK0505,2006,247.2127762588289,356,319.9301276108415,-22.729135231823168,217.25694444444446,13.788204511016017,-73.86609820400918,40.67054058069212
East New York-City Line,BK0505,2007,249.51298701298705,219,363.8791017154246,-31.429701283553996,247.2127762588289,0.9304578788233218,-73.86609820400918,40.67054058069212
East New York-City Line,BK0505,2008,236.7507603973039,102,364.7209496043315,-35.08715069585567,249.51298701298705,-5.114854648835925,-73.86609820400918,40.67054058069212
East New York-City Line,BK0505,2009,222.22222222222223,67,315.0431111065702,-29.462916538095417,236.7507603973039,-6.136638442343574,-73.86609820400918,40.67054058069212
East New York-City Line,BK0505,2010,165.44117647058823,87,331.20603015075375,-50.04886342338482,222.22222222222223,-25.551470588235297,-73.86609820400918,40.67054058069212
East New York-City Line,BK0505,2011,178.625,58,327.76517308054713,-45.50214157252652,165.44117647058823,7.96888888888889,-73.86609820400918,40.67054058069212
East New York-City Line,BK0505,2012,169.6165191740413,73,337.05357142857144,-49.67668835101292,178.625,-5.043236291649385,-73.86609820400918,40.67054058069212
East New York-City Line,BK0505,2013,180.19168436347383,96,346.18410700236035,-47.94917481227836,169.6165191740413,6.23474956385675,-73.86609820400918,40.67054058069212
East New York-City Line,BK0505,2014,183.0128205128205,96,352.1666317379394,-48.03232219655401,180.19168436347383,1.5656306001646632,-73.86609820400918,40.67054058069212
East New York-City Line,BK0505,2015,228.31858407079645,127,378.1408590172051,-39.62075807829904,183.0128205128205,24.755513537808227,-73.86609820400918,40.67054058069212
East New York-City Line,BK0505,2016,241.5,133,412.8122109158187,-41.498823529411766,228.31858407079645,5.773255813953495,-73.86609820400918,40.67054058069212
East New York-City Line,BK0505,2017,277.0673486786019,125,453.2408424405514,-38.869730453529684,241.5,14.72768061225751,-73.86609820400918,40.67054058069212
East New York-City Line,BK0505,2018,297.1092401960784,123,468.4992756435464,-36.58277490654406,277.0673486786019,7.233581153846144,-73.86609820400918,40.67054058069212
East New York-City Line,BK0505,2019,292.3706937013048,138,484.8484848484849,-39.69854442410589,297.1092401960784,-1.594883582767876,-73.86609820400918,40.67054058069212
East New York-City Line,BK0505,2020,321.3892227564103,86,510.948905109489,-37.099537831959694,292.3706937013048,9.92525231846655,-73.86609820400918,40.67054058069212
East New York-City Line,BK0505,2021,346.02076124567475,115,583.6909871244635,-40.71850193364543,321.3892227564103,7.664083530247494,-73.86609820400918,40.67054058069212
East New York-City Line,BK0505,2022,399.30555555555554,95,614.297462406015,-34.99801317889252,346.02076124567475,15.399305555555548,-73.86609820400918,40.67054058069212
East New York-City Line,BK0505,2023,361.9772641980445,90,588.8157894736842,-38.524531666924275,399.30555555555554,-9.34830253127233,-73.86609820400918,40.67054058069212
East New York-City Line,BK0505,2024,381.884901390236,103,610.3286384976526,-37.429627695292105,361.9772641980445,5.49969270481575,-73.86609820400918,40.67054058069212
East New York-City Line,BK0505,2025,399.919224555735,86,643.3739350912779,-37.84031295905748,381.884901390236,4.7224499056772915,-73.86609820400918,40.67054058069212
Carroll Gardens-Cobble Hill-Gowanus-Red Hook,BK0601,2003,301.8108651911469,241,217.5,38.76361617983765,,,-74.00006521439445,40.678122065581555
Carroll Gardens-Cobble Hill-Gowanus-Red Hook,BK0601,2004,382.7030220964474,280,242.06349206349208,58.100264866073346,301.8108651911469,26.802267987956235,-74.00006521439445,40.678122065581555
Carroll Gardens-Cobble Hill-Gowanus-Red Hook,BK0601,2005,450.68425248144763,270,285.59771521827827,57.80387183314687,382.7030220964474,17.763442267217805,-74.00006521439445,40.678122065581555
Carroll Gardens-Cobble Hill-Gowanus-Red Hook,BK0601,2006,516.7886409189744,286,319.9301276108415,61.53172093488762,450.68425248144763,14.667561174715752,-74.00006521439445,40.678122065581555
Carroll Gardens-Cobble Hill-Gowanus-Red Hook,BK0601,2007,535.7142857142857,315,363.8791017154246,47.22315274188143,516.7886409189744,3.662163464285316,-74.00006521439445,40.678122065581555
Carroll Gardens-Cobble Hill-Gowanus-Red Hook,BK0601,2008,581.0747525650103,208,364.7209496043315,59.320366212961105,535.7142857142857,8.467287145468594,-74.00006521439445,40.678122065581555
Carroll Gardens-Cobble Hill-Gowanus-Red Hook,BK0601,2009,576.5512736021057,242,315.0431111065702,83.007103877626,581.0747525650103,-0.7784676486006049,-74.00006521439445,40.678122065581555
Carroll Gardens-Cobble Hill-Gowanus-Red Hook,BK0601,2010,559.6358586637864,331,331.20603015075375,68.96910313168488,576.5512736021057,-2.9338960319413094,-74.00006521439445,40.678122065581555
Carroll Gardens-Cobble Hill-Gowanus-Red Hook,BK0601,2011,637.7144607843138,404,327.76517308054713,94.56443611463192,559.6358586637864,13.951679634495125,-74.00006521439445,40.678122065581555
Carroll Gardens-Cobble Hill-Gowanus-Red Hook,BK0601,2012,575.812261197198,364,337.05357142857144,70.8370152426124,637.7144607843138,-9.70688347116723,-74.00006521439445,40.678122065581555
Carroll Gardens-Cobble Hill-Gowanus-Red Hook,BK0601,2013,697.2262773722628,397,346.18410700236035,101.40331785003318,575.812261197198,21.085694827447263,-74.00006521439445,40.678122065581555
Carroll Gardens-Cobble Hill-Gowanus-Red Hook,BK0601,2014,756.4229771354444,324,352.1666317379394,114.79121216070453,697.2262773722628,8.49031393169586,-74.00006521439445,40.678122065581555
Carroll Gardens-Cobble Hill-Gowanus-Red Hook,BK0601,2015,883.8383838383838,297,378.1408590172051,133.73257947726032,756.4229771354444,16.844465405514057,-74.00006521439445,40.678122065581555
Carroll Gardens-Cobble Hill-Gowanus-Red Hook,BK0601,2016,944.386149003148,313,412.8122109158187,128.76894724311552,883.8383838383838,6.850547144356178,-74.00006521439445,40.678122065581555
Carroll Gardens-Cobble Hill-Gowanus-Red Hook,BK0601,2017,941.2550066755674,311,453.2408424405514,107.67215099310599,944.386149003148,-0.33155318202048106,-74.00006521439445,40.678122065581555
Carroll Gardens-Cobble Hill-Gowanus-Red Hook,BK0601,2018,980.0,299,468.4992756435464,109.17855180327419,941.2550066755674,4.1163120567375895,-74.00006521439445,40.678122065581555
Carroll Gardens-Cobble Hill-Gowanus-Red Hook,BK0601,2019,995.1261763865699,404,484.8484848484849,105.24477387973003,980.0,1.5434873863846847,-74.00006521439445,40.678122065581555
Carroll Gardens-Cobble Hill-Gowanus-Red Hook,BK0601,2020,1035.0728816637907,338,510.948905109489,102.5785496970562,995.1261763865699,4.0142352020396395,-74.00006521439445,40.678122065581555
Carroll Gardens-Cobble Hill-Gowanus-Red Hook,BK0601,2021,1065.3697215563343,564,583.6909871244635,82.52290082546023,1035.0728816637907,2.9270247949926063,-74.00006521439445,40.678122065581555
Carroll Gardens-Cobble Hill-Gowanus-Red Hook,BK0601,2022,1269.84126984127,567,614.297462406015,106.71439287209338,1065.3697215563343,19.192543597563073,-74.00006521439445,40.678122065581555
Carroll Gardens-Cobble Hill-Gowanus-Red Hook,BK0601,2023,1102.4524485077764,276,588.8157894736842,87.23214767953297,1269.84126984127,-13.181869680012632,-74.00006521439445,40.678122065581555
Carroll Gardens-Cobble Hill-Gowanus-Red Hook,BK0601,2024,1167.091836734694,317,610.3286384976526,91.22350863422292,1102.4524485077764,5.863235944045497,-74.00006521439445,40.678122065581555
Carroll Gardens-Cobble Hill-Gowanus-Red Hook,BK0601,2025,1140.3369693894808,336,643.3739350912779,77.24326510487202,1167.091836734694,-2.2924389069559674,-74.00006521439445,40.678122065581555
Park Slope,BK0602,2003,354.1130820399113,261,217.5,62.81061243214313,,,-73.97975949454587,40.6718314578419
Park Slope,BK0602,2004,402.4390243902439,355,242.06349206349208,66.25349860055977,354.1130820399113,13.647036723959797,-73.97975949454587,40.6718314578419
Park Slope,BK0602,2005,472.4666014988596,323,285.59771521827827,65.4308057533864,402.4390243902439,17.40079188759541,-73.97975949454587,40.6718314578419
Park Slope,BK0602,2006,565.5296229802514,315,319.9301276108415,76.76660438436534,472.4666014988596,19.69726985699251,-73.97975949454587,40.6718314578419
Park Slope,BK0602,2007,629.5145389825025,308,363.8791017154246,73.00101490159796,565.5296229802514,11.314158162937735,-73.97975949454587,40.6718314578419
Park Slope,BK0602,2008,625.3264276732286,408,364.7209496043315,71.45338877616317,629.5145389825025,-0.6652922291585461,-73.97975949454587,40.6718314578419
Park Slope,BK0602,2009,586.9577061452642,200,315.0431111065702,86.31028118139453,625.3264276732286,-6.1357908174024045,-73.97975949454587,40.6718314578419
Park Slope,BK0602,2010,578.3593356819325,293,331.20603015075375,74.62222394280774,586.9577061452642,-1.4649046044219889,-73.97975949454587,40.6718314578419
Park Slope,BK0602,2011,630.2223093371347,304,327.76517308054713,92.2786070935791,578.3593356819325,8.967257975364314,-73.97975949454587,40.6718314578419
Park Slope,BK0602,2012,654.0697674418604,319,337.05357142857144,94.05513630063143,630.2223093371347,3.7839755513904985,-73.97975949454587,40.6718314578419
Park Slope,BK0602,2013,775.0631844987363,287,346.18410700236035,123.88756988588496,654.0697674418604,18.498549096695687,-73.97975949454587,40.6718314578419
Park Slope,BK0602,2014,842.3394787031151,293,352.1666317379394,139.18776022196562,775.0631844987363,8.680104480499745,-73.97975949454587,40.6718314578419
Park Slope,BK0602,2015,912.9308652090901,286,378.1408590172051,141.4261361710062,842.3394787031151,8.380396299916885,-73.97975949454587,40.6718314578419
Park Slope,BK0602,2016,1001.2203626220362,246,412.8122109158187,142.53651809398792,912.9308652090901,9.670994899786301,-73.97975949454587,40.6718314578419
Park Slope,BK0602,2017,1055.0847095292315,356,453.2408424405514,132.7867682550299,1001.2203626220362,5.37986929931521,-73.97975949454587,40.6718314578419
Park Slope,BK0602,2018,1058.185516564487,326,468.4992756435464,125.86705499403979,1055.0847095292315,0.2938917612254097,-73.97975949454587,40.6718314578419
Park Slope,BK0602,2019,995.7173447537472,269,484.8484848484849,105.36670235546035,1058.185516564487,-5.903328937401209,-73.97975949454587,40.6718314578419
Park Slope,BK0602,2020,1009.3189293405258,254,510.948905109489,97.53813331378865,995.7173447537472,1.3660086025861506,-73.97975949454587,40.6718314578419
Park Slope,BK0602,2021,1119.0773995652044,476,583.6909871244635,91.72428977845047,1009.3189293405258,10.874508248487242,-73.97975949454587,40.6718314578419
Park Slope,BK0602,2022,1212.733703890854,467,614.297462406015,97.4179901608168,1119.0773995652044,8.36906404883505,-73.97975949454587,40.6718314578419
Park Slope,BK0602,2023,1169.3523812938033,258,588.8157894736842,98.59392397391969,1212.733703890854,-3.5771515591484735,-73.97975949454587,40.6718314578419
Park Slope,BK0602,2024,1169.3055361139388,280,610.3286384976526,91.5862147632838,1169.3523812938033,-0.004006078972759748,-73.97975949454587,40.6718314578419
Park Slope,BK0602,2025,1171.6760061130922,329,643.3739350912779,82.11431054428124,1169.3055361139388,0.20272460241925572,-73.97975949454587,40.6718314578419
Windsor Terrace-South Slope,BK0701,2003,305.6146934460888,159,217.5,40.51250273383392,,,-73.98002503439646,40.65604456781712
Windsor Terrace-South Slope,BK0701,2004,347.22222222222223,193,242.06349206349208,43.44262295081967,305.6146934460888,13.614374461832975,-73.98002503439646,40.65604456781712
Windsor Terrace-South Slope,BK0701,2005,412.442526190342,200,285.59771521827827,44.41380452750403,347.22222222222223,18.783447542818493,-73.98002503439646,40.65604456781712
Windsor Terrace-South Slope,BK0701,2006,462.592936802974,137,319.9301276108415,44.59186456039724,412.442526190342,12.15936947042353,-73.98002503439646,40.65604456781712
Windsor Terrace-South Slope,BK0701,2007,497.35330572650616,242,363.8791017154246,36.68092049855241,462.592936802974,7.514245497080983,-73.98002503439646,40.65604456781712
Windsor Terrace-South Slope,BK0701,2008,519.0333212969283,198,364.7209496043315,42.30970879517697,497.35330572650616,4.359077404492803,-73.98002503439646,40.65604456781712
Windsor Terrace-South Slope,BK0701,2009,477.24620770128354,93,315.0431111065702,51.48600013026299,519.0333212969283,-8.05095007989655,-73.98002503439646,40.65604456781712
Windsor Terrace-South Slope,BK0701,2010,472.36084452975047,125,331.20603015075375,42.6184312872407,477.24620770128354,-1.02365678190803,-73.98002503439646,40.65604456781712
Windsor Terrace-South Slope,BK0701,2011,502.6947586726999,146,327.76517308054713,53.37040050596359,472.36084452975047,6.4217672769104635,-73.98002503439646,40.65604456781712
Windsor Terrace-South Slope,BK0701,2012,493.3100558659218,153,337.05357142857144,46.359539753597986,502.6947586726999,-1.866878984685889,-73.98002503439646,40.65604456781712
Windsor Terrace-South Slope,BK0701,2013,570.043200095668,142,346.18410700236035,64.66475166399864,493.3100558659218,15.554749658418013,-73.98002503439646,40.65604456781712
Windsor Terrace-South Slope,BK0701,2014,663.360243526947,140,352.1666317379394,88.36544514546132,570.043200095668,16.370170438945326,-73.98002503439646,40.65604456781712
Windsor Terrace-South Slope,BK0701,2015,758.046614872364,125,378.1408590172051,100.46673000176199,663.360243526947,14.27374827921394,-73.98002503439646,40.65604456781712
Windsor Terrace-South Slope,BK0701,2016,751.5948963317385,120,412.8122109158187,82.06702138590684,758.046614872364,-0.8510978631191188,-73.98002503439646,40.65604456781712
Windsor Terrace-South Slope,BK0701,2017,801.0912698412699,137,453.2408424405514,76.74737023425769,751.5948963317385,6.585512188960463,-73.98002503439646,40.65604456781712
Windsor Terrace-South Slope,BK0701,2018,890.2504293951663,132,468.4992756435464,90.02173016645293,801.0912698412699,11.129713044003415,-73.98002503439646,40.65604456781712
Windsor Terrace-South Slope,BK0701,2019,881.4102564102565,131,484.8484848484849,81.79086538461539,890.2504293951663,-0.9929984522350431,-73.98002503439646,40.65604456781712
Windsor Terrace-South Slope,BK0701,2020,876.9132653061224,119,510.948905109489,71.6244533527697,881.4102564102565,-0.5102040816326635,-73.98002503439646,40.65604456781712
Windsor Terrace-South Slope,BK0701,2021,934.3434343434344,187,583.6909871244635,60.075014854426634,876.9132653061224,6.549127640036743,-73.98002503439646,40.65604456781712
Windsor Terrace-South Slope,BK0701,2022,997.7194982896236,167,614.297462406015,62.41634702215144,934.3434343434344,6.782951708835386,-73.98002503439646,40.65604456781712
Windsor Terrace-South Slope,BK0701,2023,973.2403217697336,122,588.8157894736842,65.28774179776482,997.7194982896236,-2.453512892336411,-73.98002503439646,40.65604456781712
Windsor Terrace-South Slope,BK0701,2024,1033.1384015594542,119,610.3286384976526,69.2757534862798,973.2403217697336,6.154500430150942,-73.98002503439646,40.65604456781712
Windsor Terrace-South Slope,BK0701,2025,1021.7181321500802,160,643.3739350912779,58.80626746327938,1033.1384015594542,-1.1053958881148784,-73.98002503439646,40.65604456781712
Sunset Park (West),BK0702,2003,178.6444622912298,196,217.5,-17.86461503851504,,,-74.01011361017846,40.653470824026506
Sunset Park (West),BK0702,2004,215.27882077799472,270,242.06349206349208,-11.06514289171366,178.6444622912298,20.50685367847724,-74.01011361017846,40.653470824026506
Sunset Park (West),BK0702,2005,270.0831024930748,271,285.59771521827827,-5.4323308270676645,215.27882077799472,25.4573494582622,-74.01011361017846,40.653470824026506
Sunset Park (West),BK0702,2006,283.3333333333333,225,319.9301276108415,-11.438995930393906,270.0831024930748,4.9059829059828886,-74.01011361017846,40.653470824026506
Sunset Park (West),BK0702,2007,302.91161275831087,186,363.8791017154246,-16.754875086174636,283.3333333333333,6.90998097352149,-74.01011361017846,40.653470824026506
Sunset Park (West),BK0702,2008,297.6190476190476,173,364.7209496043315,-18.398148518224573,302.91161275831087,-1.7472308476618694,-74.01011361017846,40.653470824026506
Sunset Park (West),BK0702,2009,346.6666666666667,157,315.0431111065702,10.037850200571153,297.6190476190476,16.480000000000018,-74.01011361017846,40.653470824026506
Sunset Park (West),BK0702,2010,320.17543859649123,171,331.20603015075375,-3.330431981942407,346.6666666666667,-7.6417004048583035,-74.01011361017846,40.653470824026506
Sunset Park (West),BK0702,2011,283.3333333333333,155,327.76517308054713,-13.55599782906003,320.17543859649123,-11.5068493150685,-74.01011361017846,40.653470824026506
Sunset Park (West),BK0702,2012,299.39909009174005,188,337.05357142857144,-11.171660688013553,283.3333333333333,5.670267091202377,-74.01011361017846,40.653470824026506
Sunset Park (West),BK0702,2013,313.54984775451965,190,346.18410700236035,-9.426850796364894,299.39909009174005,4.726386328844089,-74.01011361017846,40.653470824026506
Sunset Park (West),BK0702,2014,362.2448979591837,175,352.1666317379394,2.861789083056544,313.54984775451965,15.530242018419898,-74.01011361017846,40.653470824026506
Sunset Park (West),BK0702,2015,389.7435897435897,199,378.1408590172051,3.0683620798186984,362.2448979591837,7.591188154568431,-74.01011361017846,40.653470824026506
Sunset Park (West),BK0702,2016,448.3430799220273,181,412.8122109158187,8.60702955646196,389.7435897435897,15.035395506309642,-74.01011361017846,40.653470824026506
Sunset Park (West),BK0702,2017,509.2592592592592,213,453.2408424405514,12.359525350157599,448.3430799220273,13.58695652173911,-74.01011361017846,40.653470824026506
Sunset Park (West),BK0702,2018,537.8055756069791,166,468.4992756435464,14.793256588973641,509.2592592592592,5.605458482825007,-74.01011361017846,40.653470824026506
Sunset Park (West),BK0702,2019,563.5741138560687,162,484.8484848484849,16.237160982814167,537.8055756069791,4.791422666082751,-74.01011361017846,40.653470824026506
Sunset Park (West),BK0702,2020,790.9527972027972,170,510.948905109489,54.80076173826176,563.5741138560687,40.345835224929935,-74.01011361017846,40.653470824026506
Sunset Park (West),BK0702,2021,779.3103448275862,241,583.6909871244635,33.51419878296146,790.9527972027972,-1.4719528670212143,-74.01011361017846,40.653470824026506
Sunset Park (West),BK0702,2022,648.1711620131923,214,614.297462406015,5.514217733295589,779.3103448275862,-16.827594254944344,-74.01011361017846,40.653470824026506
Sunset Park (West),BK0702,2023,581.5333789018,126,588.8157894736842,-1.236789281482002,648.1711620131923,-10.280892921002248,-74.01011361017846,40.653470824026506
Sunset Park (West),BK0702,2024,541.2679425837321,177,610.3286384976526,-11.315329407434673,581.5333789018,-6.924011205359773,-74.01011361017846,40.653470824026506
Sunset Park (West),BK0702,2025,657.4047888386124,184,643.3739350912779,2.1808240872151425,541.2679425837321,21.456442755597777,-74.01011361017846,40.653470824026506
Sunset Park (Central),BK0703,2003,192.3755589013596,192,217.5,-11.551467171788692,,,-74.00787958170723,40.64238979865065
Sunset Park (Central),BK0703,2004,238.33333333333331,193,242.06349206349208,-1.5409836065573905,192.3755589013596,23.889611910387497,-74.00787958170723,40.64238979865065
Sunset Park (Central),BK0703,2005,259.61538461538464,193,285.59771521827827,-9.097527472527469,238.33333333333331,8.929532006455103,-74.00787958170723,40.64238979865065
Sunset Park (Central),BK0703,2006,268.8093601748709,146,319.9301276108415,-15.978728798606046,259.61538461538464,3.541383178468782,-74.00787958170723,40.64238979865065
Sunset Park (Central),BK0703,2007,300.0,201,363.8791017154246,-17.55503446454639,268.8093601748709,11.603256599710061,-74.00787958170723,40.64238979865065
Sunset Park (Central),BK0703,2008,337.7457850256933,226,364.7209496043315,-7.3961105354387495,300.0,12.581928341897763,-74.00787958170723,40.64238979865065
Sunset Park (Central),BK0703,2009,330.3703703703704,167,315.0431111065702,4.865130746698148,337.7457850256933,-2.1837177493604676,-74.00787958170723,40.64238979865065
Sunset Park (Central),BK0703,2010,342.68028846153845,139,331.20603015075375,3.4643868970507605,330.3703703703704,3.7260962832010978,-74.00787958170723,40.64238979865065
Sunset Park (Central),BK0703,2011,358.76417184544715,160,327.76517308054713,9.457685352458764,342.68028846153845,4.693553707485545,-74.00787958170723,40.64238979865065
Sunset Park (Central),BK0703,2012,336.21273712737127,158,337.05357142857144,-0.24946607081965458,358.76417184544715,-6.285865894042192,-74.00787958170723,40.64238979865065
Sunset Park (Central),BK0703,2013,311.8504709955705,196,346.18410700236035,-9.917738946506793,336.21273712737127,-7.2460866116953015,-74.00787958170723,40.64238979865065
Sunset Park (Central),BK0703,2014,368.1678018366033,158,352.1666317379394,4.543636067874539,311.8504709955705,18.059081540342685,-74.00787958170723,40.64238979865065
Sunset Park (Central),BK0703,2015,460.9690444145357,141,378.1408590172051,21.904055968086208,368.1678018366033,25.20623534024264,-74.00787958170723,40.64238979865065
Sunset Park (Central),BK0703,2016,450.0990843241766,128,412.8122109158187,9.032405636848157,460.9690444145357,-2.358067254638482,-74.00787958170723,40.64238979865065
Sunset Park (Central),BK0703,2017,408.8050314465409,133,453.2408424405514,-9.804017386151342,450.0990843241766,-9.174436099917573,-74.00787958170723,40.64238979865065
Sunset Park (Central),BK0703,2018,584.3293492695883,101,468.4992756435464,24.72363985343068,408.8050314465409,42.93594851363775,-74.00787958170723,40.64238979865065
Sunset Park (Central),BK0703,2019,578.125,91,484.8484848484849,19.238281249999993,584.3293492695883,-1.0617897727272716,-74.00787958170723,40.64238979865065
Sunset Park (Central),BK0703,2020,548.4848484848485,69,510.948905109489,7.346320346320365,578.125,-5.126945126945125,-74.00787958170723,40.64238979865065
Sunset Park (Central),BK0703,2021,583.4172932330828,138,583.6909871244635,-0.04689020344978696,548.4848484848485,6.3688987662526575,-74.00787958170723,40.64238979865065
Sunset Park (Central),BK0703,2022,631.578947368421,155,614.297462406015,2.813211191646426,583.4172932330828,8.255095399802807,-74.00787958170723,40.64238979865065
Sunset Park (Central),BK0703,2023,581.8181818181819,103,588.8157894736842,-1.1884205180294398,631.578947368421,-7.878787878787868,-74.00787958170723,40.64238979865065
Sunset Park (Central),BK0703,2024,589.5551325437112,122,610.3286384976526,-3.40365905245347,581.8181818181819,1.3297884059503602,-74.00787958170723,40.64238979865065
Sunset Park (Central),BK0703,2025,704.4939864504834,112,643.3739350912779,9.499926563007897,589.5551325437112,19.49586180529948,-74.00787958170723,40.64238979865065
Prospect Heights,BK0801,2003,279.0830973161474,110,217.5,28.31406773156203,,,-73.96757228975572,40.67760453127363
Prospect Heights,BK0801,2004,306.25,63,242.06349206349208,26.51639344262294,279.0830973161474,9.734341830482737,-73.96757228975572,40.67760453127363
Prospect Heights,BK0801,2005,337.42545256453235,103,285.59771521827827,18.147112033666964,306.25,10.179739612908524,-73.96757228975572,40.67760453127363
Prospect Heights,BK0801,2006,549.5323942301111,128,319.9301276108415,71.76637859456442,337.42545256453235,62.86038591739415,-73.96757228975572,40.67760453127363
Prospect Heights,BK0801,2007,483.65938300919646,162,363.8791017154246,32.917603876973196,549.5323942301111,-11.98710247340414,-73.96757228975572,40.67760453127363
Prospect Heights,BK0801,2008,544.6058091286307,127,364.7209496043315,49.32123030482557,483.65938300919646,12.601104880927192,-73.96757228975572,40.67760453127363
Prospect Heights,BK0801,2009,511.6917496986873,142,315.0431111065702,62.41959644868933,544.6058091286307,-6.043648245802929,-73.96757228975572,40.67760453127363
Prospect Heights,BK0801,2010,487.0496971502333,140,331.20603015075375,47.05339058245553,511.6917496986873,-4.815800247505379,-73.96757228975572,40.67760453127363
Prospect Heights,BK0801,2011,514.3869982593908,100,327.76517308054713,56.93766162672262,487.0496971502333,5.612836075889216,-73.96757228975572,40.67760453127363
Prospect Heights,BK0801,2012,530.1969569681695,117,337.05357142857144,57.30346802764233,514.3869982593908,3.073553328967735,-73.96757228975572,40.67760453127363
Prospect Heights,BK0801,2013,584.0679283960717,134,346.18410700236035,68.71598567986526,530.1969569681695,10.160558396252044,-73.96757228975572,40.67760453127363
Prospect Heights,BK0801,2014,720.2380952380952,109,352.1666317379394,104.51628017218049,584.0679283960717,23.314097594087198,-73.96757228975572,40.67760453127363
Prospect Heights,BK0801,2015,847.457627118644,117,378.1408590172051,124.11162584260312,720.2380952380952,17.663538310687777,-73.96757228975572,40.67760453127363
Prospect Heights,BK0801,2016,930.4871373836892,135,412.8122109158187,125.40203820992,847.457627118644,9.797482211275325,-73.96757228975572,40.67760453127363
Prospect Heights,BK0801,2017,1279.5874049945712,307,453.2408424405514,182.31952753957873,930.4871373836892,37.518011113240085,-73.96757228975572,40.67760453127363
Prospect Heights,BK0801,2018,1184.9971991340026,190,468.4992756435464,152.93469184263955,1279.5874049945712,-7.392242647228146,-73.96757228975572,40.67760453127363
Prospect Heights,BK0801,2019,1066.9154655433722,132,484.8484848484849,120.0513147683205,1184.9971991340026,-9.964726809221547,-73.96757228975572,40.67760453127363
Prospect Heights,BK0801,2020,1011.122812398713,168,510.948905109489,97.89117899803385,1066.9154655433722,-5.229341493915304,-73.96757228975572,40.67760453127363
Prospect Heights,BK0801,2021,1083.5495210095678,164,583.6909871244635,85.63752823178625,1011.122812398713,7.162998176159732,-73.96757228975572,40.67760453127363
Prospect Heights,BK0801,2022,1137.5674114021572,172,614.297462406015,85.18185097927216,1083.5495210095678,4.9852719552918705,-73.96757228975572,40.67760453127363
Prospect Heights,BK0801,2023,1177.2853436530713,122,588.8157894736842,99.94119802823113,1137.5674114021572,3.491479436981947,-73.96757228975572,40.67760453127363
Prospect Heights,BK0801,2024,1117.8664072632944,89,610.3286384976526,83.15811134390898,1177.2853436530713,-5.047114254000841,-73.96757228975572,40.67760453127363
Prospect Heights,BK0801,2025,1260.5042016806722,111,643.3739350912779,95.92093072620975,1117.8664072632944,12.759824742079568,-73.96757228975572,40.67760453127363
Crown Heights (North),BK0802,2003,148.68670313949283,286,217.5,-31.638297407129727,,,-73.94189634817992,40.67386385275479
Crown Heights (North),BK0802,2004,157.885101010101,386,242.06349206349208,-34.77533532041729,148.68670313949283,6.18642936885792,-73.94189634817992,40.67386385275479
Crown Heights (North),BK0802,2005,207.41212614077887,392,285.59771521827827,-27.376125546993002,157.885101010101,31.369030271899607,-73.94189634817992,40.67386385275479
Crown Heights (North),BK0802,2006,225.2252252252252,409,319.9301276108415,-29.601745572650174,207.41212614077887,8.588263095261778,-73.94189634817992,40.67386385275479
Crown Heights (North),BK0802,2007,243.6647173489279,271,363.8791017154246,-33.036902586538645,225.2252252252252,8.187134502924003,-73.94189634817992,40.67386385275479
Crown Heights (North),BK0802,2008,216.66666666666663,215,364.7209496043315,-40.593852121267496,243.6647173489279,-11.080000000000021,-73.94189634817992,40.67386385275479
Crown Heights (North),BK0802,2009,208.33333333333331,129,315.0431111065702,-33.87148425446446,216.66666666666663,-3.846153846153838,-73.94189634817992,40.67386385275479
Crown Heights (North),BK0802,2010,171.17174713584288,212,331.20603015075375,-48.31865015925848,208.33333333333331,-17.83756137479541,-73.94189634817992,40.67386385275479
Crown Heights (North),BK0802,2011,226.90520462841843,208,327.76517308054713,-30.77202117118853,171.17174713584288,32.55996297586725,-73.94189634817992,40.67386385275479
Crown Heights (North),BK0802,2012,193.68915398327164,220,337.05357142857144,-42.534608619532655,226.90520462841843,-14.63873457620403,-73.94189634817992,40.67386385275479
Crown Heights (North),BK0802,2013,236.54448621553885,294,346.18410700236035,-31.670899550011388,193.68915398327164,22.125829635235284,-73.94189634817992,40.67386385275479
Crown Heights (North),BK0802,2014,278.1228539576366,353,352.1666317379394,-21.0252111095527,236.54448621553885,17.577398825611024,-73.94189634817992,40.67386385275479
Crown Heights (North),BK0802,2015,343.78069744597246,318,378.1408590172051,-9.086603775253309,278.1228539576366,23.607496670639225,-73.94189634817992,40.67386385275479
Crown Heights (North),BK0802,2016,385.1851851851852,299,412.8122109158187,-6.692395476709197,343.78069744597246,12.043866350500892,-73.94189634817992,40.67386385275479
Crown Heights (North),BK0802,2017,413.2124860668091,262,453.2408424405514,-8.831586350030344,385.1851851851852,7.276318498113893,-73.94189634817992,40.67386385275479
Crown Heights (North),BK0802,2018,523.3094289540713,282,468.4992756435464,11.6990902996031,413.2124860668091,26.644147163902865,-73.94189634817992,40.67386385275479
Crown Heights (North),BK0802,2019,476.5331296992481,230,484.8484848484849,-1.7150419995300856,523.3094289540713,-8.938554642195946,-73.94189634817992,40.67386385275479
Crown Heights (North),BK0802,2020,542.7374023174347,145,510.948905109489,6.221463024983655,476.5331296992481,13.892900302644168,-73.94189634817992,40.67386385275479
Crown Heights (North),BK0802,2021,553.7840727865744,274,583.6909871244635,-5.123758118182477,542.7374023174347,2.0353619304605743,-73.94189634817992,40.67386385275479
Crown Heights (North),BK0802,2022,628.2722513089005,291,614.297462406015,2.2749221278158203,553.7840727865744,13.450762162138515,-73.94189634817992,40.67386385275479
Crown Heights (North),BK0802,2023,606.3682926829268,205,588.8157894736842,2.980983785256856,628.2722513089005,-3.486380081300814,-73.94189634817992,40.67386385275479
Crown Heights (North),BK0802,2024,564.391995895331,197,610.3286384976526,-7.526542210995774,606.3682926829268,-6.92257449707145,-73.94189634817992,40.67386385275479
Crown Heights (North),BK0802,2025,622.6140434285284,212,643.3739350912779,-3.2267225217639917,564.391995895331,10.315888240200154,-73.94189634817992,40.67386385275479
Crown Heights (South),BK0901,2003,149.95493419989006,56,217.5,-31.055202666717214,,,-73.94600981489326,40.66674596222121
Crown Heights (South),BK0901,2004,171.80972942568098,66,242.06349206349208,-29.022865876603927,149.95493419989006,14.574242149750447,-73.94600981489326,40.66674596222121
Crown Heights (South),BK0901,2005,199.10450966734214,88,285.59771521827827,-30.284978115049206,171.80972942568098,15.886632458418454,-73.94600981489326,40.66674596222121
Crown Heights (South),BK0901,2006,227.8309997543601,98,319.9301276108415,-28.787263189076544,199.10450966734214,14.42784502220132,-73.94600981489326,40.66674596222121
Crown Heights (South),BK0901,2007,252.68920730685437,90,363.8791017154246,-30.556823374684335,227.8309997543601,10.910810021154086,-73.94600981489326,40.66674596222121
Crown Heights (South),BK0901,2008,170.91332187228892,44,364.7209496043315,-53.13860581419721,252.68920730685437,-32.36223909447011,-73.94600981489326,40.66674596222121
Crown Heights (South),BK0901,2009,291.1764705882353,59,315.0431111065702,-7.575674463886788,170.91332187228892,70.36499402065937,-73.94600981489326,40.66674596222121
Crown Heights (South),BK0901,2010,303.1288723667906,81,331.20603015075375,-8.47724836748395,291.1764705882353,4.104865257281608,-73.94600981489326,40.66674596222121
Crown Heights (South),BK0901,2011,273.3598409542744,77,327.76517308054713,-16.598875229767877,303.1288723667906,-9.82058593761904,-73.94600981489326,40.66674596222121
Crown Heights (South),BK0901,2012,211.14864864864865,91,337.05357142857144,-37.35457311616253,273.3598409542744,-22.757985257985265,-73.94600981489326,40.66674596222121
Crown Heights (South),BK0901,2013,221.50383141762453,81,346.18410700236035,-36.0155977882271,211.14864864864865,4.904214559386977,-73.94600981489326,40.66674596222121
Crown Heights (South),BK0901,2014,279.85074626865674,91,352.1666317379394,-20.53456487697439,221.50383141762453,26.34126663977411,-73.94600981489326,40.66674596222121
Crown Heights (South),BK0901,2015,323.2300038270188,82,378.1408590172051,-14.521270019034874,279.85074626865674,15.500854700854703,-73.94600981489326,40.66674596222121
Crown Heights (South),BK0901,2016,392.8571428571428,83,412.8122109158187,-4.833933573429394,323.2300038270188,21.541050708704002,-73.94600981489326,40.66674596222121
Crown Heights (South),BK0901,2017,421.0320243838118,76,453.2408424405514,-7.106336199382604,392.8571428571428,7.171788024970299,-73.94600981489326,40.66674596222121
Crown Heights (South),BK0901,2018,455.2314380922628,80,468.4992756435464,-2.8319867801414325,421.0320243838118,8.122758300512292,-73.94600981489326,40.66674596222121
Crown Heights (South),BK0901,2019,541.6666666666666,77,484.8484848484849,11.718749999999986,455.2314380922628,18.98709564889185,-73.94600981489326,40.66674596222121
Crown Heights (South),BK0901,2020,511.3947696139477,56,510.948905109489,0.08726205301549068,541.6666666666666,-5.588657917425036,-73.94600981489326,40.66674596222121
Crown Heights (South),BK0901,2021,764.4486951769368,153,583.6909871244635,30.968048511931084,511.3947696139477,49.483088329984234,-73.94600981489326,40.66674596222121
Crown Heights (South),BK0901,2022,869.0363271775811,134,614.297462406015,41.4683244455922,764.4486951769368,13.68144555161244,-73.94600981489326,40.66674596222121
Crown Heights (South),BK0901,2023,868.4380427833784,119,588.8157894736842,47.48891899784751,869.0363271775811,-0.06884457824057376,-73.94600981489326,40.66674596222121
Crown Heights (South),BK0901,2024,600.9615384615385,93,610.3286384976526,-1.5347633136094725,868.4380427833784,-30.799722161475916,-73.94600981489326,40.66674596222121
Crown Heights (South),BK0901,2025,684.788594888227,62,643.3739350912779,6.437105629881233,600.9615384615385,13.948822189400968,-73.94600981489326,40.66674596222121
Prospect Lefferts Gardens-Wingate,BK0902,2003,168.8435848926009,124,217.5,-22.370765566620282,,,-73.9479618570536,40.6597572449001
Prospect Lefferts Gardens-Wingate,BK0902,2004,171.57712305025996,169,242.06349206349208,-29.118959002187694,168.8435848926009,1.618976616374164,-73.9479618570536,40.6597572449001
Prospect Lefferts Gardens-Wingate,BK0902,2005,225.75342465753425,201,285.59771521827827,-20.954050880626223,171.57712305025996,31.57548083575482,-73.9479618570536,40.6597572449001
Prospect Lefferts Gardens-Wingate,BK0902,2006,250.0,175,319.9301276108415,-21.85793758564168,225.75342465753425,10.74029126213592,-73.9479618570536,40.6597572449001
Prospect Lefferts Gardens-Wingate,BK0902,2007,272.4267085915102,130,363.8791017154246,-25.132631330786264,250.0,8.970683436604077,-73.9479618570536,40.6597572449001
Prospect Lefferts Gardens-Wingate,BK0902,2008,286.754907904835,81,364.7209496043315,-21.376902474090986,272.4267085915102,5.259469377068028,-73.9479618570536,40.6597572449001
Prospect Lefferts Gardens-Wingate,BK0902,2009,230.4964539007092,69,315.0431111065702,-26.836535770896848,286.754907904835,-19.619003006845215,-73.9479618570536,40.6597572449001
Prospect Lefferts Gardens-Wingate,BK0902,2010,218.31646809205157,86,331.20603015075375,-34.084392125142976,230.4964539007092,-5.284239996986857,-73.9479618570536,40.6597572449001
Prospect Lefferts Gardens-Wingate,BK0902,2011,275.28296805216667,88,327.76517308054713,-16.012135924973077,218.31646809205157,26.093542304878063,-73.9479618570536,40.6597572449001
Prospect Lefferts Gardens-Wingate,BK0902,2012,277.9064381658175,113,337.05357142857144,-17.548288544181297,275.28296805216667,0.9530085105569266,-73.9479618570536,40.6597572449001
Prospect Lefferts Gardens-Wingate,BK0902,2013,233.25664621676893,133,346.18410700236035,-32.62063696783788,277.9064381658175,-16.066483469665986,-73.9479618570536,40.6597572449001
Prospect Lefferts Gardens-Wingate,BK0902,2014,335.3692132320539,194,352.1666317379394,-4.769735969302482,233.25664621676893,43.77691640151175,-73.9479618570536,40.6597572449001
Prospect Lefferts Gardens-Wingate,BK0902,2015,334.48460842572064,150,378.1408590172051,-11.544970491934635,335.3692132320539,-0.2637704271683262,-73.9479618570536,40.6597572449001
Prospect Lefferts Gardens-Wingate,BK0902,2016,406.07344632768365,148,412.8122109158187,-1.6324043741790428,334.48460842572064,21.402730080436818,-73.9479618570536,40.6597572449001
Prospect Lefferts Gardens-Wingate,BK0902,2017,446.4285714285714,145,453.2408424405514,-1.5030134917449565,406.07344632768365,9.937888198757744,-73.9479618570536,40.6597572449001
Prospect Lefferts Gardens-Wingate,BK0902,2018,548.1186685962373,133,468.4992756435464,16.994560523775196,446.4285714285714,22.778581765557163,-73.9479618570536,40.6597572449001
Prospect Lefferts Gardens-Wingate,BK0902,2019,534.9462365591398,127,484.8484848484849,10.332661290322585,548.1186685962373,-2.4032080627417396,-73.9479618570536,40.6597572449001
Prospect Lefferts Gardens-Wingate,BK0902,2020,590.0,101,510.948905109489,15.47142857142859,534.9462365591398,10.291457286432152,-73.9479618570536,40.6597572449001
Prospect Lefferts Gardens-Wingate,BK0902,2021,605.3811659192825,165,583.6909871244635,3.7160379847006015,590.0,2.6069772744546555,-73.9479618570536,40.6597572449001
Prospect Lefferts Gardens-Wingate,BK0902,2022,602.1279264653381,184,614.297462406015,-1.9810493588908222,605.3811659192825,-0.5373869616515546,-73.9479618570536,40.6597572449001
Prospect Lefferts Gardens-Wingate,BK0902,2023,647.8273232791305,164,588.8157894736842,10.022070545729434,602.1279264653381,7.589649110291371,-73.9479618570536,40.6597572449001
Prospect Lefferts Gardens-Wingate,BK0902,2024,697.9627989371124,169,610.3286384976526,14.358520133542266,647.8273232791305,7.739018385981225,-73.9479618570536,40.6597572449001
Prospect Lefferts Gardens-Wingate,BK0902,2025,612.2052345167142,167,643.3739350912779,-4.844569988702084,697.9627989371124,-12.286838861755028,-73.9479618570536,40.6597572449001
Bay Ridge,BK1001,2003,278.32516761217124,381,217.5,27.96559430444655,,,-74.02992714312906,40.62667181272045
Bay Ridge,BK1001,2004,292.3425122595247,439,242.06349206349208,20.77100506459053,278.32516761217124,5.036319484727937,-74.02992714312906,40.62667181272045
Bay Ridge,BK1001,2005,353.4829192546584,440,285.59771521827827,23.76951929902395,292.3425122595247,20.9139637347225,-74.02992714312906,40.62667181272045
Bay Ridge,BK1001,2006,349.0508266993264,303,319.9301276108415,9.102205942888542,353.4829192546584,-1.2538349984993098,-74.02992714312906,40.62667181272045
Bay Ridge,BK1001,2007,364.47124304267163,310,363.8791017154246,0.16273023772332784,349.0508266993264,4.417814015558373,-74.02992714312906,40.62667181272045
Bay Ridge,BK1001,2008,374.8900615655233,255,364.7209496043315,2.7881897029012936,364.47124304267163,2.858611954093687,-74.02992714312906,40.62667181272045
Bay Ridge,BK1001,2009,354.34322033898303,227,315.0431111065702,12.474517882449012,374.8900615655233,-5.4807644515134974,-74.02992714312906,40.62667181272045
Bay Ridge,BK1001,2010,332.92880258899675,282,331.20603015075375,0.5201512899565418,354.34322033898303,-6.0434111677091344,-74.02992714312906,40.62667181272045
Bay Ridge,BK1001,2011,336.3104731525784,240,327.76517308054713,2.607140957569436,332.92880258899675,1.0157338557926987,-74.02992714312906,40.62667181272045
Bay Ridge,BK1001,2012,348.4405458089669,251,337.05357142857144,3.378387100938511,336.3104731525784,3.606807882811678,-74.02992714312906,40.62667181272045
Bay Ridge,BK1001,2013,375.6497578904381,274,346.18410700236035,8.511555063351544,348.4405458089669,7.808853593171876,-74.02992714312906,40.62667181272045
Bay Ridge,BK1001,2014,427.9040404040404,326,352.1666317379394,21.506128588145206,375.6497578904381,13.910373004644077,-74.02992714312906,40.62667181272045
Bay Ridge,BK1001,2015,468.5990141913119,312,378.1408590172051,23.921814587614026,427.9040404040404,9.51030370006462,-74.02992714312906,40.62667181272045
Bay Ridge,BK1001,2016,507.5757575757576,285,412.8122109158187,22.955606485018258,468.5990141913119,8.317717751009386,-74.02992714312906,40.62667181272045
Bay Ridge,BK1001,2017,545.0073509299782,280,453.2408424405514,20.246742988847753,507.5757575757576,7.374582571279278,-74.02992714312906,40.62667181272045
Bay Ridge,BK1001,2018,564.5471731358285,308,468.4992756435464,20.50118377671929,545.0073509299782,3.5852401206164237,-74.02992714312906,40.62667181272045
Bay Ridge,BK1001,2019,578.7037037037037,243,484.8484848484849,19.357638888888882,564.5471731358285,2.5075903735805514,-74.02992714312906,40.62667181272045
Bay Ridge,BK1001,2020,556.4639533364791,240,510.948905109489,8.907945152996641,578.7037037037037,-3.843028863456409,-74.02992714312906,40.62667181272045
Bay Ridge,BK1001,2021,592.1052631578947,349,583.6909871244635,1.4415634674922535,556.4639533364791,6.404962910484197,-74.02992714312906,40.62667181272045
Bay Ridge,BK1001,2022,635.3192508710802,378,614.297462406015,3.422086163717691,592.1052631578947,7.298362369337992,-74.02992714312906,40.62667181272045
Bay Ridge,BK1001,2023,664.2853921774945,284,588.8157894736842,12.817183922881753,635.3192508710802,4.559304832444338,-74.02992714312906,40.62667181272045
Bay Ridge,BK1001,2024,660.2112676056338,281,610.3286384976526,8.173076923076918,664.2853921774945,-0.6133093727239606,-74.02992714312906,40.62667181272045
Bay Ridge,BK1001,2025,675.6520211478016,238,643.3739350912779,5.017002445388831,660.2112676056338,2.338759469853689,-74.02992714312906,40.62667181272045
Dyker Heights,BK1002,2003,261.25,231,217.5,20.114942528735632,,,-74.01084498975757,40.62396327921962
Dyker Heights,BK1002,2004,301.9649621212121,264,242.06349206349208,24.74618107302533,261.25,15.584674496157753,-74.01084498975757,40.62396327921962
Dyker Heights,BK1002,2005,327.47912801484233,266,285.59771521827827,14.664477537768358,301.9649621212121,8.44937959503677,-74.01084498975757,40.62396327921962
Dyker Heights,BK1002,2006,346.98275862068965,251,319.9301276108415,8.455793523376636,327.47912801484233,5.9556866185876,-74.01084498975757,40.62396327921962
Dyker Heights,BK1002,2007,348.3496441281139,238,363.8791017154246,-4.2677519852337396,346.98275862068965,0.3939347052452436,-74.01084498975757,40.62396327921962
Dyker Heights,BK1002,2008,363.43290478103654,198,364.7209496043315,-0.3531589903712157,348.3496441281139,4.329919925905087,-74.01084498975757,40.62396327921962
Dyker Heights,BK1002,2009,352.7462637722265,166,315.0431111065702,11.967616918594468,363.43290478103654,-2.940471506081326,-74.01084498975757,40.62396327921962
Dyker Heights,BK1002,2010,351.768081800411,180,331.20603015075375,6.208235894828994,352.7462637722265,-0.27730470093572096,-74.01084498975757,40.62396327921962
Dyker Heights,BK1002,2011,350.96153846153845,145,327.76517308054713,7.077129385949403,351.768081800411,-0.22928269521910538,-74.01084498975757,40.62396327921962
Dyker Heights,BK1002,2012,372.8070175438597,201,337.05357142857144,10.607644940164985,350.96153846153845,6.224465272770978,-74.01084498975757,40.62396327921962
Dyker Heights,BK1002,2013,397.2457627118644,215,346.18410700236035,14.74985554699538,372.8070175438597,6.5553339980059775,-74.01084498975757,40.62396327921962
Dyker Heights,BK1002,2014,437.2068685660587,226,352.1666317379394,24.147727003108287,397.2457627118644,10.059542380362505,-74.01084498975757,40.62396327921962
Dyker Heights,BK1002,2015,479.71491228070175,202,378.1408590172051,26.861432939960373,437.2068685660587,9.722638588469572,-74.01084498975757,40.62396327921962
Dyker Heights,BK1002,2016,528.8461538461538,195,412.8122109158187,28.10816634346045,479.71491228070175,10.241758241758236,-74.01084498975757,40.62396327921962
Dyker Heights,BK1002,2017,569.9481865284974,191,453.2408424405514,25.749520599140137,528.8461538461538,7.772020725388614,-74.01084498975757,40.62396327921962
Dyker Heights,BK1002,2018,605.0826158574898,186,468.4992756435464,29.153372761639375,569.9481865284974,6.164495327723209,-74.01084498975757,40.62396327921962
Dyker Heights,BK1002,2019,602.5974025974026,189,484.8484848484849,24.28571428571428,605.0826158574898,-0.4107229649236102,-74.01084498975757,40.62396327921962
Dyker Heights,BK1002,2020,580.6010928961749,167,510.948905109489,13.631928181108535,602.5974025974026,-3.6502496702468363,-74.01084498975757,40.62396327921962
Dyker Heights,BK1002,2021,608.4701350865273,268,583.6909871244635,4.245251084677108,580.6010928961749,4.800032678432458,-74.01084498975757,40.62396327921962
Dyker Heights,BK1002,2022,692.0036485253877,330,614.297462406015,12.649602330281706,608.4701350865273,13.728449207615018,-74.01084498975757,40.62396327921962
Dyker Heights,BK1002,2023,657.8947368421053,273,588.8157894736842,11.731843575419013,692.0036485253877,-4.92900749236888,-74.01084498975757,40.62396327921962
Dyker Heights,BK1002,2024,719.4767441860465,241,610.3286384976526,17.88349731663685,657.8947368421053,9.36046511627906,-74.01084498975757,40.62396327921962
Dyker Heights,BK1002,2025,742.0609186690621,236,643.3739350912779,15.338977567343182,719.4767441860465,3.1389721301645848,-74.01084498975757,40.62396327921962
Bensonhurst,BK1101,2003,229.55113023827954,382,217.5,5.540749534841169,,,-73.99326536066336,40.613264844276785
Bensonhurst,BK1101,2004,259.8847926267281,418,242.06349206349208,7.362242199894219,229.55113023827954,13.214338067933484,-73.99326536066336,40.613264844276785
Bensonhurst,BK1101,2005,290.53166069295105,430,285.59771521827827,1.7275857654889986,259.8847926267281,11.792482259722286,-73.99326536066336,40.613264844276785
Bensonhurst,BK1101,2006,309.8484848484849,397,319.9301276108415,-3.1512014319013444,290.53166069295105,6.648784545361081,-73.99326536066336,40.613264844276785
Bensonhurst,BK1101,2007,335.0,441,363.8791017154246,-7.936455152076805,309.8484848484849,8.117359413202925,-73.99326536066336,40.613264844276785
Bensonhurst,BK1101,2008,336.6280241935484,410,364.7209496043315,-7.702580682919306,335.0,0.48597737120848145,-73.99326536066336,40.613264844276785
Bensonhurst,BK1101,2009,323.4229576008273,299,315.0431111065702,2.6599046920351253,336.6280241935484,-3.9227472591909582,-73.99326536066336,40.613264844276785
Bensonhurst,BK1101,2010,336.14019790417274,346,331.20603015075375,1.4897578257174617,323.4229576008273,3.9320771777250267,-73.99326536066336,40.613264844276785
Bensonhurst,BK1101,2011,331.6666666666667,287,327.76517308054713,1.1903319530415084,336.14019790417274,-1.3308528005274072,-73.99326536066336,40.613264844276785
Bensonhurst,BK1101,2012,329.0172086266622,308,337.05357142857144,-2.3842983677187743,331.6666666666667,-0.7988315698506041,-73.99326536066336,40.613264844276785
Bensonhurst,BK1101,2013,367.97178755577886,350,346.18410700236035,6.293668632589757,329.0172086266622,11.839678262336326,-73.99326536066336,40.613264844276785
Bensonhurst,BK1101,2014,389.56174911231085,332,352.1666317379394,10.618586204441595,367.97178755577886,5.867287190667922,-73.99326536066336,40.613264844276785
Bensonhurst,BK1101,2015,431.5856777493606,315,378.1408590172051,14.133574158333367,389.56174911231085,10.787488436123192,-73.99326536066336,40.613264844276785
Bensonhurst,BK1101,2016,489.3964110929853,381,412.8122109158187,18.55182529781896,431.5856777493606,13.394961029545039,-73.99326536066336,40.613264844276785
Bensonhurst,BK1101,2017,546.5444287729196,343,453.2408424405514,20.585873468498416,489.3964110929853,11.677244945933229,-73.99326536066336,40.613264844276785
Bensonhurst,BK1101,2018,582.7586206896552,393,468.4992756435464,24.388371761975154,546.5444287729196,6.626028921023379,-73.99326536066336,40.613264844276785
Bensonhurst,BK1101,2019,580.3921568627451,339,484.8484848484849,19.705882352941167,582.7586206896552,-0.4060795915999663,-73.99326536066336,40.613264844276785
Bensonhurst,BK1101,2020,566.2014302008117,254,510.948905109489,10.813708482158884,580.3921568627451,-2.445023850535814,-73.99326536066336,40.613264844276785
Bensonhurst,BK1101,2021,567.1210601422899,406,583.6909871244635,-2.8388183726812075,566.2014302008117,0.16242098525820495,-73.99326536066336,40.613264844276785
Bensonhurst,BK1101,2022,578.207381370826,397,614.297462406015,-5.875017112041319,567.1210601422899,1.9548420976915541,-73.99326536066336,40.613264844276785
Bensonhurst,BK1101,2023,622.8588388263893,278,588.8157894736842,5.78161285096221,578.207381370826,7.722394921646039,-73.99326536066336,40.613264844276785
Bensonhurst,BK1101,2024,617.5742574257425,317,610.3286384976526,1.1871667936024262,622.8588388263893,-0.8484396577889337,-73.99326536066336,40.613264844276785
Bensonhurst,BK1101,2025,650.3036437246964,331,643.3739350912779,1.0770888056625043,617.5742574257425,5.299668162235411,-73.99326536066336,40.613264844276785
Bath Beach,BK1102,2003,243.73291194066215,134,217.5,12.06110893823547,,,-74.00748270459776,40.604260297592376
Bath Beach,BK1102,2004,253.47222222222223,147,242.06349206349208,4.713114754098358,243.73291194066215,3.9958946061134157,-74.00748270459776,40.604260297592376
Bath Beach,BK1102,2005,305.92105263157896,187,285.59771521827827,7.116071428571427,253.47222222222223,20.69214131218457,-74.00748270459776,40.604260297592376
Bath Beach,BK1102,2006,325.3362593798669,138,319.9301276108415,1.6897851444617016,305.92105263157896,6.346476184386588,-74.00748270459776,40.604260297592376
Bath Beach,BK1102,2007,335.7142857142857,153,363.8791017154246,-7.740157615087627,325.3362593798669,3.189938420697623,-74.00748270459776,40.604260297592376
Bath Beach,BK1102,2008,361.8421052631579,187,364.7209496043315,-0.7893279353151256,335.7142857142857,7.782754759238526,-74.00748270459776,40.604260297592376
Bath Beach,BK1102,2009,337.0252426278462,110,315.0431111065702,6.977499506040627,361.8421052631579,-6.858478401031606,-74.00748270459776,40.604260297592376
Bath Beach,BK1102,2010,338.5959201388889,96,331.20603015075375,2.2312063535713826,337.0252426278462,0.4660415044273472,-74.00748270459776,40.604260297592376
Bath Beach,BK1102,2011,329.3670066375263,106,327.76517308054713,0.488713776977615,338.5959201388889,-2.725642263373112,-74.00748270459776,40.604260297592376
Bath Beach,BK1102,2012,341.0192300943959,122,337.05357142857144,1.176566279661819,329.3670066375263,3.537762806246423,-74.00748270459776,40.604260297592376
Bath Beach,BK1102,2013,379.6296296296296,115,346.18410700236035,9.661195286195282,341.0192300943959,11.322059323325016,-74.00748270459776,40.604260297592376
Bath Beach,BK1102,2014,392.8929997015432,138,352.1666317379394,11.564516422984067,379.6296296296296,3.493765775040652,-74.00748270459776,40.604260297592376
Bath Beach,BK1102,2015,424.11985159324536,102,378.1408590172051,12.1592236013692,392.8929997015432,7.947927785789842,-74.00748270459776,40.604260297592376
Bath Beach,BK1102,2016,474.6494066882416,125,412.8122109158187,14.97949773221045,424.11985159324536,11.913980188660656,-74.00748270459776,40.604260297592376
Bath Beach,BK1102,2017,516.2957746478874,108,453.2408424405514,13.912014607466997,474.6494066882416,8.77413252240719,-74.00748270459776,40.604260297592376
Bath Beach,BK1102,2018,534.3198600960084,98,468.4992756435464,14.049239321031731,516.2957746478874,3.4910387288010254,-74.00748270459776,40.604260297592376
Bath Beach,BK1102,2019,548.1283422459893,99,484.8484848484849,13.051470588235286,534.3198600960084,2.5843101073390344,-74.00748270459776,40.604260297592376
Bath Beach,BK1102,2020,534.0848094471282,89,510.948905109489,4.528026991795113,548.1283422459893,-2.562088422816604,-74.00748270459776,40.604260297592376
Bath Beach,BK1102,2021,538.5235332043842,150,583.6909871244635,-7.738247620131235,534.0848094471282,0.8310896843987787,-74.00748270459776,40.604260297592376
Bath Beach,BK1102,2022,590.7111922332131,140,614.297462406015,-3.8395519461242382,538.5235332043842,9.690878078864245,-74.00748270459776,40.604260297592376
Bath Beach,BK1102,2023,593.8003079722826,126,588.8157894736842,0.8465327505999503,590.7111922332131,0.5229485710929106,-74.00748270459776,40.604260297592376
Bath Beach,BK1102,2024,599.3340732519423,89,610.3286384976526,-1.8014172287202268,593.8003079722826,0.9319236122588963,-74.00748270459776,40.604260297592376
Bath Beach,BK1102,2025,725.4113980808896,158,643.3739350912779,12.7511325086511,599.3340732519423,21.036235124237322,-74.00748270459776,40.604260297592376
Gravesend (West),BK1103,2003,230.07876432078558,226,217.5,5.783339917602566,,,-73.98573290077812,40.59929249270001
Gravesend (West),BK1103,2004,267.4616695059625,295,242.06349206349208,10.492361828692701,230.07876432078558,16.247872894977867,-73.98573290077812,40.59929249270001
Gravesend (West),BK1103,2005,309.8106712564544,351,285.59771521827827,8.47799360708138,267.4616695059625,15.833671355120213,-73.98573290077812,40.59929249270001
Gravesend (West),BK1103,2006,300.5874766546713,270,319.9301276108415,-6.045898553104794,309.8106712564544,-2.9770422575755333,-73.98573290077812,40.59929249270001
Gravesend (West),BK1103,2007,292.96875,261,363.8791017154246,-19.487338344283586,300.5874766546713,-2.5346121333671072,-73.98573290077812,40.59929249270001
Gravesend (West),BK1103,2008,338.1847072419106,210,364.7209496043315,-7.27576586735937,292.96875,15.433713405238814,-73.98573290077812,40.59929249270001
Gravesend (West),BK1103,2009,340.47091595016667,206,315.0431111065702,8.07121436627603,338.1847072419106,0.6760236815264122,-73.98573290077812,40.59929249270001
Gravesend (West),BK1103,2010,311.9682359614294,223,331.20603015075375,-5.808406984790693,340.47091595016667,-8.371546188958206,-73.98573290077812,40.59929249270001
Gravesend (West),BK1103,2011,296.17287353249867,190,327.76517308054713,-9.638699331940542,311.9682359614294,-5.063131629491795,-73.98573290077812,40.59929249270001
Gravesend (West),BK1103,2012,331.4275526464023,196,337.05357142857144,-1.669176433385277,296.17287353249867,11.903412589213778,-73.98573290077812,40.59929249270001
Gravesend (West),BK1103,2013,357.41390499861916,250,346.18410700236035,3.243880284828397,331.4275526464023,7.840733863168429,-73.98573290077812,40.59929249270001
Gravesend (West),BK1103,2014,377.62770765819545,230,352.1666317379394,7.229837703420642,357.41390499861916,5.655572538414358,-73.98573290077812,40.59929249270001
Gravesend (West),BK1103,2015,420.1806948609244,231,378.1408590172051,11.117506834088646,377.62770765819545,11.268502374101534,-73.98573290077812,40.59929249270001
Gravesend (West),BK1103,2016,472.8793393057111,214,412.8122109158187,14.550715022851243,420.1806948609244,12.541900446480389,-73.98573290077812,40.59929249270001
Gravesend (West),BK1103,2017,521.875,211,453.2408424405514,15.142977228150157,472.8793393057111,10.361133723081476,-73.98573290077812,40.59929249270001
Gravesend (West),BK1103,2018,543.4782608695652,203,468.4992756435464,16.004077086997665,521.875,4.139546992970587,-73.98573290077812,40.59929249270001
Gravesend (West),BK1103,2019,549.5097574838954,186,484.8484848484849,13.33638748105343,543.4782608695652,1.1097953770367557,-73.98573290077812,40.59929249270001
Gravesend (West),BK1103,2020,535.8814874264312,124,510.948905109489,4.879662539172989,549.5097574838954,-2.480077900684702,-73.98573290077812,40.59929249270001
Gravesend (West),BK1103,2021,533.6467015571493,232,583.6909871244635,-8.573763630282508,535.8814874264312,-0.4170298697972382,-73.98573290077812,40.59929249270001
Gravesend (West),BK1103,2022,588.3095662507427,268,614.297462406015,-4.2305068384111,533.6467015571493,10.243268539670613,-73.98573290077812,40.59929249270001
Gravesend (West),BK1103,2023,575.2834993276931,180,588.8157894736842,-2.2982213432297662,588.3095662507427,-2.2141518122956674,-73.98573290077812,40.59929249270001
Gravesend (West),BK1103,2024,669.540098834087,232,610.3286384976526,9.70157003973886,575.2834993276931,16.38437389852953,-73.98573290077812,40.59929249270001
Gravesend (West),BK1103,2025,654.4320374965537,194,643.3739350912779,1.7187675474771835,669.540098834087,-2.256483422552573,-73.98573290077812,40.59929249270001
Sunset Park (East)-Borough Park (West),BK1201,2003,199.17849329264783,88,217.5,-8.423681244759619,,,-73.99938751820106,40.64082694358581
Sunset Park (East)-Borough Park (West),BK1201,2004,208.33333333333331,95,242.06349206349208,-13.93442622950821,199.17849329264783,4.596299474579575,-73.99938751820106,40.64082694358581
Sunset Park (East)-Borough Park (West),BK1201,2005,284.9002849002849,107,285.59771521827827,-0.24420024420025838,208.33333333333331,36.75213675213675,-73.99938751820106,40.64082694358581
Sunset Park (East)-Borough Park (West),BK1201,2006,345.9157891995025,106,319.9301276108415,8.122292758958167,284.9002849002849,21.416442009025396,-73.99938751820106,40.64082694358581
Sunset Park (East)-Borough Park (West),BK1201,2007,343.40044742729305,151,363.8791017154246,-5.627873156658254,345.9157891995025,-0.7271543684173307,-73.99938751820106,40.64082694358581
Sunset Park (East)-Borough Park (West),BK1201,2008,303.9980235301483,94,364.7209496043315,-16.649146735348936,343.40044742729305,-11.474191193500777,-73.99938751820106,40.64082694358581
Sunset Park (East)-Borough Park (West),BK1201,2009,341.88034188034186,71,315.0431111065702,8.518589941391658,303.9980235301483,12.46136994914924,-73.99938751820106,40.64082694358581
Sunset Park (East)-Borough Park (West),BK1201,2010,281.5326633165829,84,331.20603015075375,-14.997724169321803,341.88034188034186,-17.651695979899497,-73.99938751820106,40.64082694358581
Sunset Park (East)-Borough Park (West),BK1201,2011,289.6421575653337,89,327.76517308054713,-11.63119777397607,281.5326633165829,2.8804807773340713,-73.99938751820106,40.64082694358581
Sunset Park (East)-Borough Park (West),BK1201,2012,296.2931477632482,78,337.05357142857144,-12.093158809314442,289.6421575653337,2.2962783642482196,-73.99938751820106,40.64082694358581
Sunset Park (East)-Borough Park (West),BK1201,2013,322.3684210526316,83,346.18410700236035,-6.879485645933004,296.2931477632482,8.800498251893,-73.99938751820106,40.64082694358581
Sunset Park (East)-Borough Park (West),BK1201,2014,360.28050523281246,84,352.1666317379394,2.303987023083697,322.3684210526316,11.760483255892831,-73.99938751820106,40.64082694358581
Sunset Park (East)-Borough Park (West),BK1201,2015,392.66851070024745,79,378.1408590172051,3.8418624532667436,360.28050523281246,8.989663608500253,-73.99938751820106,40.64082694358581
Sunset Park (East)-Borough Park (West),BK1201,2016,411.14998409324255,84,412.8122109158187,-0.40265931545205874,392.66851070024745,4.706634957826643,-73.99938751820106,40.64082694358581
Sunset Park (East)-Borough Park (West),BK1201,2017,474.90759854516864,74,453.2408424405514,4.780406811519673,411.14998409324255,15.50714262887259,-73.99938751820106,40.64082694358581
Sunset Park (East)-Borough Park (West),BK1201,2018,433.3333333333333,113,468.4992756435464,-7.506082535967205,474.90759854516864,-8.75417983186495,-73.99938751820106,40.64082694358581
Sunset Park (East)-Borough Park (West),BK1201,2019,552.2388059701492,103,484.8484848484849,13.899253731343267,433.3333333333333,27.439724454649824,-73.99938751820106,40.64082694358581
Sunset Park (East)-Borough Park (West),BK1201,2020,513.3789670192906,71,510.948905109489,0.47559783091831764,552.2388059701492,-7.03678164785818,-73.99938751820106,40.64082694358581
Sunset Park (East)-Borough Park (West),BK1201,2021,537.4986217468002,118,583.6909871244635,-7.9138390683790885,513.3789670192906,4.698216381467619,-73.99938751820106,40.64082694358581
Sunset Park (East)-Borough Park (West),BK1201,2022,602.734375,116,614.297462406015,-1.8823270668783094,537.4986217468002,12.136915447558208,-73.99938751820106,40.64082694358581
Sunset Park (East)-Borough Park (West),BK1201,2023,578.9246741581624,84,588.8157894736842,-1.6798318748148757,602.734375,-3.9502808914519996,-73.99938751820106,40.64082694358581
Sunset Park (East)-Borough Park (West),BK1201,2024,625.9889062373886,94,610.3286384976526,2.565874637356747,578.9246741581624,8.129595123521769,-73.99938751820106,40.64082694358581
Sunset Park (East)-Borough Park (West),BK1201,2025,746.3090066559097,120,643.3739350912779,15.999260453413926,625.9889062373886,19.220803950300848,-73.99938751820106,40.64082694358581
Borough Park,BK1202,2003,204.2942176870748,177,217.5,-6.0716240519196365,,,-73.98954496743109,40.63293565474249
Borough Park,BK1202,2004,205.3921568627451,239,242.06349206349208,-15.14946962391514,204.2942176870748,0.5374303727734843,-73.98954496743109,40.63293565474249
Borough Park,BK1202,2005,250.75757575757575,210,285.59771521827827,-12.19902597402598,205.3921568627451,22.087220655239737,-73.98954496743109,40.63293565474249
Borough Park,BK1202,2006,270.9375,253,319.9301276108415,-15.313539858439167,250.75757575757575,8.047583081571,-73.98954496743109,40.63293565474249
Borough Park,BK1202,2007,289.62667591308366,252,363.8791017154246,-20.40579562065942,270.9375,6.897965734932838,-73.98954496743109,40.63293565474249
Borough Park,BK1202,2008,293.8814942035208,187,364.7209496043315,-19.422919214720487,289.62667591308366,1.46906989041092,-73.98954496743109,40.63293565474249
Borough Park,BK1202,2009,285.80357142857144,176,315.0431111065702,-9.281123327946016,293.8814942035208,-2.7487007294699426,-73.98954496743109,40.63293565474249
Borough Park,BK1202,2010,270.514248584424,196,331.20603015075375,-18.324479641480224,285.80357142857144,-5.349591248186539,-73.98954496743109,40.63293565474249
Borough Park,BK1202,2011,256.31064834693,228,327.76517308054713,-21.800523851281,270.514248584424,-5.2505922744624876,-73.98954496743109,40.63293565474249
Borough Park,BK1202,2012,296.98235330024227,204,337.05357142857144,-11.888679285755941,256.31064834693,15.868129246921086,-73.98954496743109,40.63293565474249
Borough Park,BK1202,2013,307.6631930703953,206,346.18410700236035,-11.127291274438079,296.98235330024227,3.596456035673936,-73.98954496743109,40.63293565474249
Borough Park,BK1202,2014,338.90613077618264,262,352.1666317379394,-3.765405284514403,307.6631930703953,10.154915638101283,-73.98954496743109,40.63293565474249
Borough Park,BK1202,2015,360.75712143928035,270,378.1408590172051,-4.597159276335652,338.90613077618264,6.447505276181727,-73.98954496743109,40.63293565474249
Borough Park,BK1202,2016,390.9026297085999,247,412.8122109158187,-5.307396590476985,360.75712143928035,8.356178292212414,-73.98954496743109,40.63293565474249
Borough Park,BK1202,2017,484.562684607811,297,453.2408424405514,6.910639826411471,390.9026297085999,23.95994495330728,-73.98954496743109,40.63293565474249
Borough Park,BK1202,2018,510.9830191618632,231,468.4992756435464,9.068048922799223,484.562684607811,5.452407994527261,-73.98954496743109,40.63293565474249
Borough Park,BK1202,2019,475.38200339558574,231,484.8484848484849,-1.9524617996604456,510.9830191618632,-6.967162201333381,-73.98954496743109,40.63293565474249
Borough Park,BK1202,2020,491.1620294599018,205,510.948905109489,-3.8725742342763443,475.38200339558574,3.3194411971007747,-73.98954496743109,40.63293565474249
Borough Park,BK1202,2021,530.3251493032515,369,583.6909871244635,-9.142823685545887,491.1620294599018,7.9735642200222046,-73.98954496743109,40.63293565474249
Borough Park,BK1202,2022,618.7853574111518,374,614.297462406015,0.7305735868676873,530.3251493032515,16.680372074400132,-73.98954496743109,40.63293565474249
Borough Park,BK1202,2023,632.7936053606692,222,588.8157894736842,7.468858117119242,618.7853574111518,2.2638299018781662,-73.98954496743109,40.63293565474249
Borough Park,BK1202,2024,674.4604316546763,271,610.3286384976526,10.507747648035423,632.7936053606692,6.584583968774238,-73.98954496743109,40.63293565474249
Borough Park,BK1202,2025,717.1050892957542,240,643.3739350912779,11.460077908505227,674.4604316546763,6.32278123958381,-73.98954496743109,40.63293565474249
Kensington,BK1203,2003,216.65182464147233,130,217.5,-0.389965682081687,,,-73.97605165802382,40.64113578244058
Kensington,BK1203,2004,232.05741626794256,109,242.06349206349208,-4.133657541767998,216.65182464147233,7.110760157208124,-73.97605165802382,40.64113578244058
Kensington,BK1203,2005,266.29570747217804,119,285.59771521827827,-6.758460140813094,232.05741626794256,14.754232704505602,-73.97605165802382,40.64113578244058
Kensington,BK1203,2006,289.6513566441712,104,319.9301276108415,-9.464182442830452,266.29570747217804,8.77056915175146,-73.97605165802382,40.64113578244058
Kensington,BK1203,2007,324.4005641748942,83,363.8791017154246,-10.849355556397134,289.6513566441712,11.996908260095424,-73.97605165802382,40.64113578244058
Kensington,BK1203,2008,330.1056338028169,67,364.7209496043315,-9.490904166340632,324.4005641748942,1.7586497244335575,-73.97605165802382,40.64113578244058
Kensington,BK1203,2009,319.58801873633513,64,315.0431111065702,1.4426303796331839,330.1056338028169,-3.1861361908062102,-73.97605165802382,40.64113578244058
Kensington,BK1203,2010,262.451171875,50,331.20603015075375,-20.75893915471855,319.58801873633513,-17.878281885302428,-73.97605165802382,40.64113578244058
Kensington,BK1203,2011,283.0188679245283,55,327.76517308054713,-13.651940117818,262.451171875,7.836770513383065,-73.97605165802382,40.64113578244058
Kensington,BK1203,2012,288.400954653938,61,337.05357142857144,-14.434683652341572,283.0188679245283,1.90167064439143,-73.97605165802382,40.64113578244058
Kensington,BK1203,2013,322.42457897271476,78,346.18410700236035,-6.86326366492717,288.400954653938,11.797334152240525,-73.97605165802382,40.64113578244058
Kensington,BK1203,2014,366.5675558551618,50,352.1666317379394,4.089235838771543,322.42457897271476,13.690946584498029,-73.97605165802382,40.64113578244058
Kensington,BK1203,2015,422.2103004291845,81,378.1408590172051,11.654239514480565,366.5675558551618,15.179396999337346,-73.97605165802382,40.64113578244058
Kensington,BK1203,2016,445.4674649250121,106,412.8122109158187,7.910438002002931,422.2103004291845,5.508431336750025,-73.97605165802382,40.64113578244058
Kensington,BK1203,2017,515.5109489051094,75,453.2408424405514,13.738855953328088,445.4674649250121,15.723591394466514,-73.97605165802382,40.64113578244058
Kensington,BK1203,2018,530.2557704304429,87,468.4992756435464,13.181769534662715,515.5109489051094,2.8602344056222084,-73.97605165802382,40.64113578244058
Kensington,BK1203,2019,533.3333333333334,75,484.8484848484849,10.000000000000002,530.2557704304429,0.5803921568627545,-73.97605165802382,40.64113578244058
Kensington,BK1203,2020,550.714040365139,62,510.948905109489,7.782605042891505,533.3333333333334,3.258882568463555,-73.97605165802382,40.64113578244058
Kensington,BK1203,2021,547.6311373020187,144,583.6909871244635,-6.177900741639438,550.714040365139,-0.5598010650093889,-73.97605165802382,40.64113578244058
Kensington,BK1203,2022,649.3506493506494,95,614.297462406015,5.706223627775016,547.6311373020187,18.574457352765965,-73.97605165802382,40.64113578244058
Kensington,BK1203,2023,683.4134615384615,58,588.8157894736842,16.065749892565545,649.3506493506494,5.24567307692307,-73.97605165802382,40.64113578244058
Kensington,BK1203,2024,631.8845628056154,76,610.3286384976526,3.5318552904585125,683.4134615384615,-7.539930310539576,-73.97605165802382,40.64113578244058
Kensington,BK1203,2025,868.0555555555555,135,643.3739350912779,34.92240021075788,631.8845628056154,37.375654771707524,-73.97605165802382,40.64113578244058
Mapleton-Midwood (West),BK1204,2003,230.48996913580248,150,217.5,5.9723996026678075,,,-73.9733183911863,40.61931855387498
Mapleton-Midwood (West),BK1204,2004,283.07109557109555,172,242.06349206349208,16.94084603920668,230.48996913580248,22.81276128086632,-73.9733183911863,40.61931855387498
Mapleton-Midwood (West),BK1204,2005,322.4793388429752,175,285.59771521827827,12.913837072018886,283.07109557109555,13.921676882047452,-73.9733183911863,40.61931855387498
Mapleton-Midwood (West),BK1204,2006,342.2619047619048,155,319.9301276108415,6.980204495847719,322.4793388429752,6.134521978960744,-73.9733183911863,40.61931855387498
Mapleton-Midwood (West),BK1204,2007,344.82758620689657,151,363.8791017154246,-5.2356717983291805,342.2619047619048,0.7496251874062861,-73.9733183911863,40.61931855387498
Mapleton-Midwood (West),BK1204,2008,337.28502410809665,130,364.7209496043315,-7.522442987165611,344.82758620689657,-2.1873430086519767,-73.9733183911863,40.61931855387498
Mapleton-Midwood (West),BK1204,2009,324.8376623376623,100,315.0431111065702,3.1089558494674967,337.28502410809665,-3.6904578859822323,-73.9733183911863,40.61931855387498
Mapleton-Midwood (West),BK1204,2010,340.95574187232563,118,331.20603015075375,2.943699943245039,324.8376623376623,4.961887552899849,-73.9733183911863,40.61931855387498
Mapleton-Midwood (West),BK1204,2011,334.70884915176526,105,327.76517308054713,2.118491115440063,340.95574187232563,-1.8321711452214173,-73.9733183911863,40.61931855387498
Mapleton-Midwood (West),BK1204,2012,341.1599099099099,146,337.05357142857144,1.2183043971123404,334.70884915176526,1.92736486486486,-73.9733183911863,40.61931855387498
Mapleton-Midwood (West),BK1204,2013,356.3278008298755,135,346.18410700236035,2.930144285175403,341.1599099099099,4.445976939075575,-73.9733183911863,40.61931855387498
Mapleton-Midwood (West),BK1204,2014,406.4039408866995,147,352.1666317379394,15.401035833832255,356.3278008298755,14.053391270677823,-73.9733183911863,40.61931855387498
Mapleton-Midwood (West),BK1204,2015,429.0083171442448,152,378.1408590172051,13.451986717131053,406.4039408866995,5.562046521553573,-73.9733183911863,40.61931855387498
Mapleton-Midwood (West),BK1204,2016,508.3083033249808,172,412.8122109158187,23.133059023933715,429.0083171442448,18.484486899603176,-73.9733183911863,40.61931855387498
Mapleton-Midwood (West),BK1204,2017,541.024844720497,166,453.2408424405514,19.368069701586883,508.3083033249808,6.436357852411325,-73.9733183911863,40.61931855387498
Mapleton-Midwood (West),BK1204,2018,586.5630560498221,126,468.4992756435464,25.200418985514816,541.024844720497,8.417027752736747,-73.9733183911863,40.61931855387498
Mapleton-Midwood (West),BK1204,2019,639.6484375,129,484.8484848484849,31.927490234374993,586.5630560498221,9.050242919777222,-73.9733183911863,40.61931855387498
Mapleton-Midwood (West),BK1204,2020,658.0697088465845,126,510.948905109489,28.793643017117272,639.6484375,2.8799056273133616,-73.9733183911863,40.61931855387498
Mapleton-Midwood (West),BK1204,2021,671.2962962962963,233,583.6909871244635,15.008850762527237,658.0697088465845,2.009906742690587,-73.9733183911863,40.61931855387498
Mapleton-Midwood (West),BK1204,2022,729.1666666666666,167,614.297462406015,18.699280282022347,671.2962962962963,8.620689655172407,-73.9733183911863,40.61931855387498
Mapleton-Midwood (West),BK1204,2023,762.8586897671901,105,588.8157894736842,29.558123848729494,729.1666666666666,4.620620310928929,-73.9733183911863,40.61931855387498
Mapleton-Midwood (West),BK1204,2024,825.737109375,175,610.3286384976526,35.29384945913462,762.8586897671901,8.242472747737759,-73.9733183911863,40.61931855387498
Mapleton-Midwood (West),BK1204,2025,925.1644736842104,143,643.3739350912779,43.79887390883403,825.737109375,12.041043472597094,-73.9733183911863,40.61931855387498
Gravesend (South),BK1301,2003,202.77777777777777,83,217.5,-6.768837803320565,,,-73.97795995035236,40.58797803032978
Gravesend (South),BK1301,2004,254.01069518716577,99,242.06349206349208,4.935565880599622,202.77777777777777,25.265548311479012,-73.97795995035236,40.58797803032978
Gravesend (South),BK1301,2005,286.0900673400673,122,285.59771521827827,0.17239357864356727,254.01069518716577,12.629142300194928,-73.97795995035236,40.58797803032978
Gravesend (South),BK1301,2006,265.57799742157283,83,319.9301276108415,-16.98875019841265,286.0900673400673,-7.1697945018525795,-73.97795995035236,40.58797803032978
Gravesend (South),BK1301,2007,308.5520903272011,88,363.8791017154246,-15.204778490272458,265.57799742157283,16.181345338413745,-73.97795995035236,40.58797803032978
Gravesend (South),BK1301,2008,293.01745635910225,59,364.7209496043315,-19.65982302991286,308.5520903272011,-5.034687644353755,-73.97795995035236,40.58797803032978
Gravesend (South),BK1301,2009,281.94388518177635,56,315.0431111065702,-10.506252877117294,293.01745635910225,-3.779150674134202,-73.97795995035236,40.58797803032978
Gravesend (South),BK1301,2010,304.7619047619048,65,331.20603015075375,-7.984192007860624,281.94388518177635,8.093106741938067,-73.97795995035236,40.58797803032978
Gravesend (South),BK1301,2011,277.5120668753284,54,327.76517308054713,-15.332045724354371,304.7619047619048,-8.941353056532884,-73.97795995035236,40.58797803032978
Gravesend (South),BK1301,2012,287.4942528735632,55,337.05357142857144,-14.703691862677942,277.5120668753284,3.5970277295074413,-73.97795995035236,40.58797803032978
Gravesend (South),BK1301,2013,311.25,104,346.18410700236035,-10.091193181818182,287.4942528735632,8.263033743802982,-73.97795995035236,40.58797803032978
Gravesend (South),BK1301,2014,351.9594839674675,108,352.1666317379394,-0.0588209534360455,311.25,13.079352278704423,-73.97795995035236,40.58797803032978
Gravesend (South),BK1301,2015,376.3590697674418,105,378.1408590172051,-0.47119722909453304,351.9594839674675,6.93249845832527,-73.97795995035236,40.58797803032978
Gravesend (South),BK1301,2016,421.75997142113636,82,412.8122109158187,2.1675135252097233,376.3590697674418,12.063187870495193,-73.97795995035236,40.58797803032978
Gravesend (South),BK1301,2017,392.0,67,453.2408424405514,-13.511766086831404,421.75997142113636,-7.056139377300077,-73.97795995035236,40.58797803032978
Gravesend (South),BK1301,2018,454.7542489664676,61,468.4992756435464,-2.9338416069476634,392.0,16.008736981241743,-73.97795995035236,40.58797803032978
Gravesend (South),BK1301,2019,432.18507690352106,71,484.8484848484849,-10.861827888648785,454.7542489664676,-4.962938139498451,-73.97795995035236,40.58797803032978
Gravesend (South),BK1301,2020,471.0144927536232,41,510.948905109489,-7.8157349896480195,432.18507690352106,8.98444160272804,-73.97795995035236,40.58797803032978
Gravesend (South),BK1301,2021,516.0,115,583.6909871244635,-11.597058823529409,471.0144927536232,9.55076923076923,-73.97795995035236,40.58797803032978
Gravesend (South),BK1301,2022,499.785234063745,102,614.297462406015,-18.64116903458476,516.0,-3.1423964992742235,-73.97795995035236,40.58797803032978
Gravesend (South),BK1301,2023,476.38890667683984,48,588.8157894736842,-19.093727581140044,499.785234063745,-4.681276234727873,-73.97795995035236,40.58797803032978
Gravesend (South),BK1301,2024,496.71344552255323,60,610.3286384976526,-18.615412387458587,476.38890667683984,4.266375341838222,-73.97795995035236,40.58797803032978
Gravesend (South),BK1301,2025,505.23268934091766,48,643.3739350912779,-21.471377408343656,496.71344552255323,1.7151224504104179,-73.97795995035236,40.58797803032978
Coney Island-Sea Gate,BK1302,2003,171.13095238095238,83,217.5,-21.319102353585112,,,-73.98796588377103,40.57696524696269
Coney Island-Sea Gate,BK1302,2004,189.1248681654869,136,242.06349206349208,-21.869726593930004,171.13095238095238,10.514705571484521,-73.98796588377103,40.57696524696269
Coney Island-Sea Gate,BK1302,2005,244.79166666666663,105,285.59771521827827,-14.287946428571447,189.1248681654869,29.433886215571874,-73.98796588377103,40.57696524696269
Coney Island-Sea Gate,BK1302,2006,256.32440476190476,98,319.9301276108415,-19.88112945908797,244.79166666666663,4.711246200607918,-73.98796588377103,40.57696524696269
Coney Island-Sea Gate,BK1302,2007,266.74107142857144,97,363.8791017154246,-26.69513853060486,256.32440476190476,4.06386066763426,-73.98796588377103,40.57696524696269
Coney Island-Sea Gate,BK1302,2008,268.1567593480345,80,364.7209496043315,-26.47618415148758,266.74107142857144,0.5307348852882355,-73.98796588377103,40.57696524696269
Coney Island-Sea Gate,BK1302,2009,273.7061905078247,55,315.0431111065702,-13.121036182493256,268.1567593480345,2.0694727864710476,-73.98796588377103,40.57696524696269
Coney Island-Sea Gate,BK1302,2010,267.9425837320574,45,331.20603015075375,-19.100934360977956,273.7061905078247,-2.105764127977416,-73.98796588377103,40.57696524696269
Coney Island-Sea Gate,BK1302,2011,240.9972299168975,65,327.76517308054713,-26.472593884258323,267.9425837320574,-10.056390977443607,-73.98796588377103,40.57696524696269
Coney Island-Sea Gate,BK1302,2012,261.80832734214243,50,337.05357142857144,-22.32441678855642,240.9972299168975,8.635409391394733,-73.98796588377103,40.57696524696269
Coney Island-Sea Gate,BK1302,2013,223.7762237762238,49,346.18410700236035,-35.35918626827718,261.80832734214243,-14.52669743243753,-73.98796588377103,40.57696524696269
Coney Island-Sea Gate,BK1302,2014,257.12225187388765,90,352.1666317379394,-26.988468326771482,223.7762237762238,14.901506306143537,-73.98796588377103,40.57696524696269
Coney Island-Sea Gate,BK1302,2015,268.6312322548679,94,378.1408590172051,-28.96000898896637,257.12225187388765,4.476073267522997,-73.98796588377103,40.57696524696269
Coney Island-Sea Gate,BK1302,2016,312.5,115,412.8122109158187,-24.299719887955185,268.6312322548679,16.330479288242618,-73.98796588377103,40.57696524696269
Coney Island-Sea Gate,BK1302,2017,332.41513874230657,108,453.2408424405514,-26.65816766371683,312.5,6.372844397538103,-73.98796588377103,40.57696524696269
Coney Island-Sea Gate,BK1302,2018,376.3157894736842,107,468.4992756435464,-19.676334833866253,332.41513874230657,13.206573833392746,-73.98796588377103,40.57696524696269
Coney Island-Sea Gate,BK1302,2019,365.1315789473685,71,484.8484848484849,-24.691611842105253,376.3157894736842,-2.9720279720279543,-73.98796588377103,40.57696524696269
Coney Island-Sea Gate,BK1302,2020,394.7368421052632,67,510.948905109489,-22.74436090225562,365.1315789473685,8.108108108108091,-73.98796588377103,40.57696524696269
Coney Island-Sea Gate,BK1302,2021,372.0238095238095,82,583.6909871244635,-36.26356792717087,394.7368421052632,-5.75396825396826,-73.98796588377103,40.57696524696269
Coney Island-Sea Gate,BK1302,2022,426.57342657342656,87,614.297462406015,-30.559142324523194,372.0238095238095,14.662937062937061,-73.98796588377103,40.57696524696269
Coney Island-Sea Gate,BK1302,2023,394.0780061742339,66,588.8157894736842,-33.07278554359379,426.57342657342656,-7.617778880466474,-73.98796588377103,40.57696524696269
Coney Island-Sea Gate,BK1302,2024,371.7105263157895,63,610.3286384976526,-39.09665991902834,394.0780061742339,-5.675901600191075,-73.98796588377103,40.57696524696269
Coney Island-Sea Gate,BK1302,2025,392.26737935977064,60,643.3739350912779,-39.029643887560006,371.7105263157895,5.530339225991392,-73.98796588377103,40.57696524696269
Brighton Beach,BK1303,2003,288.9606593792015,251,217.5,32.855475576644366,,,-73.96069393638909,40.57907556496831
Brighton Beach,BK1303,2004,344.48157965493715,178,242.06349206349208,42.31042307056419,288.9606593792015,19.21400663848702,-73.96069393638909,40.57907556496831
Brighton Beach,BK1303,2005,421.02972374399735,238,285.59771521827827,47.42055041379107,344.48157965493715,22.221259019346554,-73.96069393638909,40.57907556496831
Brighton Beach,BK1303,2006,399.70950828685886,192,319.9301276108415,24.9365013766568,421.02972374399735,-5.063826674171351,-73.96069393638909,40.57907556496831
Brighton Beach,BK1303,2007,395.600388915897,174,363.8791017154246,8.71753476661057,399.70950828685886,-1.0280264256343117,-73.96069393638909,40.57907556496831
Brighton Beach,BK1303,2008,346.90074274139096,119,364.7209496043315,-4.885983895982079,395.600388915897,-12.310313017629356,-73.96069393638909,40.57907556496831
Brighton Beach,BK1303,2009,351.9279621636135,91,315.0431111065702,11.707874178707605,346.90074274139096,1.4491809335704502,-73.96069393638909,40.57907556496831
Brighton Beach,BK1303,2010,392.85043381009643,82,331.20603015075375,18.612101848291907,351.9279621636135,11.628081893492128,-73.96069393638909,40.57907556496831
Brighton Beach,BK1303,2011,361.60071854155484,114,327.76517308054713,10.323105759833961,392.85043381009643,-7.95460882287015,-73.96069393638909,40.57907556496831
Brighton Beach,BK1303,2012,348.58533301241926,68,337.05357142857144,3.4213438341482245,361.60071854155484,-3.599380438631476,-73.96069393638909,40.57907556496831
Brighton Beach,BK1303,2013,339.5484764542936,121,346.18410700236035,-1.9167923696801845,348.58533301241926,-2.5924374040727853,-73.96069393638909,40.57907556496831
Brighton Beach,BK1303,2014,383.2479683014596,99,352.1666317379394,8.825747178298544,339.5484764542936,12.869883058670808,-73.96069393638909,40.57907556496831
Brighton Beach,BK1303,2015,425.65073815073816,166,378.1408590172051,12.564069182317953,383.2479683014596,11.064056004577411,-73.96069393638909,40.57907556496831
Brighton Beach,BK1303,2016,427.35042735042737,107,412.8122109158187,3.5217505805741114,425.65073815073816,0.3993154592127789,-73.96069393638909,40.57907556496831
Brighton Beach,BK1303,2017,445.02945969662784,149,453.2408424405514,-1.811704059966875,427.35042735042737,4.13689356901091,-73.96069393638909,40.57907556496831
Brighton Beach,BK1303,2018,434.5871292456188,126,468.4992756435464,-7.238462930672565,445.02945969662784,-2.3464357748647577,-73.96069393638909,40.57907556496831
Brighton Beach,BK1303,2019,462.3907948007671,101,484.8484848484849,-4.631898572341794,434.5871292456188,6.397719509873992,-73.96069393638909,40.57907556496831
Brighton Beach,BK1303,2020,459.0089323764772,70,510.948905109489,-10.165394663460873,462.3907948007671,-0.7313861915756834,-73.96069393638909,40.57907556496831
Brighton Beach,BK1303,2021,463.2217516972508,118,583.6909871244635,-20.639214598926884,459.0089323764772,0.9178076990707098,-73.96069393638909,40.57907556496831
Brighton Beach,BK1303,2022,527.43388762728,107,614.297462406015,-14.14031150943014,463.2217516972508,13.862072688675578,-73.96069393638909,40.57907556496831
Brighton Beach,BK1303,2023,538.6941500634531,84,588.8157894736842,-8.512278424977792,527.43388762728,2.1349144793916515,-73.96069393638909,40.57907556496831
Brighton Beach,BK1303,2024,477.9893721234215,94,610.3286384976526,-21.6832797982394,538.6941500634531,-11.268876399136902,-73.96069393638909,40.57907556496831
Brighton Beach,BK1303,2025,607.6135018397057,93,643.3739350912779,-5.55826577688428,477.9893721234215,27.11862172592699,-73.96069393638909,40.57907556496831
Flatbush,BK1401,2003,152.98507462686567,59,217.5,-29.662034654314635,,,-73.95638920866475,40.64066688173268
Flatbush,BK1401,2004,180.84777028378824,110,242.06349206349208,-25.289117849976012,152.98507462686567,18.212688868427435,-73.95638920866475,40.64066688173268
Flatbush,BK1401,2005,253.5440162907268,90,285.59771521827827,-11.223373724489806,180.84777028378824,40.19747984333058,-73.95638920866475,40.64066688173268
Flatbush,BK1401,2006,251.70418006430867,91,319.9301276108415,-21.325265005839626,253.5440162907268,-0.7256476620250728,-73.95638920866475,40.64066688173268
Flatbush,BK1401,2007,252.5252525252525,73,363.8791017154246,-30.601880862412788,251.70418006430867,0.32620533387012496,-73.95638920866475,40.64066688173268
Flatbush,BK1401,2008,347.2641376802812,70,364.7209496043315,-4.786347464544715,252.5252525252525,37.51659852139135,-73.95638920866475,40.64066688173268
Flatbush,BK1401,2009,344.1700436476601,58,315.0431111065702,9.245379922380552,347.2641376802812,-0.8909915239994421,-73.95638920866475,40.64066688173268
Flatbush,BK1401,2010,330.1457194899818,55,331.20603015075375,-0.3201362790071617,344.1700436476601,-4.074824179653349,-73.95638920866475,40.64066688173268
Flatbush,BK1401,2011,220.82793579273445,37,327.76517308054713,-32.62617449033648,330.1457194899818,-33.1119797240214,-73.95638920866475,40.64066688173268
Flatbush,BK1401,2012,180.42804790509655,68,337.05357142857144,-46.46902949570646,220.82793579273445,-18.294736009105563,-73.95638920866475,40.64066688173268
Flatbush,BK1401,2013,236.4809448302258,91,346.18410700236035,-31.6892543456325,180.42804790509655,31.066620503821312,-73.95638920866475,40.64066688173268
Flatbush,BK1401,2014,247.03407224958949,98,352.1666317379394,-29.853072384945044,236.4809448302258,4.462569881450689,-73.95638920866475,40.64066688173268
Flatbush,BK1401,2015,294.17630696086314,100,378.1408590172051,-22.204570083901366,247.03407224958949,19.083292552309857,-73.95638920866475,40.64066688173268
Flatbush,BK1401,2016,328.07457870204377,105,412.8122109158187,-20.526919982765424,294.17630696086314,11.523114179854874,-73.95638920866475,40.64066688173268
Flatbush,BK1401,2017,409.09090909090907,95,453.2408424405514,-9.740943272435377,328.07457870204377,24.694485842026808,-73.95638920866475,40.64066688173268
Flatbush,BK1401,2018,611.3861386138614,125,468.4992756435464,30.49884394677894,409.09090909090907,49.449944994499454,-73.95638920866475,40.64066688173268
Flatbush,BK1401,2019,656.9343065693431,109,484.8484848484849,35.49270072992701,611.3861386138614,7.449983746564626,-73.95638920866475,40.64066688173268
Flatbush,BK1401,2020,584.1426802675085,86,510.948905109489,14.325067423783816,656.9343065693431,-11.080503114834828,-73.95638920866475,40.64066688173268
Flatbush,BK1401,2021,821.4676889375685,161,583.6909871244635,40.736743766509896,584.1426802675085,40.62791791919346,-73.95638920866475,40.64066688173268
Flatbush,BK1401,2022,781.5275310834813,155,614.297462406015,27.222978916838976,821.4676889375685,-4.862048549437542,-73.95638920866475,40.64066688173268
Flatbush,BK1401,2023,488.9240506329114,65,588.8157894736842,-16.964853970723418,781.5275310834813,-37.439945339470654,-73.95638920866475,40.64066688173268
Flatbush,BK1401,2024,507.5845974329055,82,610.3286384976526,-16.834215959070097,488.9240506329114,3.8166555267301865,-73.95638920866475,40.64066688173268
Flatbush,BK1401,2025,544.5575477078767,84,643.3739350912779,-15.359090879145073,507.5845974329055,7.284096180609256,-73.95638920866475,40.64066688173268
Flatbush (West)-Ditmas Park-Parkville,BK1402,2003,204.45418035779483,97,217.5,-5.998077996416172,,,-73.9661897818583,40.63652675795399
Flatbush (West)-Ditmas Park-Parkville,BK1402,2004,244.89795918367344,121,242.06349206349208,1.1709601873536102,204.45418035779483,19.781341107871697,-73.9661897818583,40.63652675795399
Flatbush (West)-Ditmas Park-Parkville,BK1402,2005,282.7017114914425,103,285.59771521827827,-1.0140150192106396,244.89795918367344,15.436532192339033,-73.9661897818583,40.63652675795399
Flatbush (West)-Ditmas Park-Parkville,BK1402,2006,352.04542505140387,100,319.9301276108415,10.038222308224423,282.7017114914425,24.528933056020936,-73.9661897818583,40.63652675795399
Flatbush (West)-Ditmas Park-Parkville,BK1402,2007,325.4413995674769,104,363.8791017154246,-10.56331676283194,352.04542505140387,-7.5569865678676,-73.9661897818583,40.63652675795399
Flatbush (West)-Ditmas Park-Parkville,BK1402,2008,381.078431372549,89,364.7209496043315,4.484930680829537,325.4413995674769,17.095867913245122,-73.9661897818583,40.63652675795399
Flatbush (West)-Ditmas Park-Parkville,BK1402,2009,337.82163742690057,60,315.0431111065702,7.230288654883492,381.078431372549,-11.351152514680065,-73.9661897818583,40.63652675795399
Flatbush (West)-Ditmas Park-Parkville,BK1402,2010,327.9230111254385,86,331.20603015075375,-0.9912316583792035,337.82163742690057,-2.930133894577422,-73.9661897818583,40.63652675795399
Flatbush (West)-Ditmas Park-Parkville,BK1402,2011,320.8375548801081,85,327.76517308054713,-2.1135919156171616,327.9230111254385,-2.160707240706588,-73.9661897818583,40.63652675795399
Flatbush (West)-Ditmas Park-Parkville,BK1402,2012,354.10764872521247,83,337.05357142857144,5.0597527343676685,320.8375548801081,10.369762934247797,-73.9661897818583,40.63652675795399
Flatbush (West)-Ditmas Park-Parkville,BK1402,2013,322.258064516129,71,346.18410700236035,-6.911363636363639,354.10764872521247,-8.994322580645164,-73.9661897818583,40.63652675795399
Flatbush (West)-Ditmas Park-Parkville,BK1402,2014,444.44444444444446,115,352.1666317379394,26.202883632419926,322.258064516129,37.915693471249035,-73.9661897818583,40.63652675795399
Flatbush (West)-Ditmas Park-Parkville,BK1402,2015,459.46110004153644,100,378.1408590172051,21.50527748725279,444.44444444444446,3.378747509345696,-73.9661897818583,40.63652675795399
Flatbush (West)-Ditmas Park-Parkville,BK1402,2016,501.91910245054623,75,412.8122109158187,21.585333277095902,459.46110004153644,9.240826351822056,-73.9661897818583,40.63652675795399
Flatbush (West)-Ditmas Park-Parkville,BK1402,2017,555.5555555555555,105,453.2408424405514,22.574027654717398,501.91910245054623,10.686274509803912,-73.9661897818583,40.63652675795399
Flatbush (West)-Ditmas Park-Parkville,BK1402,2018,626.7845572354212,122,468.4992756435464,33.78559793383859,555.5555555555555,12.821220302375814,-73.9661897818583,40.63652675795399
Flatbush (West)-Ditmas Park-Parkville,BK1402,2019,644.2985468956407,163,484.8484848484849,32.88657529722589,626.7845572354212,2.7942599188258628,-73.9661897818583,40.63652675795399
Flatbush (West)-Ditmas Park-Parkville,BK1402,2020,714.4214088579314,96,510.948905109489,39.82247573362373,644.2985468956407,10.88359772036685,-73.9661897818583,40.63652675795399
Flatbush (West)-Ditmas Park-Parkville,BK1402,2021,666.7532467532467,125,583.6909871244635,14.23051948051947,714.4214088579314,-6.672275146525449,-73.9661897818583,40.63652675795399
Flatbush (West)-Ditmas Park-Parkville,BK1402,2022,733.6795252225519,145,614.297462406015,19.43391762501409,666.7532467532467,10.037638181021622,-73.9661897818583,40.63652675795399
Flatbush (West)-Ditmas Park-Parkville,BK1402,2023,698.8396624472574,125,588.8157894736842,18.685618650260487,733.6795252225519,-4.748648637117993,-73.9661897818583,40.63652675795399
Flatbush (West)-Ditmas Park-Parkville,BK1402,2024,810.3832422328335,130,610.3286384976526,32.77817738122579,698.8396624472574,15.961254888562431,-73.9661897818583,40.63652675795399
Flatbush (West)-Ditmas Park-Parkville,BK1402,2025,633.2598796150892,100,643.3739350912779,-1.5720337621003837,810.3832422328335,-21.856740537936062,-73.9661897818583,40.63652675795399
Midwood,BK1403,2003,266.875,167,217.5,22.701149425287355,,,-73.95559294973,40.620369290880234
Midwood,BK1403,2004,295.15570934256056,173,242.06349206349208,21.93317828577911,266.875,10.596987107282644,-73.95559294973,40.620369290880234
Midwood,BK1403,2005,343.4065934065934,213,285.59771521827827,20.241365777080055,295.15570934256056,16.347603158857552,-73.95559294973,40.620369290880234
Midwood,BK1403,2006,356.18279569892474,153,319.9301276108415,11.331433009704064,343.4065934065934,3.720430107526884,-73.95559294973,40.620369290880234
Midwood,BK1403,2007,347.37299174989147,133,363.8791017154246,-4.536152224109291,356.18279569892474,-2.4733940143700948,-73.95559294973,40.620369290880234
Midwood,BK1403,2008,329.4701986754967,149,364.7209496043315,-9.665129180837207,347.37299174989147,-5.153766556291393,-73.95559294973,40.620369290880234
Midwood,BK1403,2009,314.81481481481484,103,315.0431111065702,-0.07246509563516797,329.4701986754967,-4.448166759724546,-73.95559294973,40.620369290880234
Midwood,BK1403,2010,300.4032258064516,107,331.20603015075375,-9.300194302103066,314.81481481481484,-4.577798861480091,-73.95559294973,40.620369290880234
Midwood,BK1403,2011,304.22535211267603,131,327.76517308054713,-7.181916475941838,300.4032258064516,1.27233197844787,-73.95559294973,40.620369290880234
Midwood,BK1403,2012,313.42455621301775,152,337.05357142857144,-7.010462792429174,304.22535211267603,3.02381245890862,-73.95559294973,40.620369290880234
Midwood,BK1403,2013,319.4224683544304,189,346.18410700236035,-7.730464254890672,313.42455621301775,1.9136701392778548,-73.95559294973,40.620369290880234
Midwood,BK1403,2014,351.3313609467456,179,352.1666317379394,-0.2371805605408305,319.4224683544304,9.989557953358853,-73.95559294973,40.620369290880234
Midwood,BK1403,2015,427.90683697491187,138,378.1408590172051,13.160698393463596,351.3313609467456,21.79579865054333,-73.95559294973,40.620369290880234
Midwood,BK1403,2016,464.6292163306682,178,412.8122109158187,12.552197838308645,427.90683697491187,8.581863196055775,-73.95559294973,40.620369290880234
Midwood,BK1403,2017,528.255439056154,186,453.2408424405514,16.550714232123035,464.6292163306682,13.69397801282565,-73.95559294973,40.620369290880234
Midwood,BK1403,2018,590.7663316582915,197,468.4992756435464,26.09759766368794,528.255439056154,11.83345934190987,-73.95559294973,40.620369290880234
Midwood,BK1403,2019,547.97419460881,162,484.8484848484849,13.019677638067051,590.7663316582915,-7.243496244845785,-73.95559294973,40.620369290880234
Midwood,BK1403,2020,537.315,123,510.948905109489,5.160221428571455,547.97419460881,-1.9452001049829255,-73.95559294973,40.620369290880234
Midwood,BK1403,2021,541.062015503876,265,583.6909871244635,-7.303345873233013,537.315,0.6973591848126146,-73.95559294973,40.620369290880234
Midwood,BK1403,2022,603.3465406602893,240,614.297462406015,-1.7826740977952813,541.062015503876,11.51153164917879,-73.95559294973,40.620369290880234
Midwood,BK1403,2023,600.9090909090909,137,588.8157894736842,2.053834433722705,603.3465406602893,-0.40398835278493894,-73.95559294973,40.620369290880234
Midwood,BK1403,2024,629.3420994631847,146,610.3286384976526,3.1152824505064114,600.9090909090909,4.731665568759939,-73.95559294973,40.620369290880234
Midwood,BK1403,2025,660.0,163,643.3739350912779,2.5841993282434306,629.3420994631847,4.871420577610466,-73.95559294973,40.620369290880234
Gravesend (East)-Homecrest,BK1501,2003,229.6082209377007,229,217.5,5.566998132276187,,,-73.96586908535294,40.59908215585496
Gravesend (East)-Homecrest,BK1501,2004,280.17241379310343,251,242.06349206349208,15.743357829282068,229.6082209377007,22.021943573667706,-73.96586908535294,40.59908215585496
Gravesend (East)-Homecrest,BK1501,2005,331.99465433329715,256,285.59771521827827,16.245556824415896,280.17241379310343,18.49655354665376,-73.96586908535294,40.59908215585496
Gravesend (East)-Homecrest,BK1501,2006,349.2647058823529,187,319.9301276108415,9.169057784765299,331.99465433329715,5.201906513747048,-73.96586908535294,40.59908215585496
Gravesend (East)-Homecrest,BK1501,2007,341.5098566308244,164,363.8791017154246,-6.1474388001799305,349.2647058823529,-2.220335785700799,-73.96586908535294,40.59908215585496
Gravesend (East)-Homecrest,BK1501,2008,320.6622678396872,128,364.7209496043315,-12.080107219626806,341.5098566308244,-6.104535018933183,-73.96586908535294,40.59908215585496
Gravesend (East)-Homecrest,BK1501,2009,324.56140350877195,151,315.0431111065702,3.0212666351501185,320.6622678396872,1.215963354638929,-73.96586908535294,40.59908215585496
Gravesend (East)-Homecrest,BK1501,2010,322.623233495755,146,331.20603015075375,-2.5913769296688627,324.56140350877195,-0.5971658959025133,-73.96586908535294,40.59908215585496
Gravesend (East)-Homecrest,BK1501,2011,311.0513940208263,135,327.76517308054713,-5.09931512937571,322.623233495755,-3.586796694566316,-73.96586908535294,40.59908215585496
Gravesend (East)-Homecrest,BK1501,2012,287.7237851662404,169,337.05357142857144,-14.635592215579004,311.0513940208263,-7.4995995205293955,-73.96586908535294,40.59908215585496
Gravesend (East)-Homecrest,BK1501,2013,310.34731161431864,202,346.18410700236035,-10.35194703140932,287.7237851662404,7.862932303287631,-73.96586908535294,40.59908215585496
Gravesend (East)-Homecrest,BK1501,2014,369.70187668774287,200,352.1666317379394,4.979246575198563,310.34731161431864,19.125206777104804,-73.96586908535294,40.59908215585496
Gravesend (East)-Homecrest,BK1501,2015,424.3119266055046,207,378.1408590172051,12.210018168440964,369.70187668774287,14.771374818820949,-73.96586908535294,40.59908215585496
Gravesend (East)-Homecrest,BK1501,2016,440.39125431530493,192,412.8122109158187,6.680772193802717,424.3119266055046,3.789506422417809,-73.96586908535294,40.59908215585496
Gravesend (East)-Homecrest,BK1501,2017,516.304347826087,171,453.2408424405514,13.913906135634113,440.39125431530493,17.237647834039617,-73.96586908535294,40.59908215585496
Gravesend (East)-Homecrest,BK1501,2018,500.0,193,468.4992756435464,6.723750920037844,516.304347826087,-3.157894736842113,-73.96586908535294,40.59908215585496
Gravesend (East)-Homecrest,BK1501,2019,579.3226381461676,157,484.8484848484849,19.48529411764706,500.0,15.864527629233521,-73.96586908535294,40.59908215585496
Gravesend (East)-Homecrest,BK1501,2020,535.7142857142857,135,510.948905109489,4.8469387755102105,579.3226381461676,-7.527472527472543,-73.96586908535294,40.59908215585496
Gravesend (East)-Homecrest,BK1501,2021,622.6053639846743,219,583.6909871244635,6.666948388550828,535.7142857142857,16.219667943805888,-73.96586908535294,40.59908215585496
Gravesend (East)-Homecrest,BK1501,2022,617.6822526931737,188,614.297462406015,0.5510018345023772,622.6053639846743,-0.7907274135887146,-73.96586908535294,40.59908215585496
Gravesend (East)-Homecrest,BK1501,2023,684.1505131128848,163,588.8157894736842,16.190925132020674,617.6822526931737,10.760914714628916,-73.96586908535294,40.59908215585496
Gravesend (East)-Homecrest,BK1501,2024,724.7453310696095,160,610.3286384976526,18.746735013712936,684.1505131128848,5.9336092246745915,-73.96586908535294,40.59908215585496
Gravesend (East)-Homecrest,BK1501,2025,679.0843086990252,152,643.3739350912779,5.550484976156357,724.7453310696095,-6.300285136462468,-73.96586908535294,40.59908215585496
Madison,BK1502,2003,251.30679533574587,189,217.5,15.543354177354427,,,-73.94813559402223,40.604913595897585
Madison,BK1502,2004,287.8421900161031,209,242.06349206349208,18.911855547636016,251.30679533574587,14.53816425120774,-73.94813559402223,40.604913595897585
Madison,BK1502,2005,371.84320603964727,228,285.59771521827827,30.1982425718822,287.8421900161031,29.183010322025705,-73.94813559402223,40.604913595897585
Madison,BK1502,2006,357.5417737789203,229,319.9301276108415,11.756206409491092,371.84320603964727,-3.8460921238943153,-73.94813559402223,40.604913595897585
Madison,BK1502,2007,344.35129582806576,211,363.8791017154246,-5.366564277887762,357.5417737789203,-3.689213098498144,-73.94813559402223,40.604913595897585
Madison,BK1502,2008,303.030303030303,203,364.7209496043315,-16.9144784912832,344.35129582806576,-11.999662350158335,-73.94813559402223,40.604913595897585
Madison,BK1502,2009,308.02158624565755,162,315.0431111065702,-2.22875048314816,303.030303030303,1.6471234610669991,-73.94813559402223,40.604913595897585
Madison,BK1502,2010,335.93525593152185,140,331.20603015075375,1.4278803373886402,308.02158624565755,9.06224463879042,-73.94813559402223,40.604913595897585
Madison,BK1502,2011,308.8203998229705,144,327.76517308054713,-5.7799836021385405,335.93525593152185,-8.071452945111107,-73.94813559402223,40.604913595897585
Madison,BK1502,2012,356.0348302352048,156,337.05357142857144,5.631525791636922,308.8203998229705,15.288637162344108,-73.94813559402223,40.604913595897585
Madison,BK1502,2013,350.0,215,346.18410700236035,1.1022727272727264,356.0348302352048,-1.6950111962973045,-73.94813559402223,40.604913595897585
Madison,BK1502,2014,365.80882352941177,205,352.1666317379394,3.8737888720882734,350.0,4.516806722689077,-73.94813559402223,40.604913595897585
Madison,BK1502,2015,385.96491228070175,187,378.1408590172051,2.0690843311224003,365.80882352941177,5.510006171206911,-73.94813559402223,40.604913595897585
Madison,BK1502,2016,443.1965226802183,206,412.8122109158187,7.360322917045601,385.96491228070175,14.828189967147477,-73.94813559402223,40.604913595897585
Madison,BK1502,2017,497.2989874925551,230,453.2408424405514,9.720691722035742,443.1965226802183,12.20733061828953,-73.94813559402223,40.604913595897585
Madison,BK1502,2018,550.4978551930326,244,468.4992756435464,17.502391959272543,497.2989874925551,10.697562037822147,-73.94813559402223,40.604913595897585
Madison,BK1502,2019,530.6759806973848,166,484.8484848484849,9.451921018835616,550.4978551930326,-3.600717842705709,-73.94813559402223,40.604913595897585
Madison,BK1502,2020,538.739224137931,163,510.948905109489,5.438962438423664,530.6759806973848,1.5194287538603028,-73.94813559402223,40.604913595897585
Madison,BK1502,2021,560.738423028786,275,583.6909871244635,-3.932314289921224,538.739224137931,4.083459660108685,-73.94813559402223,40.604913595897585
Madison,BK1502,2022,565.9197340737046,252,614.297462406015,-7.875293533336388,560.738423028786,0.9240156964689831,-73.94813559402223,40.604913595897585
Madison,BK1502,2023,553.1658496732026,140,588.8157894736842,-6.054514915835973,565.9197340737046,-2.2536560633245104,-73.94813559402223,40.604913595897585
Madison,BK1502,2024,586.9565217391305,152,610.3286384976526,-3.8294314381270844,553.1658496732026,6.108596921861791,-73.94813559402223,40.604913595897585
Madison,BK1502,2025,583.9805887154373,180,643.3739350912779,-9.23154376271308,586.9565217391305,-0.5070108114440245,-73.94813559402223,40.604913595897585
Sheepshead Bay-Manhattan Beach-Gerritsen Beach,BK1503,2003,230.0,409,217.5,5.747126436781609,,,-73.94150420531194,40.58829852014949
Sheepshead Bay-Manhattan Beach-Gerritsen Beach,BK1503,2004,279.3952967525196,457,242.06349206349208,15.422319314155624,230.0,21.476215979356343,-73.94150420531194,40.58829852014949
Sheepshead Bay-Manhattan Beach-Gerritsen Beach,BK1503,2005,296.4169381107492,395,285.59771521827827,3.7882736156351746,279.3952967525196,6.092314923005625,-73.94150420531194,40.58829852014949
Sheepshead Bay-Manhattan Beach-Gerritsen Beach,BK1503,2006,318.17151699088186,348,319.9301276108415,-0.5496858433097628,296.4169381107492,7.3391821057150874,-73.94150420531194,40.58829852014949
Sheepshead Bay-Manhattan Beach-Gerritsen Beach,BK1503,2007,343.5749467094407,344,363.8791017154246,-5.579917865649498,318.17151699088186,7.984193544039607,-73.94150420531194,40.58829852014949
Sheepshead Bay-Manhattan Beach-Gerritsen Beach,BK1503,2008,319.89353752777686,266,364.7209496043315,-12.290879403880087,343.5749467094407,-6.892647269095291,-73.94150420531194,40.58829852014949
Sheepshead Bay-Manhattan Beach-Gerritsen Beach,BK1503,2009,293.3395816890292,211,315.0431111065702,-6.889066496743461,319.89353752777686,-8.300872860378405,-73.94150420531194,40.58829852014949
Sheepshead Bay-Manhattan Beach-Gerritsen Beach,BK1503,2010,301.53508771929825,278,331.20603015075375,-8.958454777514255,293.3395816890292,2.7938629976493004,-73.94150420531194,40.58829852014949
Sheepshead Bay-Manhattan Beach-Gerritsen Beach,BK1503,2011,312.5,241,327.76517308054713,-4.657350546757378,301.53508771929825,3.6363636363636362,-73.94150420531194,40.58829852014949
Sheepshead Bay-Manhattan Beach-Gerritsen Beach,BK1503,2012,298.8240655053649,264,337.05357142857144,-11.342264009004326,312.5,-4.376299038283232,-73.94150420531194,40.58829852014949
Sheepshead Bay-Manhattan Beach-Gerritsen Beach,BK1503,2013,288.9590195327461,276,346.18410700236035,-16.53024685769994,298.8240655053649,-3.3012889895381288,-73.94150420531194,40.58829852014949
Sheepshead Bay-Manhattan Beach-Gerritsen Beach,BK1503,2014,313.2082463902832,372,352.1666317379394,-11.062486288208762,288.9590195327461,8.391925919719935,-73.94150420531194,40.58829852014949
Sheepshead Bay-Manhattan Beach-Gerritsen Beach,BK1503,2015,363.0258829058681,349,378.1408590172051,-3.9971814076429335,313.2082463902832,15.905595427237905,-73.94150420531194,40.58829852014949
Sheepshead Bay-Manhattan Beach-Gerritsen Beach,BK1503,2016,399.44396562043624,420,412.8122109158187,-3.238335723094326,363.0258829058681,10.031814377271624,-73.94150420531194,40.58829852014949
Sheepshead Bay-Manhattan Beach-Gerritsen Beach,BK1503,2017,447.68575664257355,560,453.2408424405514,-1.2256366324061911,399.44396562043624,12.077236151810618,-73.94150420531194,40.58829852014949
Sheepshead Bay-Manhattan Beach-Gerritsen Beach,BK1503,2018,461.038961038961,387,468.4992756435464,-1.5923855152897841,447.68575664257355,2.982718167432897,-73.94150420531194,40.58829852014949
Sheepshead Bay-Manhattan Beach-Gerritsen Beach,BK1503,2019,455.91182364729457,349,484.8484848484849,-5.9681863727455005,461.038961038961,-1.1120833215727233,-73.94150420531194,40.58829852014949
Sheepshead Bay-Manhattan Beach-Gerritsen Beach,BK1503,2020,461.76046176046174,277,510.948905109489,-9.626881055452476,455.91182364729457,1.2828441399869965,-73.94150420531194,40.58829852014949
Sheepshead Bay-Manhattan Beach-Gerritsen Beach,BK1503,2021,483.76623376623377,429,583.6909871244635,-17.119461420932005,461.76046176046174,4.765625000000005,-73.94150420531194,40.58829852014949
Sheepshead Bay-Manhattan Beach-Gerritsen Beach,BK1503,2022,511.9047619047619,385,614.297462406015,-16.668260373437366,483.76623376623377,5.816554809843404,-73.94150420531194,40.58829852014949
Sheepshead Bay-Manhattan Beach-Gerritsen Beach,BK1503,2023,520.8333333333334,257,588.8157894736842,-11.545623836126616,511.9047619047619,1.744186046511631,-73.94150420531194,40.58829852014949
Sheepshead Bay-Manhattan Beach-Gerritsen Beach,BK1503,2024,520.8333333333334,289,610.3286384976526,-14.663461538461537,520.8333333333334,0.0,-73.94150420531194,40.58829852014949
Sheepshead Bay-Manhattan Beach-Gerritsen Beach,BK1503,2025,559.9361455108359,312,643.3739350912779,-12.968786117921352,520.8333333333334,7.507739938080485,-73.94150420531194,40.58829852014949
Ocean Hill,BK1601,2003,145.9293394777266,233,217.5,-32.90605081483835,,,-73.91364735052042,40.676637410870796
Ocean Hill,BK1601,2004,166.66666666666666,294,242.06349206349208,-31.147540983606564,145.9293394777266,14.21052631578946,-73.91364735052042,40.676637410870796
Ocean Hill,BK1601,2005,182.06376287970022,398,285.59771521827827,-36.25167388312211,166.66666666666666,9.23825772782014,-73.91364735052042,40.676637410870796
Ocean Hill,BK1601,2006,212.6983909035015,374,319.9301276108415,-33.51723625034001,182.06376287970022,16.82631817515674,-73.91364735052042,40.676637410870796
Ocean Hill,BK1601,2007,224.02748037116345,206,363.8791017154246,-38.43354033934973,212.6983909035015,5.326363504461969,-73.91364735052042,40.676637410870796
Ocean Hill,BK1601,2008,200.0,161,364.7209496043315,-45.163555804246904,224.02748037116345,-10.725237962483568,-73.91364735052042,40.676637410870796
Ocean Hill,BK1601,2009,185.3745110821382,151,315.0431111065702,-41.15900188040257,200.0,-7.312744458930894,-73.91364735052042,40.676637410870796
Ocean Hill,BK1601,2010,185.09666485583438,86,331.20603015075375,-44.114343337413075,185.3745110821382,-0.14988372710028328,-73.91364735052042,40.676637410870796
Ocean Hill,BK1601,2011,187.87878787878788,105,327.76517308054713,-42.67884348023232,185.09666485583438,1.5030649121205948,-73.91364735052042,40.676637410870796
Ocean Hill,BK1601,2012,200.0,113,337.05357142857144,-40.66225165562914,187.87878787878788,6.451612903225809,-73.91364735052042,40.676637410870796
Ocean Hill,BK1601,2013,171.71129220023283,155,346.18410700236035,-50.39885173034183,200.0,-14.144353899883583,-73.91364735052042,40.676637410870796
Ocean Hill,BK1601,2014,198.4126984126984,213,352.1666317379394,-43.659426949812534,171.71129220023283,15.550174872208764,-73.91364735052042,40.676637410870796
Ocean Hill,BK1601,2015,257.4902920883165,191,378.1408590172051,-31.906249761652738,198.4126984126984,29.77510721251152,-73.91364735052042,40.676637410870796
Ocean Hill,BK1601,2016,262.962962962963,165,412.8122109158187,-36.29961614275339,257.4902920883165,2.1253892060402135,-73.91364735052042,40.676637410870796
Ocean Hill,BK1601,2017,310.48955275848766,172,453.2408424405514,-31.495680952624532,262.962962962963,18.07349189407276,-73.91364735052042,40.676637410870796
Ocean Hill,BK1601,2018,319.72222222222223,178,468.4992756435464,-31.75609038390913,310.48955275848766,2.9735845801279313,-73.91364735052042,40.676637410870796
Ocean Hill,BK1601,2019,344.87645348837214,160,484.8484848484849,-28.869231468023248,319.72222222222223,7.867526720950449,-73.91364735052042,40.676637410870796
Ocean Hill,BK1601,2020,472.85527512796637,110,510.948905109489,-7.455467582097998,344.87645348837214,37.108599425999714,-73.91364735052042,40.676637410870796
Ocean Hill,BK1601,2021,468.48621271806417,149,583.6909871244635,-19.737288556390475,472.85527512796637,-0.9239745519852395,-73.91364735052042,40.676637410870796
Ocean Hill,BK1601,2022,475.10837160583355,138,614.297462406015,-22.65825586435282,468.48621271806417,1.413522683911856,-73.91364735052042,40.676637410870796
Ocean Hill,BK1601,2023,400.390625,111,588.8157894736842,-32.000698324022345,475.10837160583355,-15.726463912494895,-73.91364735052042,40.676637410870796
Ocean Hill,BK1601,2024,437.688298707789,120,610.3286384976526,-28.286455673262267,400.390625,9.315321433359982,-73.91364735052042,40.676637410870796
Ocean Hill,BK1601,2025,432.28139381985534,97,643.3739350912779,-32.81024140983797,437.688298707789,-1.2353322910154896,-73.91364735052042,40.676637410870796
Brownsville,BK1602,2003,139.96138996138995,143,217.5,-35.64993564993566,,,-73.90952229492741,40.66404693541538
Brownsville,BK1602,2004,170.96774193548387,187,242.06349206349208,-29.370703331570603,139.96138996138995,22.15350389321469,-73.90952229492741,40.66404693541538
Brownsville,BK1602,2005,188.03380631550294,222,285.59771521827827,-34.16130581724319,170.96774193548387,9.982037656237571,-73.90952229492741,40.66404693541538
Brownsville,BK1602,2006,217.34892787524367,205,319.9301276108415,-32.06362604911537,188.03380631550294,15.590346296852985,-73.90952229492741,40.66404693541538
Brownsville,BK1602,2007,215.9090909090909,161,363.8791017154246,-40.66460813736293,217.34892787524367,-0.6624541377904664,-73.90952229492741,40.66404693541538
Brownsville,BK1602,2008,235.5875220458554,120,364.7209496043315,-35.4060899705835,215.9090909090909,9.114220737027763,-73.90952229492741,40.66404693541538
Brownsville,BK1602,2009,203.4700315457413,63,315.0431111065702,-35.41517831287759,235.5875220458554,-13.632933621103522,-73.90952229492741,40.66404693541538
Brownsville,BK1602,2010,178.2751293422025,58,331.20603015075375,-46.17394820346185,203.4700315457413,-12.382610850421404,-73.90952229492741,40.66404693541538
Brownsville,BK1602,2011,162.32142857142858,51,327.76517308054713,-50.47630379828711,178.2751293422025,-8.948921158907408,-73.90952229492741,40.66404693541538
Brownsville,BK1602,2012,169.88366336633663,44,337.05357142857144,-49.59742967674251,162.32142857142858,4.65880251391475,-73.90952229492741,40.66404693541538
Brownsville,BK1602,2013,184.14634146341464,71,346.18410700236035,-46.80681818181818,169.88366336633663,8.395556002534518,-73.90952229492741,40.66404693541538
Brownsville,BK1602,2014,181.3633520950594,87,352.1666317379394,-48.50069945581363,184.14634146341464,-1.511292239769066,-73.90952229492741,40.66404693541538
Brownsville,BK1602,2015,190.7164315569488,108,378.1408590172051,-49.56471192966974,181.3633520950594,5.157094503296944,-73.90952229492741,40.66404693541538
Brownsville,BK1602,2016,225.64102564102564,113,412.8122109158187,-45.34051569345687,190.7164315569488,18.312315199567998,-73.90952229492741,40.66404693541538
Brownsville,BK1602,2017,245.9686147186147,124,453.2408424405514,-45.73114519111839,225.64102564102564,9.008817886658791,-73.90952229492741,40.66404693541538
Brownsville,BK1602,2018,288.97849462365593,107,468.4992756435464,-38.3182622370749,245.9686147186147,17.485921914974416,-73.90952229492741,40.66404693541538
Brownsville,BK1602,2019,299.217332123412,92,484.8484848484849,-38.28642524954628,288.97849462365593,3.54311399991559,-73.90952229492741,40.66404693541538
Brownsville,BK1602,2020,301.7241379310345,79,510.948905109489,-40.948275862068954,299.217332123412,0.8377876341028733,-73.90952229492741,40.66404693541538
Brownsville,BK1602,2021,368.7550169805495,86,583.6909871244635,-36.82358900259703,301.7241379310345,22.215948484982125,-73.90952229492741,40.66404693541538
Brownsville,BK1602,2022,374.366072861499,118,614.297462406015,-39.057851322513734,368.7550169805495,1.5216215705739011,-73.90952229492741,40.66404693541538
Brownsville,BK1602,2023,351.10129695885513,88,588.8157894736842,-40.37162330978102,374.366072861499,-6.2144455892644235,-73.90952229492741,40.66404693541538
Brownsville,BK1602,2024,352.5264394829612,99,610.3286384976526,-42.239898761637896,351.10129695885513,0.40590636846126565,-73.90952229492741,40.66404693541538
Brownsville,BK1602,2025,359.78568269230766,90,643.3739350912779,-44.07829365340026,352.5264394829612,2.0592053237179395,-73.90952229492741,40.66404693541538
East Flatbush-Erasmus,BK1701,2003,148.25581395348837,133,217.5,-31.836407377706493,,,-73.95013838892892,40.64855127738002
East Flatbush-Erasmus,BK1701,2004,167.01461377870564,161,242.06349206349208,-31.003798897977347,148.25581395348837,12.652994391911253,-73.95013838892892,40.64855127738002
East Flatbush-Erasmus,BK1701,2005,211.16978913834953,202,285.59771521827827,-26.060406688843617,167.01461377870564,26.437911246586783,-73.95013838892892,40.64855127738002
East Flatbush-Erasmus,BK1701,2006,235.48803199609205,194,319.9301276108415,-26.39391802370786,211.16978913834953,11.515966823175749,-73.95013838892892,40.64855127738002
East Flatbush-Erasmus,BK1701,2007,231.22238586156112,173,363.8791017154246,-36.456261222060796,235.48803199609205,-1.8114067616827823,-73.95013838892892,40.64855127738002
East Flatbush-Erasmus,BK1701,2008,208.0892370572207,91,364.7209496043315,-42.9456308218744,231.22238586156112,-10.00471849563512,-73.95013838892892,40.64855127738002
East Flatbush-Erasmus,BK1701,2009,195.3148148148148,88,315.0431111065702,-38.003781727274365,208.0892370572207,-6.1389154110326105,-73.95013838892892,40.64855127738002
East Flatbush-Erasmus,BK1701,2010,181.4286741443773,90,331.20603015075375,-45.221808292017776,195.3148148148148,-7.109619761103867,-73.95013838892892,40.64855127738002
East Flatbush-Erasmus,BK1701,2011,187.41629400298132,58,327.76517308054713,-42.819948732953264,181.4286741443773,3.3002610457480266,-73.95013838892892,40.64855127738002
East Flatbush-Erasmus,BK1701,2012,161.30369995501576,72,337.05357142857144,-52.143008225266854,187.41629400298132,-13.932936934261528,-73.95013838892892,40.64855127738002
East Flatbush-Erasmus,BK1701,2013,192.30769230769232,93,346.18410700236035,-44.4493006993007,161.30369995501576,19.220881084143095,-73.95013838892892,40.64855127738002
East Flatbush-Erasmus,BK1701,2014,181.94444444444449,127,352.1666317379394,-48.33569451297809,192.30769230769232,-5.388888888888874,-73.95013838892892,40.64855127738002
East Flatbush-Erasmus,BK1701,2015,221.64276401564535,159,378.1408590172051,-41.386190164242265,181.94444444444449,21.818923733789784,-73.95013838892892,40.64855127738002
East Flatbush-Erasmus,BK1701,2016,263.83677298311443,151,412.8122109158187,-36.087943620224834,221.64276401564535,19.036944045911046,-73.95013838892892,40.64855127738002
East Flatbush-Erasmus,BK1701,2017,278.63741949107805,134,453.2408424405514,-38.52332062779071,263.83677298311443,5.6097739297739455,-73.95013838892892,40.64855127738002
East Flatbush-Erasmus,BK1701,2018,315.7493781094528,138,468.4992756435464,-32.60408403497983,278.63741949107805,13.31908639053523,-73.95013838892892,40.64855127738002
East Flatbush-Erasmus,BK1701,2019,372.85911511754557,132,484.8484848484849,-23.09780750700623,315.7493781094528,18.087046552565504,-73.95013838892892,40.64855127738002
East Flatbush-Erasmus,BK1701,2020,358.94660894660893,83,510.948905109489,-29.749020820449385,372.85911511754557,-3.7313037570640204,-73.95013838892892,40.64855127738002
East Flatbush-Erasmus,BK1701,2021,431.92375886524826,86,583.6909871244635,-26.001297194409673,358.94660894660893,20.33092056024806,-73.95013838892892,40.64855127738002
East Flatbush-Erasmus,BK1701,2022,496.52504451851513,134,614.297462406015,-19.171887415295743,431.92375886524826,14.956640918061007,-73.95013838892892,40.64855127738002
East Flatbush-Erasmus,BK1701,2023,522.5302510384686,178,588.8157894736842,-11.257432225869017,496.52504451851513,5.237441052982722,-73.95013838892892,40.64855127738002
East Flatbush-Erasmus,BK1701,2024,390.7496012759171,107,610.3286384976526,-35.977180714022815,522.5302510384686,-25.219716849053746,-73.95013838892892,40.64855127738002
East Flatbush-Erasmus,BK1701,2025,430.58455114822544,109,643.3739350912779,-33.07398269295184,390.7496012759171,10.194495334668302,-73.95013838892892,40.64855127738002
East Flatbush-Farragut,BK1702,2003,177.25019290123458,208,217.5,-18.505658436213984,,,-73.93763687227998,40.63914623452007
East Flatbush-Farragut,BK1702,2004,199.21875,231,242.06349206349208,-17.699795081967217,177.25019290123458,12.394094888803025,-73.93763687227998,40.63914623452007
East Flatbush-Farragut,BK1702,2005,236.54855643044615,247,285.59771521827827,-17.174212598425214,199.21875,18.738098914106306,-73.93763687227998,40.63914623452007
East Flatbush-Farragut,BK1702,2006,281.5013404825737,249,319.9301276108415,-12.01161872914077,236.54855643044615,19.003618001509683,-73.93763687227998,40.63914623452007
East Flatbush-Farragut,BK1702,2007,280.0,143,363.8791017154246,-23.0513655002433,281.5013404825737,-0.5333333333333274,-73.93763687227998,40.63914623452007
East Flatbush-Farragut,BK1702,2008,259.09690799396685,86,364.7209496043315,-28.96023431748332,280.0,-7.465390002154695,-73.93763687227998,40.63914623452007
East Flatbush-Farragut,BK1702,2009,231.02310231023105,87,315.0431111065702,-26.669368678217996,259.09690799396685,-10.835253072332884,-73.93763687227998,40.63914623452007
East Flatbush-Farragut,BK1702,2010,219.45701357466064,61,331.20603015075375,-33.740030797515594,231.02310231023105,-5.0064641241111945,-73.93763687227998,40.63914623452007
East Flatbush-Farragut,BK1702,2011,218.63032640286164,66,327.76517308054713,-33.29665737575663,219.45701357466064,-0.37669662879912935,-73.93763687227998,40.63914623452007
East Flatbush-Farragut,BK1702,2012,208.0927636643572,74,337.05357142857144,-38.261219786998666,218.63032640286164,-4.819808354988817,-73.93763687227998,40.63914623452007
East Flatbush-Farragut,BK1702,2013,228.9719626168224,101,346.18410700236035,-33.85832625318608,208.0927636643572,10.033601642266746,-73.93763687227998,40.63914623452007
East Flatbush-Farragut,BK1702,2014,227.1645039466895,108,352.1666317379394,-35.495165221748984,228.9719626168224,-0.7893799089968125,-73.93763687227998,40.63914623452007
East Flatbush-Farragut,BK1702,2015,249.48768438351772,114,378.1408590172051,-34.02255312162227,227.1645039466895,9.826878781232022,-73.93763687227998,40.63914623452007
East Flatbush-Farragut,BK1702,2016,270.94850948509486,137,412.8122109158187,-34.365190195319315,249.48768438351772,8.601957709698853,-73.93763687227998,40.63914623452007
East Flatbush-Farragut,BK1702,2017,301.3157894736842,134,453.2408424405514,-33.51971815884933,270.94850948509486,11.207767869363346,-73.93763687227998,40.63914623452007
East Flatbush-Farragut,BK1702,2018,332.7546296296296,133,468.4992756435464,-28.974355579835926,301.3157894736842,10.433850881449128,-73.93763687227998,40.63914623452007
East Flatbush-Farragut,BK1702,2019,362.7450980392157,139,484.8484848484849,-25.183823529411768,332.7546296296296,9.01278772378517,-73.93763687227998,40.63914623452007
East Flatbush-Farragut,BK1702,2020,370.1261467889908,115,510.948905109489,-27.56102555701179,362.7450980392157,2.0347756012893568,-73.93763687227998,40.63914623452007
East Flatbush-Farragut,BK1702,2021,429.8649154843845,134,583.6909871244635,-26.354025508925304,370.1261467889908,16.140110395781036,-73.93763687227998,40.63914623452007
East Flatbush-Farragut,BK1702,2022,425.1700680272109,129,614.297462406015,-30.78759167229017,429.8649154843845,-1.0921680946869756,-73.93763687227998,40.63914623452007
East Flatbush-Farragut,BK1702,2023,453.125,129,588.8157894736842,-23.04469273743016,425.1700680272109,6.574999999999996,-73.93763687227998,40.63914623452007
East Flatbush-Farragut,BK1702,2024,426.90058479532166,115,610.3286384976526,-30.05398110661268,453.125,-5.7874571486186674,-73.93763687227998,40.63914623452007
East Flatbush-Farragut,BK1702,2025,443.75,93,643.3739350912779,-31.027669012260574,426.90058479532166,3.946917808219172,-73.93763687227998,40.63914623452007
East Flatbush-Rugby,BK1703,2003,155.7244362709659,192,217.5,-28.40255803633752,,,-73.92975282798545,40.65154690942024
East Flatbush-Rugby,BK1703,2004,184.50184501845015,275,242.06349206349208,-23.77956566450912,155.7244362709659,18.479700062879388,-73.92975282798545,40.65154690942024
East Flatbush-Rugby,BK1703,2005,219.64679911699776,289,285.59771521827827,-23.09224219489122,184.50184501845015,19.048565121412803,-73.92975282798545,40.65154690942024
East Flatbush-Rugby,BK1703,2006,253.2467532467533,315,319.9301276108415,-20.843105606234413,219.64679911699776,15.29726554852187,-73.92975282798545,40.65154690942024
East Flatbush-Rugby,BK1703,2007,248.20574162679424,159,363.8791017154246,-31.788953952924153,253.2467532467533,-1.9905533063428043,-73.92975282798545,40.65154690942024
East Flatbush-Rugby,BK1703,2008,227.06395426929706,100,364.7209496043315,-37.743100714223296,248.20574162679424,-8.517847822104889,-73.92975282798545,40.65154690942024
East Flatbush-Rugby,BK1703,2009,195.30902189375556,72,315.0431111065702,-38.005620498177464,227.06395426929706,-13.985016898754552,-73.92975282798545,40.65154690942024
East Flatbush-Rugby,BK1703,2010,194.07894736842104,89,331.20603015075375,-41.40235089316373,195.30902189375556,-0.6298093725560988,-73.92975282798545,40.65154690942024
East Flatbush-Rugby,BK1703,2011,187.5,73,327.76517308054713,-42.794410328054425,194.07894736842104,-3.38983050847457,-73.92975282798545,40.65154690942024
East Flatbush-Rugby,BK1703,2012,156.47996400912626,88,337.05357142857144,-53.57415637345129,187.5,-16.54401919513266,-73.92975282798545,40.65154690942024
East Flatbush-Rugby,BK1703,2013,196.9281045751634,98,346.18410700236035,-43.11463161021985,156.47996400912626,25.848766531974725,-73.92975282798545,40.65154690942024
East Flatbush-Rugby,BK1703,2014,164.27941235059762,185,352.1666317379394,-53.3517949898092,196.9281045751634,-16.578990741316172,-73.92975282798545,40.65154690942024
East Flatbush-Rugby,BK1703,2015,221.79849369671422,164,378.1408590172051,-41.34500718246304,164.27941235059762,35.01295781565251,-73.92975282798545,40.65154690942024
East Flatbush-Rugby,BK1703,2016,248.01778114257652,148,412.8122109158187,-39.91995038316522,221.79849369671422,11.821219796791942,-73.92975282798545,40.65154690942024
East Flatbush-Rugby,BK1703,2017,269.70159381670453,176,453.2408424405514,-40.49486088578182,248.01778114257652,8.74284600653804,-73.92975282798545,40.65154690942024
East Flatbush-Rugby,BK1703,2018,289.7150343924009,198,468.4992756435464,-38.16104966343041,269.70159381670453,7.420586690821705,-73.92975282798545,40.65154690942024
East Flatbush-Rugby,BK1703,2019,331.5004278667069,188,484.8484848484849,-31.628036752491706,289.7150343924009,14.42292891769996,-73.92975282798545,40.65154690942024
East Flatbush-Rugby,BK1703,2020,347.7475365069872,116,510.948905109489,-31.940839283632492,331.5004278667069,4.901082253448289,-73.92975282798545,40.65154690942024
East Flatbush-Rugby,BK1703,2021,375.3787878787879,144,583.6909871244635,-35.6887811942959,347.7475365069872,7.945779184907459,-73.92975282798545,40.65154690942024
East Flatbush-Rugby,BK1703,2022,366.6216824111561,125,614.297462406015,-40.31854193647305,375.3787878787879,-2.332871688652666,-73.92975282798545,40.65154690942024
East Flatbush-Rugby,BK1703,2023,355.6671360872675,132,588.8157894736842,-39.59619588238585,366.6216824111561,-2.987970120000525,-73.92975282798545,40.65154690942024
East Flatbush-Rugby,BK1703,2024,387.24547511312215,144,610.3286384976526,-36.551318308388446,355.6671360872675,8.878621559824543,-73.92975282798545,40.65154690942024
East Flatbush-Rugby,BK1703,2025,404.31682805896645,148,643.3739350912779,-37.15679078581191,387.24547511312215,4.408406048090662,-73.92975282798545,40.65154690942024
East Flatbush-Remsen Village,BK1704,2003,127.13888888888889,113,217.5,-41.545338441890166,,,-73.91916943685955,40.65621621849107
East Flatbush-Remsen Village,BK1704,2004,155.08474576271186,163,242.06349206349208,-35.93220338983051,127.13888888888889,21.98057346422607,-73.91916943685955,40.65621621849107
East Flatbush-Remsen Village,BK1704,2005,171.98248905565978,151,285.59771521827827,-39.78155990351112,155.08474576271186,10.89581261512489,-73.91916943685955,40.65621621849107
East Flatbush-Remsen Village,BK1704,2006,198.42335141135237,172,319.9301276108415,-37.97916035819179,171.98248905565978,15.374159602455437,-73.91916943685955,40.65621621849107
East Flatbush-Remsen Village,BK1704,2007,196.54088050314465,101,363.8791017154246,-45.98731293536844,198.42335141135237,-0.948714400204421,-73.91916943685955,40.65621621849107
East Flatbush-Remsen Village,BK1704,2008,198.052663616137,64,364.7209496043315,-45.69748081896722,196.54088050314465,0.7691952478905136,-73.91916943685955,40.65621621849107
East Flatbush-Remsen Village,BK1704,2009,168.39464882943145,37,315.0431111065702,-46.54869670441127,198.052663616137,-14.974812378281529,-73.91916943685955,40.65621621849107
East Flatbush-Remsen Village,BK1704,2010,193.0560523255814,35,331.20603015075375,-41.71119039176043,168.39464882943145,14.645004260871563,-73.91916943685955,40.65621621849107
East Flatbush-Remsen Village,BK1704,2011,169.07903981481482,52,327.76517308054713,-48.41458040654483,193.0560523255814,-12.419715529213397,-73.91916943685955,40.65621621849107
East Flatbush-Remsen Village,BK1704,2012,164.55014285022517,46,337.05357142857144,-51.17982516761531,169.07903981481482,-2.6785679464172256,-73.91916943685955,40.65621621849107
East Flatbush-Remsen Village,BK1704,2013,184.84848484848484,53,346.18410700236035,-46.60399449035813,164.55014285022517,12.335657475992216,-73.91916943685955,40.65621621849107
East Flatbush-Remsen Village,BK1704,2014,166.27389705882354,85,352.1666317379394,-52.785448116346736,184.84848484848484,-10.048547492767593,-73.91916943685955,40.65621621849107
East Flatbush-Remsen Village,BK1704,2015,191.7098445595855,85,378.1408590172051,-49.30200215394792,166.27389705882354,15.297619139679727,-73.91916943685955,40.65621621849107
East Flatbush-Remsen Village,BK1704,2016,202.8,81,412.8122109158187,-50.8735462184874,191.7098445595855,5.784864864864871,-73.91916943685955,40.65621621849107
East Flatbush-Remsen Village,BK1704,2017,229.8850574712644,89,453.2408424405514,-49.279712694599695,202.8,13.35555102133352,-73.91916943685955,40.65621621849107
East Flatbush-Remsen Village,BK1704,2018,262.2950819672131,89,468.4992756435464,-44.01377000916048,229.8850574712644,14.098360655737686,-73.91916943685955,40.65621621849107
East Flatbush-Remsen Village,BK1704,2019,273.91743837224465,92,484.8484848484849,-43.504528335724544,262.2950819672131,4.43102337941828,-73.91916943685955,40.65621621849107
East Flatbush-Remsen Village,BK1704,2020,288.4705750727232,62,510.948905109489,-43.54218745005274,273.91743837224465,5.312964660797288,-73.91916943685955,40.65621621849107
East Flatbush-Remsen Village,BK1704,2021,317.9012345679012,79,583.6909871244635,-45.53603848946987,288.4705750727232,10.202309018089133,-73.91916943685955,40.65621621849107
East Flatbush-Remsen Village,BK1704,2022,296.23180220883535,84,614.297462406015,-51.77714049988321,317.9012345679012,-6.816403965376059,-73.91916943685955,40.65621621849107
East Flatbush-Remsen Village,BK1704,2023,298.5074626865672,61,588.8157894736842,-49.30376052697406,296.23180220883535,0.7682026240138642,-73.91916943685955,40.65621621849107
East Flatbush-Remsen Village,BK1704,2024,288.74320124320127,72,610.3286384976526,-52.69053702707549,298.5074626865672,-3.2710275835275797,-73.91916943685955,40.65621621849107
East Flatbush-Remsen Village,BK1704,2025,335.4779411764706,85,643.3739350912779,-47.85646062443063,288.74320124320127,16.18557241592186,-73.91916943685955,40.65621621849107
Flatlands,BK1801,2003,194.07894736842104,507,217.5,-10.768300060496074,,,-73.93009715023325,40.62627487159711
Flatlands,BK1801,2004,237.98076923076923,662,242.06349206349208,-1.6866330390920627,194.07894736842104,22.62059973924381,-73.93009715023325,40.62627487159711
Flatlands,BK1801,2005,265.4799759916226,580,285.59771521827827,-7.044082692076145,237.98076923076923,11.555222234863644,-73.93009715023325,40.62627487159711
Flatlands,BK1801,2006,298.02842732691425,539,319.9301276108415,-6.845776122268851,265.4799759916226,12.260228370790093,-73.93009715023325,40.62627487159711
Flatlands,BK1801,2007,312.5,388,363.8791017154246,-14.119827567235824,298.02842732691425,4.855769230769233,-73.93009715023325,40.62627487159711
Flatlands,BK1801,2008,283.2512315270936,243,364.7209496043315,-22.33754824493097,312.5,-9.359605911330055,-73.93009715023325,40.62627487159711
Flatlands,BK1801,2009,251.28279883381924,193,315.0431111065702,-20.238599107530607,283.2512315270936,-11.286246672582072,-73.93009715023325,40.62627487159711
Flatlands,BK1801,2010,253.34255791699647,214,331.20603015075375,-23.50907445686193,251.28279883381924,0.8196976047450849,-73.93009715023325,40.62627487159711
Flatlands,BK1801,2011,247.93388429752065,185,327.76517308054713,-24.356245061890156,253.34255791699647,-2.1349250058680957,-73.93009715023325,40.62627487159711
Flatlands,BK1801,2012,246.6430544237994,206,337.05357142857144,-26.823782528568124,247.93388429752065,-0.5206347157342319,-73.93009715023325,40.62627487159711
Flatlands,BK1801,2013,243.22248931623932,234,346.18410700236035,-29.741867290695417,246.6430544237994,-1.386848340631818,-73.93009715023325,40.62627487159711
Flatlands,BK1801,2014,275.3922558922559,226,352.1666317379394,-21.800582146810047,243.22248931623932,13.22647698675152,-73.93009715023325,40.62627487159711
Flatlands,BK1801,2015,293.2324564910317,292,378.1408590172051,-22.454172962649917,275.3922558922559,6.478105399505352,-73.93009715023325,40.62627487159711
Flatlands,BK1801,2016,324.7549019607843,323,412.8122109158187,-21.331081452188723,293.2324564910317,10.749985130215858,-73.93009715023325,40.62627487159711
Flatlands,BK1801,2017,341.6149068322981,313,453.2408424405514,-24.62839293281353,324.7549019607843,5.191609047228403,-73.93009715023325,40.62627487159711
Flatlands,BK1801,2018,374.5833333333333,317,468.4992756435464,-20.046123269071654,341.6149068322981,9.650757575757577,-73.93009715023325,40.62627487159711
Flatlands,BK1801,2019,369.76987447698747,283,484.8484848484849,-23.73496338912134,374.5833333333333,-1.2850168248309268,-73.93009715023325,40.62627487159711
Flatlands,BK1801,2020,422.33391608391605,226,510.948905109489,-17.343219280719275,369.76987447698747,14.2153391163292,-73.93009715023325,40.62627487159711
Flatlands,BK1801,2021,447.02843371417316,294,583.6909871244635,-23.413510988674744,422.33391608391605,5.847154748838691,-73.93009715023325,40.62627487159711
Flatlands,BK1801,2022,458.87075600190354,306,614.297462406015,-25.301538084717567,447.02843371417316,2.649120591577913,-73.93009715023325,40.62627487159711
Flatlands,BK1801,2023,455.99863334634904,250,588.8157894736842,-22.556656683078145,458.87075600190354,-0.6259110257055891,-73.93009715023325,40.62627487159711
Flatlands,BK1801,2024,460.5263157894737,297,610.3286384976526,-24.544534412955464,455.99863334634904,0.9929157922904797,-73.93009715023325,40.62627487159711
Flatlands,BK1801,2025,470.1986754966888,243,643.3739350912779,-26.916735377229738,460.5263157894737,2.1002838221381346,-73.93009715023325,40.62627487159711
Marine Park-Mill Basin-Bergen Beach,BK1802,2003,245.09803921568627,547,217.5,12.688753662384492,,,-73.9185367616654,40.614975422921205
Marine Park-Mill Basin-Bergen Beach,BK1802,2004,277.2924573943974,666,242.06349206349208,14.55360534981662,245.09803921568627,13.135322616914136,-73.9185367616654,40.614975422921205
Marine Park-Mill Basin-Bergen Beach,BK1802,2005,307.36875,615,285.59771521827827,7.622972321428559,277.2924573943974,10.84641568985218,-73.9185367616654,40.614975422921205
Marine Park-Mill Basin-Bergen Beach,BK1802,2006,326.797385620915,523,319.9301276108415,2.146486816154662,307.36875,6.320953454414294,-73.9185367616654,40.614975422921205
Marine Park-Mill Basin-Bergen Beach,BK1802,2007,371.43164133188566,512,363.8791017154246,2.0755628946142632,326.797385620915,13.658082247557019,-73.9185367616654,40.614975422921205
Marine Park-Mill Basin-Bergen Beach,BK1802,2008,347.22222222222223,371,364.7209496043315,-4.797839937928661,371.43164133188566,-6.517866658546617,-73.9185367616654,40.614975422921205
Marine Park-Mill Basin-Bergen Beach,BK1802,2009,327.6796945193172,348,315.0431111065702,4.011064824862135,347.22222222222223,-5.62824797843665,-73.9185367616654,40.614975422921205
Marine Park-Mill Basin-Bergen Beach,BK1802,2010,324.95861797162377,320,331.20603015075375,-1.8862616046834566,327.6796945193172,-0.8304074354332679,-73.9185367616654,40.614975422921205
Marine Park-Mill Basin-Bergen Beach,BK1802,2011,315.31531531531533,277,327.76517308054713,-3.798407758890323,324.95861797162377,-2.9675479039458845,-73.9185367616654,40.614975422921205
Marine Park-Mill Basin-Bergen Beach,BK1802,2012,300.2793296089385,275,337.05357142857144,-10.910503533242093,315.31531531531533,-4.76855546687951,-73.9185367616654,40.614975422921205
Marine Park-Mill Basin-Bergen Beach,BK1802,2013,322.33901258879234,346,346.18410700236035,-6.887980681737485,300.2793296089385,7.346387448174585,-73.9185367616654,40.614975422921205
Marine Park-Mill Basin-Bergen Beach,BK1802,2014,338.6222910216718,373,352.1666317379394,-3.846003424409171,322.33901258879234,5.051600270815504,-73.9185367616654,40.614975422921205
Marine Park-Mill Basin-Bergen Beach,BK1802,2015,345.3492446258167,418,378.1408590172051,-8.671798778004154,338.6222910216718,1.9865654986411942,-73.9185367616654,40.614975422921205
Marine Park-Mill Basin-Bergen Beach,BK1802,2016,386.5752365130034,476,412.8122109158187,-6.355668197074135,345.3492446258167,11.93747851739324,-73.9185367616654,40.614975422921205
Marine Park-Mill Basin-Bergen Beach,BK1802,2017,415.92394533571,443,453.2408424405514,-8.233348279890723,386.5752365130034,7.591978494907911,-73.9185367616654,40.614975422921205
Marine Park-Mill Basin-Bergen Beach,BK1802,2018,445.2337504344803,410,468.4992756435464,-4.96596823487246,415.92394533571,7.046914568747205,-73.9185367616654,40.614975422921205
Marine Park-Mill Basin-Bergen Beach,BK1802,2019,433.59493442995756,400,484.8484848484849,-10.571044773821257,445.2337504344803,-2.614091135985323,-73.9185367616654,40.614975422921205
Marine Park-Mill Basin-Bergen Beach,BK1802,2020,454.03920403920404,348,510.948905109489,-11.13804149518434,433.59493442995756,4.715061912825234,-73.9185367616654,40.614975422921205
Marine Park-Mill Basin-Bergen Beach,BK1802,2021,469.55956241314186,622,583.6909871244635,-19.553398498336723,454.03920403920404,3.41828596206369,-73.9185367616654,40.614975422921205
Marine Park-Mill Basin-Bergen Beach,BK1802,2022,492.8432847640165,432,614.297462406015,-19.771232192023014,469.55956241314186,4.958630217477816,-73.9185367616654,40.614975422921205
Marine Park-Mill Basin-Bergen Beach,BK1802,2023,494.37657148649134,346,588.8157894736842,-16.038839255925485,492.8432847640165,0.3111104015973346,-73.9185367616654,40.614975422921205
Marine Park-Mill Basin-Bergen Beach,BK1802,2024,514.8583457360933,350,610.3286384976526,-15.642440275547798,494.37657148649134,4.142950016425199,-73.9185367616654,40.614975422921205
Marine Park-Mill Basin-Bergen Beach,BK1802,2025,543.5276535156368,340,643.3739350912779,-15.51916795657498,514.8583457360933,5.568387502499346,-73.9185367616654,40.614975422921205
Canarsie,BK1803,2003,186.42681929681112,763,217.5,-14.28651986353512,,,-73.90146151052127,40.63935305864481
Canarsie,BK1803,2004,211.4270104895105,876,242.06349206349208,-12.656382551874353,186.42681929681112,13.41019027573305,-73.90146151052127,40.63935305864481
Canarsie,BK1803,2005,253.6997885835095,863,285.59771521827827,-11.168831168831177,211.4270104895105,19.994029143261365,-73.90146151052127,40.63935305864481
Canarsie,BK1803,2006,291.9742212299857,768,319.9301276108415,-8.738128725051176,253.6997885835095,15.086505534819365,-73.90146151052127,40.63935305864481
Canarsie,BK1803,2007,303.36827586206897,439,363.8791017154246,-16.629376506672468,291.9742212299857,3.9024180230994707,-73.90146151052127,40.63935305864481
Canarsie,BK1803,2008,267.24975704567544,247,364.7209496043315,-26.72486805718124,303.36827586206897,-11.905832511246288,-73.90146151052127,40.63935305864481
Canarsie,BK1803,2009,239.90384615384616,237,315.0431111065702,-23.850470714564064,267.24975704567544,-10.232342657342663,-73.90146151052127,40.63935305864481
Canarsie,BK1803,2010,235.2941176470588,229,331.20603015075375,-28.958383535480646,239.90384615384616,-1.9214900389013398,-73.90146151052127,40.63935305864481
Canarsie,BK1803,2011,224.414172783738,242,327.76517308054713,-31.532026214210074,235.2941176470588,-4.623976566911347,-73.90146151052127,40.63935305864481
Canarsie,BK1803,2012,220.7636698212408,252,337.05357142857144,-34.50190458283717,224.414172783738,-1.6266811125227338,-73.90146151052127,40.63935305864481
Canarsie,BK1803,2013,212.5,239,346.18410700236035,-38.61647727272727,220.7636698212408,-3.743219990830985,-73.90146151052127,40.63935305864481
Canarsie,BK1803,2014,233.3603896103896,305,352.1666317379394,-33.73580328756361,212.5,9.816653934300989,-73.90146151052127,40.63935305864481
Canarsie,BK1803,2015,256.4102564102564,414,378.1408590172051,-32.19186705275086,233.3603896103896,9.877369007803793,-73.90146151052127,40.63935305864481
Canarsie,BK1803,2016,250.96525096525096,383,412.8122109158187,-39.205952651330804,256.4102564102564,-2.123552123552125,-73.90146151052127,40.63935305864481
Canarsie,BK1803,2017,286.61138311688313,398,453.2408424405514,-36.76399911941385,250.96525096525096,14.203612657342665,-73.90146151052127,40.63935305864481
Canarsie,BK1803,2018,306.8783068783069,421,468.4992756435464,-34.49759202791328,286.61138311688313,7.07122080812774,-73.90146151052127,40.63935305864481
Canarsie,BK1803,2019,314.5736550551753,468,484.8484848484849,-35.11918364487009,306.8783068783069,2.5076220783243697,-73.90146151052127,40.63935305864481
Canarsie,BK1803,2020,349.29384271489533,278,510.948905109489,-31.638205068656188,314.5736550551753,11.037220409836987,-73.90146151052127,40.63935305864481
Canarsie,BK1803,2021,382.3529411764706,325,583.6909871244635,-34.4939446366782,349.29384271489533,9.464552310634103,-73.90146151052127,40.63935305864481
Canarsie,BK1803,2022,415.0197628458498,319,614.297462406015,-32.4399353335525,382.3529411764706,8.543630282760715,-73.90146151052127,40.63935305864481
Canarsie,BK1803,2023,394.7368421052632,265,588.8157894736842,-32.9608938547486,415.0197628458498,-4.887218045112779,-73.90146151052127,40.63935305864481
Canarsie,BK1803,2024,400.22222001272667,248,610.3286384976526,-34.425128567145556,394.7368421052632,1.38962906989075,-73.90146151052127,40.63935305864481
Canarsie,BK1803,2025,419.5804195804196,285,643.3739350912779,-34.7843615205064,400.22222001272667,4.836862772655985,-73.90146151052127,40.63935305864481
Mott Haven-Port Morris,BX0101,2003,129.75526525143408,30,217.5,-40.342406780949844,,,-73.91724283313891,40.80752467714085
Mott Haven-Port Morris,BX0101,2004,135.4625550660793,49,242.06349206349208,-44.03841987434102,129.75526525143408,4.398503446920532,-73.91724283313891,40.80752467714085
Mott Haven-Port Morris,BX0101,2005,162.53779137529136,56,285.59771521827827,-43.088553334165844,135.4625550660793,19.98724761688176,-73.91724283313891,40.80752467714085
Mott Haven-Port Morris,BX0101,2006,184.13325925925926,64,319.9301276108415,-42.44578944961496,162.53779137529136,13.286428775265613,-73.91724283313891,40.80752467714085
Mott Haven-Port Morris,BX0101,2007,199.56086601307192,60,363.8791017154246,-45.157370931090036,184.13325925925926,8.378500883477338,-73.91724283313891,40.80752467714085
Mott Haven-Port Morris,BX0101,2008,186.34259259259255,37,364.7209496043315,-48.908174100021725,199.56086601307192,-6.623680125548023,-73.91724283313891,40.80752467714085
Mott Haven-Port Morris,BX0101,2009,163.55140186915887,15,315.0431111065702,-48.0860250221964,186.34259259259255,-12.230800487606652,-73.91724283313891,40.80752467714085
Mott Haven-Port Morris,BX0101,2010,168.02239454694708,16,331.20603015075375,-49.26952432886896,163.55140186915887,2.733692665847653,-73.91724283313891,40.80752467714085
Mott Haven-Port Morris,BX0101,2011,173.49780340025322,20,327.76517308054713,-47.06643119840657,168.02239454694708,3.258737543926773,-73.91724283313891,40.80752467714085
Mott Haven-Port Morris,BX0101,2012,140.625,17,337.05357142857144,-58.27814569536424,173.49780340025322,-18.947100629520268,-73.91724283313891,40.80752467714085
Mott Haven-Port Morris,BX0101,2013,161.52716593245228,15,346.18410700236035,-53.34067547723935,140.625,14.863762440854952,-73.91724283313891,40.80752467714085
Mott Haven-Port Morris,BX0101,2014,133.03006962227914,38,352.1666317379394,-62.22524860865527,161.52716593245228,-17.642293261116276,-73.91724283313891,40.80752467714085
Mott Haven-Port Morris,BX0101,2015,185.39157272064813,41,378.1408590172051,-50.97287999966886,133.03006962227914,39.36065225481906,-73.91724283313891,40.80752467714085
Mott Haven-Port Morris,BX0101,2016,230.26315789473685,57,412.8122109158187,-44.220846233230134,185.39157272064813,24.203681168238514,-73.91724283313891,40.80752467714085
Mott Haven-Port Morris,BX0101,2017,240.7894736842105,55,453.2408424405514,-46.87383590860013,230.26315789473685,4.571428571428553,-73.91724283313891,40.80752467714085
Mott Haven-Port Morris,BX0101,2018,280.70175438596493,76,468.4992756435464,-40.08491176418927,240.7894736842105,16.575591985428076,-73.91724283313891,40.80752467714085
Mott Haven-Port Morris,BX0101,2019,287.6106194690266,53,484.8484848484849,-40.68030973451327,280.70175438596493,2.46128318584071,-73.91724283313891,40.80752467714085
Mott Haven-Port Morris,BX0101,2020,331.1264087126156,38,510.948905109489,-35.193831437673786,287.6106194690266,15.130105183155573,-73.91724283313891,40.80752467714085
Mott Haven-Port Morris,BX0101,2021,324.9590387766248,55,583.6909871244635,-44.326870562534125,331.1264087126156,-1.8625424531884582,-73.91724283313891,40.80752467714085
Mott Haven-Port Morris,BX0101,2022,317.04479348458403,59,614.297462406015,-48.3890439262411,324.9590387766248,-2.4354593495338963,-73.91724283313891,40.80752467714085
Mott Haven-Port Morris,BX0101,2023,348.41269841269843,30,588.8157894736842,-40.82823445951937,317.04479348458403,9.893840104849295,-73.91724283313891,40.80752467714085
Mott Haven-Port Morris,BX0101,2024,396.4424951267057,30,610.3286384976526,-35.04442195231668,348.41269841269843,13.785317507892744,-73.91724283313891,40.80752467714085
Mott Haven-Port Morris,BX0101,2025,310.0877192982456,40,643.3739350912779,-51.802878173133905,396.4424951267057,-21.782421634910893,-73.91724283313891,40.80752467714085
Melrose,BX0102,2003,130.63451047947171,48,217.5,-39.938156101392316,,,-73.91285012508264,40.818259545893
Melrose,BX0102,2004,132.1676118462508,44,242.06349206349208,-45.39960953236853,130.63451047947171,1.1735806726355011,-73.91285012508264,40.818259545893
Melrose,BX0102,2005,136.56114214773433,91,285.59771521827827,-52.18409151370045,132.1676118462508,3.324211007606376,-73.91285012508264,40.818259545893
Melrose,BX0102,2006,164.4428992283997,108,319.9301276108415,-48.600370819585414,136.56114214773433,20.417050298614512,-73.91285012508264,40.818259545893
Melrose,BX0102,2007,196.46836638338056,53,363.8791017154246,-46.007241015717725,164.4428992283997,19.475129242582685,-73.91285012508264,40.818259545893
Melrose,BX0102,2008,187.291032974428,51,364.7209496043315,-48.648128609664134,196.46836638338056,-4.6711506681153345,-73.91285012508264,40.818259545893
Melrose,BX0102,2009,217.63392857142856,47,315.0431111065702,-30.919318372967336,187.291032974428,16.200933443056755,-73.91285012508264,40.818259545893
Melrose,BX0102,2010,182.04911092294665,21,331.20603015075375,-45.034481757447445,217.63392857142856,-16.35076749386656,-73.91285012508264,40.818259545893
Melrose,BX0102,2011,159.75047464062925,13,327.76517308054713,-51.260692788317954,182.04911092294665,-12.24869276717063,-73.91285012508264,40.818259545893
Melrose,BX0102,2012,136.5426695842451,15,337.05357142857144,-59.489327169707416,159.75047464062925,-14.527534336653378,-73.91285012508264,40.818259545893
Melrose,BX0102,2013,129.18486171761282,29,346.18410700236035,-62.68319108111684,136.5426695842451,-5.3886509536072875,-73.91285012508264,40.818259545893
Melrose,BX0102,2014,148.04845222072677,27,352.1666317379394,-57.96068142796241,129.18486171761282,14.602013155649898,-73.91285012508264,40.818259545893
Melrose,BX0102,2015,176.08517608517607,47,378.1408590172051,-53.433972582908766,148.04845222072677,18.93753257389621,-73.91285012508264,40.818259545893
Melrose,BX0102,2016,201.8804656902194,52,412.8122109158187,-51.09629503392108,176.08517608517607,14.64932493384089,-73.91285012508264,40.818259545893
Melrose,BX0102,2017,229.34394707835003,38,453.2408424405514,-49.399099639077306,201.8804656902194,13.603832988117162,-73.91285012508264,40.818259545893
Melrose,BX0102,2018,229.5162882527147,49,468.4992756435464,-51.010321640851345,229.34394707835003,0.07514529010255441,-73.91285012508264,40.818259545893
Melrose,BX0102,2019,271.89193594393055,50,484.8484848484849,-43.92228821156433,229.5162882527147,18.463024133850173,-73.91285012508264,40.818259545893
Melrose,BX0102,2020,293.86343993085563,35,510.948905109489,-42.48672675638968,271.89193594393055,8.080969341972702,-73.91285012508264,40.818259545893
Melrose,BX0102,2021,314.7743813682678,59,583.6909871244635,-46.071742015583524,293.86343993085563,7.115870365613502,-73.91285012508264,40.818259545893
Melrose,BX0102,2022,323.6607142857143,45,614.297462406015,-47.3120541605309,314.7743813682678,2.8230800990916594,-73.91285012508264,40.818259545893
Melrose,BX0102,2023,322.3808158584535,36,588.8157894736842,-45.24929160839672,323.6607142857143,-0.39544447959505336,-73.91285012508264,40.818259545893
Melrose,BX0102,2024,336.45735707591376,47,610.3286384976526,-44.87275610986951,322.3808158584535,4.366432655112082,-73.91285012508264,40.818259545893
Melrose,BX0102,2025,318.65042174320524,49,643.3739350912779,-50.47197215131243,336.45735707591376,-5.292479108635096,-73.91285012508264,40.818259545893
Hunts Point,BX0201,2003,127.55102040816328,27,217.5,-41.35585268590194,,,-73.88497780041051,40.810863077684594
Hunts Point,BX0201,2004,143.77885620915032,29,242.06349206349208,-40.60283317261331,127.55102040816328,12.722623267973834,-73.88497780041051,40.810863077684594
Hunts Point,BX0201,2005,146.19883040935673,41,285.59771521827827,-48.80952380952381,143.77885620915032,1.683122445129314,-73.88497780041051,40.810863077684594
Hunts Point,BX0201,2006,177.21036585365854,45,319.9301276108415,-44.609666123968566,146.19883040935673,21.211890243902438,-73.88497780041051,40.810863077684594
Hunts Point,BX0201,2007,179.76588628762542,35,363.8791017154246,-50.597359001888165,177.21036585365854,1.4420829287589425,-73.88497780041051,40.810863077684594
Hunts Point,BX0201,2008,167.1875,23,364.7209496043315,-54.16015993011265,179.76588628762542,-6.9970930232558155,-73.88497780041051,40.810863077684594
Hunts Point,BX0201,2010,130.94485166926137,10,331.20603015075375,-60.46423079626307,167.1875,-21.677845730535257,-73.88497780041051,40.810863077684594
Hunts Point,BX0201,2013,141.1229135053111,13,346.18410700236035,-59.23472203062491,130.94485166926137,7.77278503606795,-73.88497780041051,40.810863077684594
Hunts Point,BX0201,2014,178.79168608885652,25,352.1666317379394,-49.230940703688745,141.1229135053111,26.692173260813373,-73.88497780041051,40.810863077684594
Hunts Point,BX0201,2015,137.6773598234479,18,378.1408590172051,-63.59098559693501,178.79168608885652,-22.995658894885914,-73.88497780041051,40.810863077684594
Hunts Point,BX0201,2016,162.87284144427002,25,412.8122109158187,-60.54553689607711,137.6773598234479,18.300381161530005,-73.88497780041051,40.810863077684594
Hunts Point,BX0201,2017,193.4934017595308,24,453.2408424405514,-57.308921959099465,162.87284144427002,18.800286188743243,-73.88497780041051,40.810863077684594
Hunts Point,BX0201,2018,205.29220058973425,22,468.4992756435464,-56.18089263686951,193.4934017595308,6.097778385676805,-73.88497780041051,40.810863077684594
Hunts Point,BX0201,2019,214.77712522666377,26,484.8484848484849,-55.7022179220006,205.29220058973425,4.620207007223157,-73.88497780041051,40.810863077684594
Hunts Point,BX0201,2021,153.78003985917223,10,583.6909871244635,-73.65386081824475,214.77712522666377,-28.400177767124234,-73.88497780041051,40.810863077684594
Hunts Point,BX0201,2023,257.0420244600573,14,588.8157894736842,-56.345935510694176,153.78003985917223,67.14914672635649,-73.88497780041051,40.810863077684594
Hunts Point,BX0201,2025,284.8101265822785,19,643.3739350912779,-55.731789703001965,257.0420244600573,10.802942507378276,-73.88497780041051,40.810863077684594
Longwood,BX0202,2003,133.33333333333334,39,217.5,-38.69731800766283,,,-73.89656268104811,40.820967691275925
Longwood,BX0202,2004,129.55465587044534,51,242.06349206349208,-46.47906019778324,133.33333333333334,-2.8340080971659987,-73.89656268104811,40.820967691275925
Longwood,BX0202,2005,155.25418732983275,78,285.59771521827827,-45.63885526493999,129.55465587044534,19.83682584521465,-73.89656268104811,40.820967691275925
Longwood,BX0202,2006,167.11229946524065,81,319.9301276108415,-47.7660010599209,155.25418732983275,7.637869444523073,-73.89656268104811,40.820967691275925
Longwood,BX0202,2007,182.33875828812535,51,363.8791017154246,-49.890291190526995,167.11229946524065,9.1115129596142,-73.89656268104811,40.820967691275925
Longwood,BX0202,2008,183.38206627680316,37,364.7209496043315,-49.719897780550944,182.33875828812535,0.5721811415591694,-73.89656268104811,40.820967691275925
Longwood,BX0202,2009,181.6239316239316,21,315.0431111065702,-42.349499093635686,183.38206627680316,-0.9587276927165597,-73.89656268104811,40.820967691275925
Longwood,BX0202,2010,161.0622303128371,16,331.20603015075375,-51.37098493058021,181.6239316239316,-11.32103083952027,-73.89656268104811,40.820967691275925
Longwood,BX0202,2011,173.61111111111111,17,327.76517308054713,-47.03186141486521,161.0622303128371,7.791324368164938,-73.89656268104811,40.820967691275925
Longwood,BX0202,2013,138.9219526484373,30,346.18410700236035,-59.87049958723551,173.61111111111111,-19.98095527450012,-73.89656268104811,40.820967691275925
Longwood,BX0202,2014,146.19883040935673,37,352.1666317379394,-58.48589354196713,138.9219526484373,5.2381050094614325,-73.89656268104811,40.820967691275925
Longwood,BX0202,2015,161.80555555555554,42,378.1408590172051,-57.210242771412986,146.19883040935673,10.674999999999986,-73.89656268104811,40.820967691275925
Longwood,BX0202,2016,186.83862433862436,31,412.8122109158187,-54.740044165814474,161.80555555555554,15.471081136317208,-73.89656268104811,40.820967691275925
Longwood,BX0202,2017,193.717277486911,43,453.2408424405514,-57.259527529821064,186.83862433862436,3.6816012602511177,-73.89656268104811,40.820967691275925
Longwood,BX0202,2018,209.33521923620933,49,468.4992756435464,-55.31792040688656,193.717277486911,8.062234794908054,-73.89656268104811,40.820967691275925
Longwood,BX0202,2019,275.0,39,484.8484848484849,-43.28125000000001,209.33521923620933,31.36824324324325,-73.89656268104811,40.820967691275925
Longwood,BX0202,2020,239.50617283950615,35,510.948905109489,-53.12522045855378,275.0,-12.906846240179581,-73.89656268104811,40.820967691275925
Longwood,BX0202,2021,293.55089355089353,22,583.6909871244635,-49.70782485488368,239.50617283950615,22.56506380217721,-73.89656268104811,40.820967691275925
Longwood,BX0202,2022,288.6904761904762,43,614.297462406015,-53.00477474548503,293.55089355089353,-1.6557324359071213,-73.89656268104811,40.820967691275925
Longwood,BX0202,2023,260.71714743589746,26,588.8157894736842,-55.72178054719953,288.6904761904762,-9.68973037272006,-73.89656268104811,40.820967691275925
Longwood,BX0202,2024,317.5,33,610.3286384976526,-47.978846153846156,260.71714743589746,21.77948520937379,-73.89656268104811,40.820967691275925
Longwood,BX0202,2025,328.41010733452595,36,643.3739350912779,-48.95501831482601,317.5,3.4362542785908494,-73.89656268104811,40.820967691275925
Morrisania,BX0301,2003,120.411,45,217.5,-44.63862068965517,,,-73.90474179455428,40.82729462006745
Morrisania,BX0301,2004,143.75,81,242.06349206349208,-40.61475409836066,120.411,19.382780642964512,-73.90474179455428,40.82729462006745
Morrisania,BX0301,2005,156.3958995566693,78,285.59771521827827,-45.23909288380052,143.75,8.797147517682987,-73.90474179455428,40.82729462006745
Morrisania,BX0301,2006,190.60283687943263,89,319.9301276108415,-40.42360489685447,156.3958995566693,21.87201673428057,-73.90474179455428,40.82729462006745
Morrisania,BX0301,2007,183.26467726096408,90,363.8791017154246,-49.63583333117929,190.60283687943263,-3.8499739765732683,-73.90474179455428,40.82729462006745
Morrisania,BX0301,2008,195.2765855096166,78,364.7209496043315,-46.45863207982351,183.26467726096408,6.5544044974623725,-73.90474179455428,40.82729462006745
Morrisania,BX0301,2009,260.2467139068051,84,315.0431111065702,-17.39330119211178,195.2765855096166,33.270823651301995,-73.90474179455428,40.82729462006745
Morrisania,BX0301,2010,180.72289156626505,33,331.20603015075375,-45.434903016709534,260.2467139068051,-30.557089903935424,-73.90474179455428,40.82729462006745
Morrisania,BX0301,2011,155.6615540403978,28,327.76517308054713,-52.508208063293985,180.72289156626505,-13.867273430979884,-73.90474179455428,40.82729462006745
Morrisania,BX0301,2012,150.69348219178082,27,337.05357142857144,-55.2909403828359,155.6615540403978,-3.1915856675358913,-73.90474179455428,40.82729462006745
Morrisania,BX0301,2013,134.28259068595514,26,346.18410700236035,-61.21064255412523,150.69348219178082,-10.89024639097547,-73.90474179455428,40.82729462006745
Morrisania,BX0301,2014,160.86395873629917,27,352.1666317379394,-54.321635203642984,134.28259068595514,19.795096232920848,-73.90474179455428,40.82729462006745
Morrisania,BX0301,2015,154.29096927471005,32,378.1408590172051,-59.197488027156055,160.86395873629917,-4.086054771512914,-73.90474179455428,40.82729462006745
Morrisania,BX0301,2016,172.36238532110093,56,412.8122109158187,-58.24678128131987,154.29096927471005,11.712555913894942,-73.90474179455428,40.82729462006745
Morrisania,BX0301,2017,173.841059602649,61,453.2408424405514,-61.64488207493114,172.36238532110093,0.8578868752561053,-73.90474179455428,40.82729462006745
Morrisania,BX0301,2018,194.6379246596198,54,468.4992756435464,-58.455021218067294,173.841059602649,11.963149042295584,-73.90474179455428,40.82729462006745
Morrisania,BX0301,2019,215.0,55,484.8484848484849,-55.65625000000001,194.6379246596198,10.461514823480115,-73.90474179455428,40.82729462006745
Morrisania,BX0301,2020,267.8609684907915,28,510.948905109489,-47.57578188108794,215.0,24.58649697246116,-73.90474179455428,40.82729462006745
Morrisania,BX0301,2021,276.88901009418163,40,583.6909871244635,-52.56239753533506,267.8609684907915,3.370420727684519,-73.90474179455428,40.82729462006745
Morrisania,BX0301,2022,300.35912504080966,37,614.297462406015,-51.10526358608174,276.88901009418163,8.476362040748693,-73.90474179455428,40.82729462006745
Morrisania,BX0301,2023,305.0443081117928,27,588.8157894736842,-48.193592365371494,300.35912504080966,1.5598604072197186,-73.90474179455428,40.82729462006745
Morrisania,BX0301,2024,330.27522935779814,27,610.3286384976526,-45.88567395906846,305.0443081117928,8.271231612936269,-73.90474179455428,40.82729462006745
Morrisania,BX0301,2025,283.4467120181406,39,643.3739350912779,-55.94370605363008,330.27522935779814,-14.178634416729643,-73.90474179455428,40.82729462006745
Claremont Village-Claremont (East),BX0302,2005,130.93158905274743,12,285.59771521827827,-54.155239318816584,,,-73.90353535940241,40.837576639945425
Claremont Village-Claremont (East),BX0302,2007,179.64453940327735,12,363.8791017154246,-50.63070713421454,130.93158905274743,37.204887455314775,-73.90353535940241,40.837576639945425
Claremont Village-Claremont (East),BX0302,2018,231.8295739348371,12,468.4992756435464,-50.516556590959894,179.64453940327735,29.049051368275386,-73.90353535940241,40.837576639945425
Crotona Park East,BX0303,2003,128.57142857142858,33,217.5,-40.88669950738916,,,-73.8886979408838,40.83214164891492
Crotona Park East,BX0303,2004,133.235,65,242.06349206349208,-44.958655737704916,128.57142857142858,3.6272222222222235,-73.8886979408838,40.83214164891492
Crotona Park East,BX0303,2005,158.7566709021601,74,285.59771521827827,-44.41248565982938,133.235,19.155380269568866,-73.8886979408838,40.83214164891492
Crotona Park East,BX0303,2006,184.7189342033714,82,319.9301276108415,-42.26272605746561,158.7566709021601,16.353494409826432,-73.8886979408838,40.83214164891492
Crotona Park East,BX0303,2007,178.20610808547704,68,363.8791017154246,-51.02601186895175,184.7189342033714,-3.525803213396562,-73.8886979408838,40.83214164891492
Crotona Park East,BX0303,2008,178.6389413988658,29,364.7209496043315,-51.02037829396344,178.20610808547704,0.24288354537272414,-73.8886979408838,40.83214164891492
Crotona Park East,BX0303,2009,152.65151515151513,20,315.0431111065702,-51.54583300827124,178.6389413988658,-14.5474587141254,-73.8886979408838,40.83214164891492
Crotona Park East,BX0303,2010,174.42042606516293,20,331.20603015075375,-47.33778669857772,152.65151515151513,14.26052724864273,-73.8886979408838,40.83214164891492
Crotona Park East,BX0303,2011,165.7608695652174,19,327.76517308054713,-49.42694246393217,174.42042606516293,-4.964760547431721,-73.8886979408838,40.83214164891492
Crotona Park East,BX0303,2012,164.02931443248048,22,337.05357142857144,-51.33434909552898,165.7608695652174,-1.0446103095855572,-73.8886979408838,40.83214164891492
Crotona Park East,BX0303,2013,192.3954372623574,23,346.18410700236035,-44.42395437262358,164.02931443248048,17.29332523763812,-73.8886979408838,40.83214164891492
Crotona Park East,BX0303,2014,162.8968253968254,32,352.1666317379394,-53.74438952579609,192.3954372623574,-15.332282451847668,-73.8886979408838,40.83214164891492
Crotona Park East,BX0303,2015,175.43859649122808,43,378.1408590172051,-53.60496166767164,162.8968253968254,7.699211487915902,-73.8886979408838,40.83214164891492
Crotona Park East,BX0303,2016,182.529844,43,412.8122109158187,-55.783806977254905,175.43859649122808,4.042011079999991,-73.8886979408838,40.83214164891492
Crotona Park East,BX0303,2017,181.25,47,453.2408424405514,-60.01022347764845,182.529844,-0.7011697221414364,-73.8886979408838,40.83214164891492
Crotona Park East,BX0303,2018,206.2710813492064,47,468.4992756435464,-55.971952984160865,181.25,13.804734537493193,-73.8886979408838,40.83214164891492
Crotona Park East,BX0303,2019,243.59197689550592,38,484.8484848484849,-49.75915476530191,206.2710813492064,18.093130312880426,-73.8886979408838,40.83214164891492
Crotona Park East,BX0303,2020,220.95959595959596,40,510.948905109489,-56.7550505050505,243.59197689550592,-9.291102779472338,-73.8886979408838,40.83214164891492
Crotona Park East,BX0303,2021,265.0121580547112,44,583.6909871244635,-54.59718174503845,220.95959595959596,19.93693095961788,-73.8886979408838,40.83214164891492
Crotona Park East,BX0303,2022,273.5646828520436,36,614.297462406015,-55.467066104982024,265.0121580547112,3.2272197849755635,-73.8886979408838,40.83214164891492
Crotona Park East,BX0303,2023,305.39772727272725,37,588.8157894736842,-48.133570340274254,273.5646828520436,11.636386718054705,-73.8886979408838,40.83214164891492
Crotona Park East,BX0303,2024,300.9259259259259,32,610.3286384976526,-50.69444444444444,305.39772727272725,-1.4642549526270396,-73.8886979408838,40.83214164891492
Crotona Park East,BX0303,2025,323.618700667881,41,643.3739350912779,-49.69974955202871,300.9259259259259,7.540983606557379,-73.8886979408838,40.83214164891492
Concourse-Concourse Village,BX0401,2003,121.53739612188366,21,217.5,-44.1207374152259,,,-73.92172417551741,40.82674770128367
Concourse-Concourse Village,BX0401,2004,137.73388773388774,57,242.06349206349208,-43.100098837803756,121.53739612188366,13.326344095574868,-73.92172417551741,40.82674770128367
Concourse-Concourse Village,BX0401,2005,142.59259259259258,37,285.59771521827827,-50.07222222222223,137.73388773388774,3.5276030747728724,-73.92172417551741,40.82674770128367
Concourse-Concourse Village,BX0401,2006,147.58522727272725,50,319.9301276108415,-53.869543836069155,142.59259259259258,3.501328217237302,-73.92172417551741,40.82674770128367
Concourse-Concourse Village,BX0401,2007,158.2591493570722,43,363.8791017154246,-56.507766285286586,147.58522727272725,7.23237839016251,-73.92172417551741,40.82674770128367
Concourse-Concourse Village,BX0401,2008,164.08371040723983,24,364.7209496043315,-55.011163854106414,158.2591493570722,3.680394513574672,-73.92172417551741,40.82674770128367
Concourse-Concourse Village,BX0401,2009,185.75545239983938,14,315.0431111065702,-41.038084677559084,164.08371040723983,13.207735209553947,-73.92172417551741,40.82674770128367
Concourse-Concourse Village,BX0401,2010,151.09664586858432,20,331.20603015075375,-54.379862649297095,185.75545239983938,-18.658298361359453,-73.92172417551741,40.82674770128367
Concourse-Concourse Village,BX0401,2011,151.7939282428703,15,327.76517308054713,-53.688207073309925,151.09664586858432,0.46148104101029114,-73.92172417551741,40.82674770128367
Concourse-Concourse Village,BX0401,2012,120.30346820809248,13,337.05357142857144,-64.30731539256594,151.7939282428703,-20.745533368365745,-73.92172417551741,40.82674770128367
Concourse-Concourse Village,BX0401,2013,142.70289097875306,21,346.18410700236035,-58.778323992273826,120.30346820809248,18.619099768525068,-73.92172417551741,40.82674770128367
Concourse-Concourse Village,BX0401,2014,132.397422493289,32,352.1666317379394,-62.404892865656,142.70289097875306,-7.2216255850054365,-73.92172417551741,40.82674770128367
Concourse-Concourse Village,BX0401,2015,134.53963941147111,40,378.1408590172051,-64.42076115203682,132.397422493289,1.6180201078239915,-73.92172417551741,40.82674770128367
Concourse-Concourse Village,BX0401,2016,156.97560953093893,52,412.8122109158187,-61.97408764079665,134.53963941147111,16.676103947960243,-73.92172417551741,40.82674770128367
Concourse-Concourse Village,BX0401,2017,177.40981667652278,33,453.2408424405514,-60.85749560405239,156.97560953093893,13.017440866542007,-73.92172417551741,40.82674770128367
Concourse-Concourse Village,BX0401,2018,199.3809965954813,46,468.4992756435464,-57.44262436230988,177.40981667652278,12.384421747652947,-73.92172417551741,40.82674770128367
Concourse-Concourse Village,BX0401,2019,182.15912135012056,29,484.8484848484849,-62.429681221537635,199.3809965954813,-8.63767136258313,-73.92172417551741,40.82674770128367
Concourse-Concourse Village,BX0401,2021,225.346746031746,23,583.6909871244635,-61.39280012838469,182.15912135012056,23.708735725957023,-73.92172417551741,40.82674770128367
Concourse-Concourse Village,BX0401,2022,209.80565371024736,26,614.297462406015,-65.84624444182093,225.346746031746,-6.896523954825276,-73.92172417551741,40.82674770128367
Concourse-Concourse Village,BX0401,2023,257.93650793650795,19,588.8157894736842,-56.19402323312938,209.80565371024736,22.940685045948207,-73.92172417551741,40.82674770128367
Concourse-Concourse Village,BX0401,2024,244.2528735632184,27,610.3286384976526,-59.98010610079576,257.93650793650795,-5.30503978779841,-73.92172417551741,40.82674770128367
Concourse-Concourse Village,BX0401,2025,247.85188216039282,18,643.3739350912779,-61.47623199481509,244.2528735632184,1.4734764609608204,-73.92172417551741,40.82674770128367
Highbridge,BX0402,2003,134.03880070546737,19,217.5,-38.37296519288857,,,-73.92776239886052,40.83685808729802
Highbridge,BX0402,2004,146.31043256997455,25,242.06349206349208,-39.55700162683019,134.03880070546737,9.15528324628365,-73.92776239886052,40.83685808729802
Highbridge,BX0402,2005,147.19889312210324,28,285.59771521827827,-48.45935899396071,146.31043256997455,0.6072434730201317,-73.92776239886052,40.83685808729802
Highbridge,BX0402,2006,233.45889904163658,70,319.9301276108415,-27.028160559604224,147.19889312210324,58.60098815279788,-73.92776239886052,40.83685808729802
Highbridge,BX0402,2007,173.61111111111111,31,363.8791017154246,-52.28879309290879,233.45889904163658,-25.635256645261496,-73.92776239886052,40.83685808729802
Highbridge,BX0402,2008,212.92892156862743,15,364.7209496043315,-41.61867537370038,173.61111111111111,22.6470588235294,-73.92776239886052,40.83685808729802
Highbridge,BX0402,2013,148.33980163863734,15,346.18410700236035,-57.15002548120272,212.92892156862743,-30.333652870717653,-73.92776239886052,40.83685808729802
Highbridge,BX0402,2014,116.7120558510193,16,352.1666317379394,-66.85885449309995,148.33980163863734,-21.321146070199486,-73.92776239886052,40.83685808729802
Highbridge,BX0402,2015,147.24170866393277,30,378.1408590172051,-61.06167710979009,116.7120558510193,26.15809702802595,-73.92776239886052,40.83685808729802
Highbridge,BX0402,2016,194.85294117647055,19,412.8122109158187,-52.79864887131323,147.24170866393277,32.335425162177756,-73.92776239886052,40.83685808729802
Highbridge,BX0402,2017,196.24819624819628,28,453.2408424405514,-56.70112269859333,194.85294117647055,0.7160554330366002,-73.92776239886052,40.83685808729802
Highbridge,BX0402,2018,199.0685096153846,25,468.4992756435464,-57.50932392756907,196.24819624819628,1.437115561368761,-73.92776239886052,40.83685808729802
Highbridge,BX0402,2019,240.9638554216868,23,484.8484848484849,-50.3012048192771,199.0685096153846,21.045692202773377,-73.92776239886052,40.83685808729802
Highbridge,BX0402,2020,265.78992294597765,14,510.948905109489,-47.98111508057294,240.9638554216868,10.302818022580706,-73.92776239886052,40.83685808729802
Highbridge,BX0402,2021,222.2588080342443,15,583.6909871244635,-61.921836564721374,265.78992294597765,-16.378015550492155,-73.92776239886052,40.83685808729802
Highbridge,BX0402,2022,260.4734848484849,12,614.297462406015,-57.5981506047103,222.2588080342443,17.1937738496072,-73.92776239886052,40.83685808729802
Highbridge,BX0402,2023,277.77777777777777,13,588.8157894736842,-52.824332712600864,260.4734848484849,6.6433990159722605,-73.92776239886052,40.83685808729802
Highbridge,BX0402,2024,277.10015600119624,14,610.3286384976526,-54.59820520903477,277.77777777777777,-0.24394383956935142,-73.92776239886052,40.83685808729802
Highbridge,BX0402,2025,224.63768115942028,23,643.3739350912779,-65.08442930198127,277.10015600119624,-18.932676039904315,-73.92776239886052,40.83685808729802
Mount Eden-Claremont (West),BX0403,2003,147.140522875817,28,217.5,-32.34918488468184,,,-73.91442828762291,40.84047982657993
Mount Eden-Claremont (West),BX0403,2004,164.43312434691745,44,242.06349206349208,-32.07025026979804,147.140522875817,11.752439867088816,-73.91442828762291,40.84047982657993
Mount Eden-Claremont (West),BX0403,2005,143.22916666666666,53,285.59771521827827,-49.84933035714286,164.43312434691745,-12.89518627373104,-73.91442828762291,40.84047982657993
Mount Eden-Claremont (West),BX0403,2006,178.73180151515152,34,319.9301276108415,-44.13411364228931,143.22916666666666,24.78729414876034,-73.91442828762291,40.84047982657993
Mount Eden-Claremont (West),BX0403,2007,199.89693990803875,46,363.8791017154246,-45.06501226213035,178.73180151515152,11.841842477648283,-73.91442828762291,40.84047982657993
Mount Eden-Claremont (West),BX0403,2008,172.5053078556263,23,364.7209496043315,-52.702111561518706,199.89693990803875,-13.702877125089444,-73.91442828762291,40.84047982657993
Mount Eden-Claremont (West),BX0403,2009,183.94359670967333,10,315.0431111065702,-41.61319824973085,172.5053078556263,6.630688061853716,-73.91442828762291,40.84047982657993
Mount Eden-Claremont (West),BX0403,2011,117.26540393860563,16,327.76517308054713,-64.2227382377236,183.94359670967333,-36.24926007960417,-73.91442828762291,40.84047982657993
Mount Eden-Claremont (West),BX0403,2012,131.2389656889083,18,337.05357142857144,-61.062876404880186,117.26540393860563,11.916184382581026,-73.91442828762291,40.84047982657993
Mount Eden-Claremont (West),BX0403,2013,159.789644012945,19,346.18410700236035,-53.842582377169755,131.2389656889083,21.754726711054573,-73.91442828762291,40.84047982657993
Mount Eden-Claremont (West),BX0403,2014,134.2871725998051,19,352.1666317379394,-61.86828606188525,159.789644012945,-15.960027679311848,-73.91442828762291,40.84047982657993
Mount Eden-Claremont (West),BX0403,2015,144.0677966101695,27,378.1408590172051,-61.90102360675746,134.2871725998051,7.283364316197232,-73.91442828762291,40.84047982657993
Mount Eden-Claremont (West),BX0403,2016,145.8670988654781,23,412.8122109158187,-64.6650232216063,144.0677966101695,1.2489274478024524,-73.91442828762291,40.84047982657993
Mount Eden-Claremont (West),BX0403,2017,167.60045662100455,29,453.2408424405514,-63.02176659134871,145.8670988654781,14.899424150177573,-73.91442828762291,40.84047982657993
Mount Eden-Claremont (West),BX0403,2018,201.16807268007787,23,468.4992756435464,-57.06117743645459,167.60045662100455,20.02835596980495,-73.91442828762291,40.84047982657993
Mount Eden-Claremont (West),BX0403,2019,223.4753550543024,23,484.8484848484849,-53.90820802005012,201.16807268007787,11.088878109251619,-73.91442828762291,40.84047982657993
Mount Eden-Claremont (West),BX0403,2020,256.56206828498125,11,510.948905109489,-49.78713806422509,223.4753550543024,14.805531116681337,-73.91442828762291,40.84047982657993
Mount Eden-Claremont (West),BX0403,2021,221.82847950856424,28,583.6909871244635,-61.995561966547456,256.56206828498125,-13.538084179238844,-73.91442828762291,40.84047982657993
Mount Eden-Claremont (West),BX0403,2022,239.15249248691018,24,614.297462406015,-61.06894344797988,221.82847950856424,7.809643295903805,-73.91442828762291,40.84047982657993
Mount Eden-Claremont (West),BX0403,2023,297.42499554789106,26,588.8157894736842,-49.487598521475476,239.15249248691018,24.36625370491189,-73.91442828762291,40.84047982657993
Mount Eden-Claremont (West),BX0403,2024,281.2997741251226,26,610.3286384976526,-53.91011393180683,297.42499554789106,-5.421609368460755,-73.91442828762291,40.84047982657993
Mount Eden-Claremont (West),BX0403,2025,265.806905647749,26,643.3739350912779,-58.685471830617765,281.2997741251226,-5.507600752811973,-73.91442828762291,40.84047982657993
University Heights (South)-Morris Heights,BX0501,2003,119.89795918367346,31,217.5,-44.874501524747835,,,-73.91612330132814,40.851852125604694
University Heights (South)-Morris Heights,BX0501,2004,139.63328631875882,49,242.06349206349208,-42.315429258479966,119.89795918367346,16.46010263181587,-73.91612330132814,40.851852125604694
University Heights (South)-Morris Heights,BX0501,2005,145.83333333333334,68,285.59771521827827,-48.9375,139.63328631875882,4.440235690235694,-73.91612330132814,40.851852125604694
University Heights (South)-Morris Heights,BX0501,2006,179.0366594583462,78,319.9301276108415,-44.038824728590775,145.83333333333334,22.767995057151676,-73.91612330132814,40.851852125604694
University Heights (South)-Morris Heights,BX0501,2007,177.0348870551336,34,363.8791017154246,-51.34788279388863,179.0366594583462,-1.1180796208266695,-73.91612330132814,40.851852125604694
University Heights (South)-Morris Heights,BX0501,2008,138.77491556062984,36,364.7209496043315,-61.950385435445874,177.0348870551336,-21.611543425668714,-73.91612330132814,40.851852125604694
University Heights (South)-Morris Heights,BX0501,2009,181.09708867521368,16,315.0431111065702,-42.51672793633833,138.77491556062984,30.496990715943596,-73.91612330132814,40.851852125604694
University Heights (South)-Morris Heights,BX0501,2010,163.6214889555495,27,331.20603015075375,-50.598275979131614,181.09708867521368,-9.6498512745313,-73.91612330132814,40.851852125604694
University Heights (South)-Morris Heights,BX0501,2011,120.83108715184186,20,327.76517308054713,-63.134860846808735,163.6214889555495,-26.152067235699317,-73.91612330132814,40.851852125604694
University Heights (South)-Morris Heights,BX0501,2012,176.69408897014017,22,337.05357142857144,-47.576853073759736,120.83108715184186,46.23230919713428,-73.91612330132814,40.851852125604694
University Heights (South)-Morris Heights,BX0501,2013,150.70024345337026,20,346.18410700236035,-56.46817967517418,176.69408897014017,-14.711213979072413,-73.91612330132814,40.851852125604694
University Heights (South)-Morris Heights,BX0501,2014,139.88288874430708,31,352.1666317379394,-60.279346156679814,150.70024345337026,-7.178060540035087,-73.91612330132814,40.851852125604694
University Heights (South)-Morris Heights,BX0501,2015,145.42218234203222,36,378.1408590172051,-61.542853972462254,139.88288874430708,3.9599508184667593,-73.91612330132814,40.851852125604694
University Heights (South)-Morris Heights,BX0501,2016,166.8117203365245,29,412.8122109158187,-59.59137934256964,145.42218234203222,14.708579977285863,-73.91612330132814,40.851852125604694
University Heights (South)-Morris Heights,BX0501,2017,190.2043904804754,28,453.2408424405514,-58.03458720615558,166.8117203365245,14.023397214991093,-73.91612330132814,40.851852125604694
University Heights (South)-Morris Heights,BX0501,2018,199.34859044753452,56,468.4992756435464,-57.44954137363337,190.2043904804754,4.807565137671081,-73.91612330132814,40.851852125604694
University Heights (South)-Morris Heights,BX0501,2019,222.81639928698752,43,484.8484848484849,-54.04411764705883,199.34859044753452,11.772247191097831,-73.91612330132814,40.851852125604694
University Heights (South)-Morris Heights,BX0501,2020,249.62518740629685,31,510.948905109489,-51.1447847504819,222.81639928698752,12.031784107946027,-73.91612330132814,40.851852125604694
University Heights (South)-Morris Heights,BX0501,2021,234.18803418803418,36,583.6909871244635,-59.878079436902965,249.62518740629685,-6.184132850799518,-73.91612330132814,40.851852125604694
University Heights (South)-Morris Heights,BX0501,2022,233.33333333333331,45,614.297462406015,-62.01623030975285,234.18803418803418,-0.36496350364963986,-73.91612330132814,40.851852125604694
University Heights (South)-Morris Heights,BX0501,2023,245.09803921568627,25,588.8157894736842,-58.374411217000755,233.33333333333331,5.042016806722696,-73.91612330132814,40.851852125604694
University Heights (South)-Morris Heights,BX0501,2024,231.67023536344735,36,610.3286384976526,-62.04172297506594,245.09803921568627,-5.4785439717134805,-73.91612330132814,40.851852125604694
University Heights (South)-Morris Heights,BX0501,2025,286.8277719390436,30,643.3739350912779,-55.418185864438186,231.67023536344735,23.808641834832333,-73.91612330132814,40.851852125604694
Mount Hope,BX0502,2003,129.28022361984625,31,217.5,-40.56081672650747,,,-73.90441684722195,40.84986522876222
Mount Hope,BX0502,2004,126.86965811965813,35,242.06349206349208,-47.58827238335435,129.28022361984625,-1.8646049896049788,-73.90441684722195,40.84986522876222
Mount Hope,BX0502,2005,151.9916142557652,49,285.59771521827827,-46.78122192273136,126.86965811965813,19.801390268123132,-73.90441684722195,40.84986522876222
Mount Hope,BX0502,2006,167.77408637873754,43,319.9301276108415,-47.559147482722985,151.9916142557652,10.38377821056249,-73.90441684722195,40.84986522876222
Mount Hope,BX0502,2007,156.12489991993596,25,363.8791017154246,-57.094293356249125,167.77408637873754,-6.943376483364902,-73.90441684722195,40.84986522876222
Mount Hope,BX0502,2008,159.80944793850455,19,364.7209496043315,-56.183090630830435,156.12489991993596,2.360000243688293,-73.90441684722195,40.84986522876222
Mount Hope,BX0502,2009,110.33730491693235,11,315.0431111065702,-64.97707741350727,159.80944793850455,-30.956957589021467,-73.90441684722195,40.84986522876222
Mount Hope,BX0502,2013,131.0272536687631,19,346.18410700236035,-62.15099104250047,110.33730491693235,18.751544427704868,-73.90441684722195,40.84986522876222
Mount Hope,BX0502,2014,125.39184952978056,27,352.1666317379394,-64.39417076201319,131.0272536687631,-4.300940438871483,-73.90441684722195,40.84986522876222
Mount Hope,BX0502,2015,175.91846952448188,20,378.1408590172051,-53.478058419368615,125.39184952978056,40.2949794457743,-73.90441684722195,40.84986522876222
Mount Hope,BX0502,2016,160.2080045993957,38,412.8122109158187,-61.19106936202874,175.91846952448188,-8.930537519768388,-73.90441684722195,40.84986522876222
Mount Hope,BX0502,2017,194.48138297872345,35,453.2408424405514,-57.09094045198888,160.2080045993957,21.39304990723105,-73.90441684722195,40.84986522876222
Mount Hope,BX0502,2018,203.60566770978494,40,468.4992756435464,-56.54087886686584,194.48138297872345,4.691598029236404,-73.90441684722195,40.84986522876222
Mount Hope,BX0502,2019,198.35329341317365,27,484.8484848484849,-59.089633233532936,203.60566770978494,-2.5796798073901916,-73.90441684722195,40.84986522876222
Mount Hope,BX0502,2020,283.5689510195501,18,510.948905109489,-44.50150530045946,198.35329341317365,42.96155417438452,-73.90441684722195,40.84986522876222
Mount Hope,BX0502,2021,203.0590717299578,23,583.6909871244635,-65.21120315214694,283.5689510195501,-28.39164125695896,-73.90441684722195,40.84986522876222
Mount Hope,BX0502,2022,283.65384615384613,25,614.297462406015,-53.824675582597905,203.0590717299578,39.69030969030969,-73.90441684722195,40.84986522876222
Mount Hope,BX0502,2023,246.415770609319,21,588.8157894736842,-58.15061772892012,283.65384615384613,-13.12799951400279,-73.90441684722195,40.84986522876222
Mount Hope,BX0502,2024,255.7544757033248,23,610.3286384976526,-58.09561282707063,246.415770609319,3.789816321785628,-73.90441684722195,40.84986522876222
Mount Hope,BX0502,2025,290.810999823383,28,643.3739350912779,-54.799070344351996,255.7544757033248,13.707100930942751,-73.90441684722195,40.84986522876222
Fordham Heights,BX0503,2003,138.6104458889269,10,217.5,-36.27105936141292,,,-73.8991281396432,40.85873312919389
Fordham Heights,BX0503,2004,131.39349026445802,22,242.06349206349208,-45.71941057927308,138.6104458889269,-5.20664627992905,-73.8991281396432,40.85873312919389
Fordham Heights,BX0503,2005,172.07207207207205,18,285.59771521827827,-39.75019305019306,131.39349026445802,30.959358584462226,-73.8991281396432,40.85873312919389
Fordham Heights,BX0503,2006,188.59649122807016,19,319.9301276108415,-41.050724845308636,172.07207207207205,9.603196472857546,-73.8991281396432,40.85873312919389
Fordham Heights,BX0503,2007,143.02920806985847,35,363.8791017154246,-60.69320623372432,188.59649122807016,-24.161257116447132,-73.8991281396432,40.85873312919389
Fordham Heights,BX0503,2008,127.39841712239912,10,364.7209496043315,-65.06961904420143,143.02920806985847,-10.928390891897365,-73.8991281396432,40.85873312919389
Fordham Heights,BX0503,2012,112.56435185185184,11,337.05357142857144,-66.60342408633801,127.39841712239912,-11.643837973508987,-73.8991281396432,40.85873312919389
Fordham Heights,BX0503,2013,104.0,13,346.18410700236035,-69.95818181818181,112.56435185185184,-7.608405068705546,-73.8991281396432,40.85873312919389
Fordham Heights,BX0503,2014,141.882183908046,13,352.1666317379394,-59.71163332316336,104.0,36.42517683465961,-73.8991281396432,40.85873312919389
Fordham Heights,BX0503,2015,137.04269446555787,20,378.1408590172051,-63.75882394149781,141.882183908046,-3.4109211665536487,-73.8991281396432,40.85873312919389
Fordham Heights,BX0503,2016,192.2383561257975,14,412.8122109158187,-53.432008297593924,137.04269446555787,40.276252503274904,-73.8991281396432,40.85873312919389
Fordham Heights,BX0503,2017,210.51896037494674,18,453.2408424405514,-53.552517632486065,192.2383561257975,9.509342785467183,-73.8991281396432,40.85873312919389
Fordham Heights,BX0503,2018,213.1834215167549,19,468.4992756435464,-54.496531243528835,210.51896037494674,1.2656632623791146,-73.8991281396432,40.85873312919389
Fordham Heights,BX0503,2019,215.2949091724602,15,484.8484848484849,-55.595424983180095,213.1834215167549,0.9904558434621775,-73.8991281396432,40.85873312919389
Fordham Heights,BX0503,2021,181.77078813522772,12,583.6909871244635,-68.85838703271466,215.2949091724602,-15.57125580260621,-73.8991281396432,40.85873312919389
Fordham Heights,BX0503,2022,218.41611128742198,14,614.297462406015,-64.44456885236788,181.77078813522772,20.160182792920562,-73.8991281396432,40.85873312919389
Fordham Heights,BX0503,2025,355.2631578947368,13,643.3739350912779,-44.78123241900773,218.41611128742198,62.654282140950976,-73.8991281396432,40.85873312919389
West Farms,BX0601,2003,139.51616894057577,12,217.5,-35.854634969850224,,,-73.87862816918839,40.84125956677633
West Farms,BX0601,2004,147.21919302071973,39,242.06349206349208,-39.18157927668628,139.51616894057577,5.521241113942081,-73.87862816918839,40.84125956677633
West Farms,BX0601,2005,164.41821247892074,31,285.59771521827827,-42.43013731630933,147.21919302071973,11.682593217163204,-73.87862816918839,40.84125956677633
West Farms,BX0601,2006,194.85580670303972,23,319.9301276108415,-39.09426156324372,164.41821247892074,18.512300897335958,-73.87862816918839,40.84125956677633
West Farms,BX0601,2007,205.6851408825093,22,363.8791017154246,-43.47431882928866,194.85580670303972,5.557614300903791,-73.87862816918839,40.84125956677633
West Farms,BX0601,2008,185.46085684767007,24,364.7209496043315,-49.14993036488094,205.6851408825093,-9.832642235635129,-73.87862816918839,40.84125956677633
West Farms,BX0601,2010,163.45870574223287,12,331.20603015075375,-50.647424605212656,185.46085684767007,-11.863501268900569,-73.87862816918839,40.84125956677633
West Farms,BX0601,2014,121.5182151467877,17,352.1666317379394,-65.49411437787381,163.45870574223287,-25.65815653868168,-73.87862816918839,40.84125956677633
West Farms,BX0601,2015,158.5666707159054,24,378.1408590172051,-58.06677143326352,121.5182151467877,30.48798529863616,-73.87862816918839,40.84125956677633
West Farms,BX0601,2016,197.15447154471545,17,412.8122109158187,-52.24112409191319,158.5666707159054,24.335379342072184,-73.87862816918839,40.84125956677633
West Farms,BX0601,2017,178.16650469711695,13,453.2408424405514,-60.690545067000244,197.15447154471545,-9.631009988678827,-73.87862816918839,40.84125956677633
West Farms,BX0601,2018,217.19674556213016,20,468.4992756435464,-53.63989725196877,178.16650469711695,21.906609736417415,-73.87862816918839,40.84125956677633
West Farms,BX0601,2019,250.80182297526682,12,484.8484848484849,-48.27212401135122,217.19674556213016,15.472182755852465,-73.87862816918839,40.84125956677633
West Farms,BX0601,2021,296.3498373689917,11,583.6909871244635,-49.228299921341865,250.80182297526682,18.160958263136973,-73.87862816918839,40.84125956677633
West Farms,BX0601,2022,287.68371280568607,12,614.297462406015,-53.16866332494406,296.3498373689917,-2.9242886178861798,-73.87862816918839,40.84125956677633
West Farms,BX0601,2023,264.9804275820536,11,588.8157894736842,-54.997737438578596,287.68371280568607,-7.891752022460596,-73.87862816918839,40.84125956677633
West Farms,BX0601,2025,382.6444073743419,12,643.3739350912779,-40.52534824556505,264.9804275820536,44.40478146479424,-73.87862816918839,40.84125956677633
Tremont,BX0602,2003,138.53349255089276,54,217.5,-36.30644020648609,,,-73.8917559124862,40.84692297690667
Tremont,BX0602,2004,163.9344262295082,81,242.06349206349208,-32.27626981994088,138.53349255089276,18.335590340569777,-73.8917559124862,40.84692297690667
Tremont,BX0602,2005,162.98822729397764,78,285.59771521827827,-42.930836414637255,163.9344262295082,-0.5771813506736418,-73.8917559124862,40.84692297690667
Tremont,BX0602,2006,193.8034188034188,109,319.9301276108415,-39.42320460698889,162.98822729397764,18.90639098360189,-73.8917559124862,40.84692297690667
Tremont,BX0602,2007,219.77441077441077,84,363.8791017154246,-39.60235426043027,193.8034188034188,13.400688249640844,-73.8917559124862,40.84692297690667
Tremont,BX0602,2008,184.33904812775648,52,364.7209496043315,-49.457510371220195,219.77441077441077,-16.123516164503428,-73.8917559124862,40.84692297690667
Tremont,BX0602,2009,196.51035986913848,35,315.0431111065702,-37.624295551517534,184.33904812775648,6.602676896186775,-73.8917559124862,40.84692297690667
Tremont,BX0602,2010,206.7,35,331.20603015075375,-37.59171597633136,196.51035986913848,5.185294117647059,-73.8917559124862,40.84692297690667
Tremont,BX0602,2011,153.1067120487307,36,327.76517308054713,-53.28768135743779,206.7,-25.928054161233323,-73.8917559124862,40.84692297690667
Tremont,BX0602,2012,162.5,23,337.05357142857144,-51.78807947019868,153.1067120487307,6.135124858719189,-73.8917559124862,40.84692297690667
Tremont,BX0602,2013,151.37691202135304,22,346.18410700236035,-56.272714732013704,162.5,-6.844977217628902,-73.8917559124862,40.84692297690667
Tremont,BX0602,2014,144.4463608140738,49,352.1666317379394,-58.983518653873524,151.37691202135304,-4.578340986571062,-73.8917559124862,40.84692297690667
Tremont,BX0602,2015,172.13840996168582,54,378.1408590172051,-54.47770166676072,144.4463608140738,19.171164293475158,-73.8917559124862,40.84692297690667
Tremont,BX0602,2016,185.47368421052636,59,412.8122109158187,-55.07068848592067,172.13840996168582,7.746832477312106,-73.8917559124862,40.84692297690667
Tremont,BX0602,2017,208.96597051959947,66,453.2408424405514,-53.895158831144364,185.47368421052636,12.666102153018983,-73.8917559124862,40.84692297690667
Tremont,BX0602,2018,225.8615426718875,76,468.4992756435464,-51.79041795493996,208.96597051959947,8.085322270548039,-73.8917559124862,40.84692297690667
Tremont,BX0602,2019,246.2797619047619,53,484.8484848484849,-49.20479910714286,225.8615426718875,9.040148664235534,-73.8917559124862,40.84692297690667
Tremont,BX0602,2020,268.348623853211,45,510.948905109489,-47.48034076015727,246.2797619047619,8.960891377255464,-73.8917559124862,40.84692297690667
Tremont,BX0602,2021,281.75740210124167,59,583.6909871244635,-51.72832743412551,268.348623853211,4.996775483881515,-73.8917559124862,40.84692297690667
Tremont,BX0602,2022,314.01209677419354,50,614.297462406015,-48.882729297903275,281.75740210124167,11.447683160196815,-73.8917559124862,40.84692297690667
Tremont,BX0602,2023,267.260579064588,35,588.8157894736842,-54.61049383484091,314.01209677419354,-14.888444805113545,-73.8917559124862,40.84692297690667
Tremont,BX0602,2024,327.7770162791485,34,610.3286384976526,-46.29499656349337,267.260579064588,22.64323359111471,-73.8917559124862,40.84692297690667
Tremont,BX0602,2025,362.6384274640088,56,643.3739350912779,-43.634889807502084,327.7770162791485,10.635709477314577,-73.8917559124862,40.84692297690667
Belmont,BX0603,2003,128.2051282051282,47,217.5,-41.055113468906576,,,-73.88705264575287,40.857607086500735
Belmont,BX0603,2004,136.72709515961668,58,242.06349206349208,-43.5160197045518,128.2051282051282,6.647134224501011,-73.88705264575287,40.857607086500735
Belmont,BX0603,2005,164.10256410256412,77,285.59771521827827,-42.54065934065934,136.72709515961668,20.021978021978025,-73.88705264575287,40.857607086500735
Belmont,BX0603,2006,192.21565315315314,116,319.9301276108415,-39.91948973715863,164.10256410256412,17.131413640202688,-73.88705264575287,40.857607086500735
Belmont,BX0603,2007,189.6667228909403,54,363.8791017154246,-47.87644522677999,192.21565315315314,-1.3260784022526606,-73.88705264575287,40.857607086500735
Belmont,BX0603,2008,213.01847041847043,60,364.7209496043315,-41.59412267116433,189.6667228909403,12.311989774272398,-73.88705264575287,40.857607086500735
Belmont,BX0603,2009,179.47635135135135,23,315.0431111065702,-43.03117731381228,213.01847041847043,-15.746108307522002,-73.88705264575287,40.857607086500735
Belmont,BX0603,2010,106.233273685257,48,331.20603015075375,-67.92532018909702,179.47635135135135,-40.80931950901445,-73.88705264575287,40.857607086500735
Belmont,BX0603,2011,128.35783143487257,24,327.76517308054713,-60.83847767336492,106.233273685257,20.82639175289389,-73.88705264575287,40.857607086500735
Belmont,BX0603,2012,151.38023152270702,27,337.05357142857144,-55.08718958796507,128.35783143487257,17.93610863511338,-73.88705264575287,40.857607086500735
Belmont,BX0603,2013,131.00436681222706,31,346.18410700236035,-62.15760222310441,151.38023152270702,-13.460056511687647,-73.88705264575287,40.857607086500735
Belmont,BX0603,2014,142.1768707482993,57,352.1666317379394,-59.627955082894246,131.00436681222706,8.528344671201815,-73.88705264575287,40.857607086500735
Belmont,BX0603,2015,160.50347222222223,84,378.1408590172051,-57.55458094653574,142.1768707482993,12.890001993620428,-73.88705264575287,40.857607086500735
Belmont,BX0603,2016,179.79884889848142,62,412.8122109158187,-56.44536567859756,160.50347222222223,12.021781466225306,-73.88705264575287,40.857607086500735
Belmont,BX0603,2017,215.311004784689,65,453.2408424405514,-52.49523330128177,179.79884889848142,19.751047408684226,-73.88705264575287,40.857607086500735
Belmont,BX0603,2018,237.06896551724137,53,468.4992756435464,-49.39822154653378,215.311004784689,10.10536398467432,-73.88705264575287,40.857607086500735
Belmont,BX0603,2019,243.6209175084175,50,484.8484848484849,-49.753185763888894,237.06896551724137,2.763732476277935,-73.88705264575287,40.857607086500735
Belmont,BX0603,2020,222.2880853586248,25,510.948905109489,-56.49504615124057,243.6209175084175,-8.756568347237922,-73.88705264575287,40.857607086500735
Belmont,BX0603,2021,255.87611236753543,44,583.6909871244635,-56.16240133703253,222.2880853586248,15.110133750408586,-73.88705264575287,40.857607086500735
Belmont,BX0603,2022,331.9113396111168,51,614.297462406015,-45.96895479412829,255.87611236753543,29.7156411124325,-73.88705264575287,40.857607086500735
Belmont,BX0603,2023,281.28205128205127,31,588.8157894736842,-52.229193525282916,331.9113396111168,-15.253859174677551,-73.88705264575287,40.857607086500735
Belmont,BX0603,2024,306.69440904337023,38,610.3286384976526,-49.749300672124726,281.28205128205127,9.03447541195478,-73.88705264575287,40.857607086500735
Belmont,BX0603,2025,309.80896446713496,28,643.3739350912779,-51.84620520519203,306.69440904337023,1.0155240304117485,-73.88705264575287,40.857607086500735
University Heights (North)-Fordham,BX0701,2003,122.72135416666669,13,217.5,-43.57638888888888,,,-73.90475294968878,40.86457104302389
University Heights (North)-Fordham,BX0701,2004,135.47758284600388,30,242.06349206349208,-44.03221167673282,122.72135416666669,10.394465385390946,-73.90475294968878,40.86457104302389
University Heights (North)-Fordham,BX0701,2005,173.9766081871345,38,285.59771521827827,-39.083333333333336,135.47758284600388,28.417266187050373,-73.90475294968878,40.86457104302389
University Heights (North)-Fordham,BX0701,2006,179.6467313925661,52,319.9301276108415,-43.848135611946546,173.9766081871345,3.2591296407690837,-73.90475294968878,40.86457104302389
University Heights (North)-Fordham,BX0701,2007,156.0108252999552,30,363.8791017154246,-57.1256429499584,179.6467313925661,-13.156880678759162,-73.90475294968878,40.86457104302389
University Heights (North)-Fordham,BX0701,2008,199.12439613526573,14,364.7209496043315,-45.40363081657735,156.0108252999552,27.634986708401772,-73.90475294968878,40.86457104302389
University Heights (North)-Fordham,BX0701,2009,201.05820105820106,16,315.0431111065702,-36.18073401065776,199.12439613526573,0.9711541932921662,-73.90475294968878,40.86457104302389
University Heights (North)-Fordham,BX0701,2010,186.67653051257605,10,331.20603015075375,-43.63733944469331,201.05820105820106,-7.152988771376652,-73.90475294968878,40.86457104302389
University Heights (North)-Fordham,BX0701,2011,195.91496456857024,11,327.76517308054713,-40.22703427358195,186.67653051257605,4.948899591516575,-73.90475294968878,40.86457104302389
University Heights (North)-Fordham,BX0701,2012,118.82640586797066,10,337.05357142857144,-64.74554315970143,195.91496456857024,-39.347968579306034,-73.90475294968878,40.86457104302389
University Heights (North)-Fordham,BX0701,2013,156.78714870048407,24,346.18410700236035,-54.709894091291986,118.82640586797066,31.94638645781478,-73.90475294968878,40.86457104302389
University Heights (North)-Fordham,BX0701,2014,133.14388425462968,20,352.1666317379394,-62.192930205350315,156.78714870048407,-15.079848470885157,-73.90475294968878,40.86457104302389
University Heights (North)-Fordham,BX0701,2015,141.90821256038646,31,378.1408590172051,-62.472129319955414,133.14388425462968,6.582599234520998,-73.90475294968878,40.86457104302389
University Heights (North)-Fordham,BX0701,2016,177.9144641860321,46,412.8122109158187,-56.90184072042561,141.90821256038646,25.37291603917837,-73.90475294968878,40.86457104302389
University Heights (North)-Fordham,BX0701,2017,202.9173601398601,27,453.2408424405514,-55.22968339587017,177.9144641860321,14.053323920692767,-73.90475294968878,40.86457104302389
University Heights (North)-Fordham,BX0701,2018,200.5347593582888,49,468.4992756435464,-57.19635658287252,202.9173601398601,-1.174172963776541,-73.90475294968878,40.86457104302389
University Heights (North)-Fordham,BX0701,2019,195.88636363636363,21,484.8484848484849,-59.5984375,200.5347593582888,-2.318000000000018,-73.90475294968878,40.86457104302389
University Heights (North)-Fordham,BX0701,2020,243.17738791423,16,510.948905109489,-52.40671122250069,195.88636363636363,24.142070637267903,-73.90475294968878,40.86457104302389
University Heights (North)-Fordham,BX0701,2021,270.4326923076923,28,583.6909871244635,-53.66851668552036,243.17738791423,11.20799290889473,-73.90475294968878,40.86457104302389
University Heights (North)-Fordham,BX0701,2022,303.6069527547564,28,614.297462406015,-50.576557558023936,270.4326923076923,12.267104307536576,-73.90475294968878,40.86457104302389
University Heights (North)-Fordham,BX0701,2023,216.67983667197814,30,588.8157894736842,-63.200742822189184,303.6069527547564,-28.63146423164923,-73.90475294968878,40.86457104302389
University Heights (North)-Fordham,BX0701,2024,266.6666666666667,17,610.3286384976526,-56.30769230769231,216.67983667197814,23.069442345187554,-73.90475294968878,40.86457104302389
University Heights (North)-Fordham,BX0701,2025,290.41287613715883,29,643.3739350912779,-54.860950949783685,266.6666666666667,8.904828551434555,-73.90475294968878,40.86457104302389
Bedford Park,BX0702,2003,137.0602972827549,44,217.5,-36.983771364250615,,,-73.89079069500549,40.87356296045704
Bedford Park,BX0702,2004,141.67974882260597,53,242.06349206349208,-41.47000540443164,137.0602972827549,3.370379045888948,-73.89079069500549,40.87356296045704
Bedford Park,BX0702,2005,163.19349754238334,66,285.59771521827827,-42.858962503374066,141.67974882260597,15.184773334624024,-73.89079069500549,40.87356296045704
Bedford Park,BX0702,2006,184.71320346320346,50,319.9301276108415,-42.26451730488915,163.19349754238334,13.1866197151827,-73.89079069500549,40.87356296045704
Bedford Park,BX0702,2007,189.63337547408344,43,363.8791017154246,-47.885609648891524,184.71320346320346,2.663681815176858,-73.89079069500549,40.87356296045704
Bedford Park,BX0702,2008,157.61513096461186,26,364.7209496043315,-56.784733332263734,189.63337547408344,-16.884287604661342,-73.89079069500549,40.87356296045704
Bedford Park,BX0702,2009,173.708424811366,28,315.0431111065702,-44.86201453470115,157.61513096461186,10.210500570765278,-73.89079069500549,40.87356296045704
Bedford Park,BX0702,2010,169.3698396431946,12,331.20603015075375,-48.862694448496846,173.708424811366,-2.4976250707947885,-73.89079069500549,40.87356296045704
Bedford Park,BX0702,2011,163.3986928104575,13,327.76517308054713,-50.14763427281432,169.3698396431946,-3.525507755876906,-73.89079069500549,40.87356296045704
Bedford Park,BX0702,2012,135.37906137184115,19,337.05357142857144,-59.83455662610277,163.3986928104575,-17.14801444043321,-73.89079069500549,40.87356296045704
Bedford Park,BX0702,2013,147.9794571899835,22,346.18410700236035,-57.254115888984316,135.37906137184115,9.307492377667813,-73.89079069500549,40.87356296045704
Bedford Park,BX0702,2014,121.30901702786377,38,352.1666317379394,-65.55351754105584,147.9794571899835,-18.023069329061574,-73.89079069500549,40.87356296045704
Bedford Park,BX0702,2015,152.61627906976744,37,378.1408590172051,-59.64036272979866,121.30901702786377,25.80786062647975,-73.89079069500549,40.87356296045704
Bedford Park,BX0702,2016,162.2711197050723,46,412.8122109158187,-60.6912985095388,152.61627906976744,6.326219387704511,-73.89079069500549,40.87356296045704
Bedford Park,BX0702,2017,197.23865877712032,43,453.2408424405514,-56.482593732053,162.2711197050723,21.548836993053055,-73.89079069500549,40.87356296045704
Bedford Park,BX0702,2018,223.50066169164103,54,468.4992756435464,-52.29434210231532,197.23865877712032,13.314835477662,-73.89079069500549,40.87356296045704
Bedford Park,BX0702,2019,224.17114351496548,28,484.8484848484849,-53.76470165003837,223.50066169164103,0.2999909791092699,-73.89079069500549,40.87356296045704
Bedford Park,BX0702,2020,217.1947242083759,37,510.948905109489,-57.49188969064642,224.17114351496548,-3.1120951596180073,-73.89079069500549,40.87356296045704
Bedford Park,BX0702,2021,260.53215077605324,33,583.6909871244635,-55.364712403808525,217.1947242083759,19.953259327836875,-73.89079069500549,40.87356296045704
Bedford Park,BX0702,2022,274.4531650790843,38,614.297462406015,-55.32243222947149,260.53215077605324,5.3432999580144624,-73.89079069500549,40.87356296045704
Bedford Park,BX0702,2023,249.87919289064894,26,588.8157894736842,-57.562416402928896,274.4531650790843,-8.95379442294072,-73.89079069500549,40.87356296045704
Bedford Park,BX0702,2024,265.60075144980806,30,610.3286384976526,-56.48233841630068,249.87919289064894,6.2916637344987425,-73.89079069500549,40.87356296045704
Bedford Park,BX0702,2025,421.8903130661579,36,643.3739350912779,-34.42533337843369,265.60075144980806,58.84379496790869,-73.89079069500549,40.87356296045704
Norwood,BX0703,2003,128.11387079261675,22,217.5,-41.09707089994632,,,-73.87901910092562,40.87714089406503
Norwood,BX0703,2004,155.69395017793593,27,242.06349206349208,-35.68053205763959,128.11387079261675,21.52778556661066,-73.87901910092562,40.87714089406503
Norwood,BX0703,2005,159.43288917777056,32,285.59771521827827,-44.17571266075491,155.69395017793593,2.4014671061794997,-73.87901910092562,40.87714089406503
Norwood,BX0703,2006,194.8893433494644,42,319.9301276108415,-39.08377907237137,159.43288917777056,22.239109103868312,-73.87901910092562,40.87714089406503
Norwood,BX0703,2007,169.08212560386474,35,363.8791017154246,-53.53343327309378,194.8893433494644,-13.241985068072012,-73.87901910092562,40.87714089406503
Norwood,BX0703,2008,181.46727289949797,38,364.7209496043315,-50.24490008145591,169.08212560386474,7.324929971988797,-73.87901910092562,40.87714089406503
Norwood,BX0703,2010,144.745122718691,15,331.20603015075375,-56.29755815351311,181.46727289949797,-20.236238520620084,-73.87901910092562,40.87714089406503
Norwood,BX0703,2011,130.38548752834467,13,327.76517308054713,-60.219846940143675,144.745122718691,-9.920634920634917,-73.87901910092562,40.87714089406503
Norwood,BX0703,2012,128.3641975308642,18,337.05357142857144,-61.91578775243235,130.38548752834467,-1.5502415458937138,-73.87901910092562,40.87714089406503
Norwood,BX0703,2013,138.36477987421384,21,346.18410700236035,-60.03144654088051,128.3641975308642,7.790787879887668,-73.87901910092562,40.87714089406503
Norwood,BX0703,2014,145.1378809869376,21,352.1666317379394,-58.787157014086375,138.36477987421384,4.895104895104903,-73.87901910092562,40.87714089406503
Norwood,BX0703,2015,174.87594996946618,22,378.1408590172051,-53.75375450725639,145.1378809869376,20.489529528962187,-73.87901910092562,40.87714089406503
Norwood,BX0703,2016,171.685530580796,26,412.8122109158187,-58.41074318031586,174.87594996946618,-1.824390025745233,-73.87901910092562,40.87714089406503
Norwood,BX0703,2017,195.92696629213484,29,453.2408424405514,-56.77199670772536,171.685530580796,14.11967311941334,-73.87901910092562,40.87714089406503
Norwood,BX0703,2018,205.53691275167785,21,468.4992756435464,-56.12865943723276,195.92696629213484,4.904861562146683,-73.87901910092562,40.87714089406503
Norwood,BX0703,2019,228.0528396089037,22,484.8484848484849,-52.964101830663616,205.53691275167785,10.954687679107435,-73.87901910092562,40.87714089406503
Norwood,BX0703,2020,180.6684733514002,15,510.948905109489,-64.64059878694025,228.0528396089037,-20.77780146862662,-73.87901910092562,40.87714089406503
Norwood,BX0703,2021,197.68127344967945,14,583.6909871244635,-66.13254653398874,180.6684733514002,9.416584854397568,-73.87901910092562,40.87714089406503
Norwood,BX0703,2022,284.3203773706827,30,614.297462406015,-53.716172575890695,197.68127344967945,43.827673916243555,-73.87901910092562,40.87714089406503
Norwood,BX0703,2023,216.02513747054203,18,588.8157894736842,-63.311931960310176,284.3203773706827,-24.020522388059703,-73.87901910092562,40.87714089406503
Norwood,BX0703,2025,328.7276852604992,18,643.3739350912779,-48.90565698564376,216.02513747054203,52.17103394058744,-73.87901910092562,40.87714089406503
Kingsbridge Heights-Van Cortlandt Village,BX0801,2003,139.52521011821946,32,217.5,-35.85047810656577,,,-73.89908200466485,40.877680200208665
Kingsbridge Heights-Van Cortlandt Village,BX0801,2004,172.22222222222223,37,242.06349206349208,-28.852459016393446,139.52521011821946,23.43448332835238,-73.89908200466485,40.877680200208665
Kingsbridge Heights-Van Cortlandt Village,BX0801,2005,205.59727306794272,34,285.59771521827827,-28.011583387210344,172.22222222222223,19.379061781386092,-73.89908200466485,40.877680200208665
Kingsbridge Heights-Van Cortlandt Village,BX0801,2006,198.80666176791635,62,319.9301276108415,-37.85934971096502,205.59727306794272,-3.302870314715852,-73.89908200466485,40.877680200208665
Kingsbridge Heights-Van Cortlandt Village,BX0801,2007,226.17153846153846,36,363.8791017154246,-37.84431768812647,198.80666176791635,13.764567268659949,-73.89908200466485,40.877680200208665
Kingsbridge Heights-Van Cortlandt Village,BX0801,2008,220.8356740799489,20,364.7209496043315,-39.450784409416826,226.17153846153846,-2.3592112508431127,-73.89908200466485,40.877680200208665
Kingsbridge Heights-Van Cortlandt Village,BX0801,2009,272.616354021416,16,315.0431111065702,-13.466968674900642,220.8356740799489,23.447606532412422,-73.89908200466485,40.877680200208665
Kingsbridge Heights-Van Cortlandt Village,BX0801,2010,216.5446385800368,18,331.20603015075375,-34.61935506383352,272.616354021416,-20.56799403786845,-73.89908200466485,40.877680200208665
Kingsbridge Heights-Van Cortlandt Village,BX0801,2011,184.0105030403538,20,327.76517308054713,-43.85904356130788,216.5446385800368,-15.024216601723023,-73.89908200466485,40.877680200208665
Kingsbridge Heights-Van Cortlandt Village,BX0801,2012,198.9990888275927,14,337.05357142857144,-40.959210731946015,184.0105030403538,8.145505576902787,-73.89908200466485,40.877680200208665
Kingsbridge Heights-Van Cortlandt Village,BX0801,2013,216.5958074361238,24,346.18410700236035,-37.43334744288333,198.9990888275927,8.842612653255125,-73.89908200466485,40.877680200208665
Kingsbridge Heights-Van Cortlandt Village,BX0801,2014,163.62348632543927,26,352.1666317379394,-53.538049440414405,216.5958074361238,-24.456761992637638,-73.89908200466485,40.877680200208665
Kingsbridge Heights-Van Cortlandt Village,BX0801,2015,190.4847855530474,33,378.1408590172051,-49.6259711134838,163.62348632543927,16.416530310436176,-73.89908200466485,40.877680200208665
Kingsbridge Heights-Van Cortlandt Village,BX0801,2016,196.68103261306516,30,412.8122109158187,-52.35581036308719,190.4847855530474,3.252882922920993,-73.89908200466485,40.877680200208665
Kingsbridge Heights-Van Cortlandt Village,BX0801,2017,293.0327868852459,27,453.2408424405514,-35.34722393786012,196.68103261306516,48.988838929748574,-73.89908200466485,40.877680200208665
Kingsbridge Heights-Van Cortlandt Village,BX0801,2018,251.87873612297184,25,468.4992756435464,-46.23711300791603,293.0327868852459,-14.04417956083199,-73.89908200466485,40.877680200208665
Kingsbridge Heights-Van Cortlandt Village,BX0801,2019,302.96610169491527,29,484.8484848484849,-37.51324152542373,251.87873612297184,20.28252418536896,-73.89908200466485,40.877680200208665
Kingsbridge Heights-Van Cortlandt Village,BX0801,2020,295.2532932184095,34,510.948905109489,-42.21471261296841,302.96610169491527,-2.545766154483019,-73.89908200466485,40.877680200208665
Kingsbridge Heights-Van Cortlandt Village,BX0801,2021,256.9349704411096,27,583.6909871244635,-55.98099403472167,295.2532932184095,-12.97811867214448,-73.89908200466485,40.877680200208665
Kingsbridge Heights-Van Cortlandt Village,BX0801,2022,318.03097345132744,29,614.297462406015,-48.22850607168431,256.9349704411096,23.77878064061398,-73.89908200466485,40.877680200208665
Kingsbridge Heights-Van Cortlandt Village,BX0801,2023,264.5833333333333,23,588.8157894736842,-55.06517690875232,318.03097345132744,-16.805797101449283,-73.89908200466485,40.877680200208665
Kingsbridge Heights-Van Cortlandt Village,BX0801,2024,279.7662527392257,27,610.3286384976526,-54.16137551272686,264.5833333333333,5.738426232148306,-73.89908200466485,40.877680200208665
Kingsbridge Heights-Van Cortlandt Village,BX0801,2025,373.9316239316239,23,643.3739350912779,-41.87958144767353,279.7662527392257,33.658588293053036,-73.89908200466485,40.877680200208665
Kingsbridge-Marble Hill,BX0802,2003,153.59477124183007,17,217.5,-29.381714371572382,,,-73.9057295925108,40.88083991053692
Kingsbridge-Marble Hill,BX0802,2004,164.17910447761193,25,242.06349206349208,-32.17518962564229,153.59477124183007,6.891076532232441,-73.9057295925108,40.88083991053692
Kingsbridge-Marble Hill,BX0802,2005,229.58922388920945,24,285.59771521827827,-19.610973178221094,164.17910447761193,39.84070909615486,-73.9057295925108,40.88083991053692
Kingsbridge-Marble Hill,BX0802,2006,296.8855218855219,44,319.9301276108415,-7.2030120756088225,229.58922388920945,29.311610038277287,-73.9057295925108,40.88083991053692
Kingsbridge-Marble Hill,BX0802,2007,448.62571376778754,28,363.8791017154246,23.2897716996784,296.8855218855219,51.11067421495083,-73.9057295925108,40.88083991053692
Kingsbridge-Marble Hill,BX0802,2008,235.67107044667742,16,364.7209496043315,-35.383182484486895,448.62571376778754,-47.46822056466814,-73.9057295925108,40.88083991053692
Kingsbridge-Marble Hill,BX0802,2011,215.46748749519045,17,327.76517308054713,-34.26162838776038,235.67107044667742,-8.572788723365262,-73.9057295925108,40.88083991053692
Kingsbridge-Marble Hill,BX0802,2012,193.8565758991303,14,337.05357142857144,-42.48493642197989,215.46748749519045,-10.02977843538578,-73.9057295925108,40.88083991053692
Kingsbridge-Marble Hill,BX0802,2013,177.61194029850745,21,346.18410700236035,-48.69436906377205,193.8565758991303,-8.379718627174887,-73.9057295925108,40.88083991053692
Kingsbridge-Marble Hill,BX0802,2014,242.42424242424244,25,352.1666317379394,-31.162063473225494,177.61194029850745,36.4909600203718,-73.9057295925108,40.88083991053692
Kingsbridge-Marble Hill,BX0802,2015,271.9549158421032,26,378.1408590172051,-28.08105515259078,242.42424242424244,12.181402784867572,-73.9057295925108,40.88083991053692
Kingsbridge-Marble Hill,BX0802,2016,318.18181818181824,28,412.8122109158187,-22.923351158645264,271.9549158421032,16.998002112436282,-73.9057295925108,40.88083991053692
Kingsbridge-Marble Hill,BX0802,2017,291.33898435948913,20,453.2408424405514,-35.72093309360086,318.18181818181824,-8.436319201303434,-73.9057295925108,40.88083991053692
Kingsbridge-Marble Hill,BX0802,2018,354.9163678156681,28,468.4992756435464,-24.243987927592205,291.33898435948913,21.822477206733694,-73.9057295925108,40.88083991053692
Kingsbridge-Marble Hill,BX0802,2019,347.6284584980237,16,484.8484848484849,-28.301630434782616,354.9163678156681,-2.053415953312554,-73.9057295925108,40.88083991053692
Kingsbridge-Marble Hill,BX0802,2020,419.73218987436996,16,510.948905109489,-17.852414267444725,347.6284584980237,20.741607775117235,-73.9057295925108,40.88083991053692
Kingsbridge-Marble Hill,BX0802,2021,383.1168831168831,35,583.6909871244635,-34.36306340718105,419.73218987436996,-8.723492655744648,-73.9057295925108,40.88083991053692
Kingsbridge-Marble Hill,BX0802,2022,383.9801934856031,18,614.297462406015,-37.492791850112766,383.1168831168831,0.22533863861504172,-73.9057295925108,40.88083991053692
Kingsbridge-Marble Hill,BX0802,2023,361.6768973214286,26,588.8157894736842,-38.57554369513167,383.9801934856031,-5.808449639476184,-73.9057295925108,40.88083991053692
Kingsbridge-Marble Hill,BX0802,2024,375.9820426487093,19,610.3286384976526,-38.3967883967884,361.6768973214286,3.9552278382236428,-73.9057295925108,40.88083991053692
Kingsbridge-Marble Hill,BX0802,2025,416.52783818199896,22,643.3739350912779,-35.25882609420529,375.9820426487093,10.783971289600327,-73.9057295925108,40.88083991053692
Riverdale-Spuyten Duyvil,BX0803,2003,282.83115626811855,124,217.5,30.037313226721174,,,-73.90878510746984,40.89571738789154
Riverdale-Spuyten Duyvil,BX0803,2004,354.65924895688454,117,242.06349206349208,46.51496842153262,282.83115626811855,25.39610332769503,-73.90878510746984,40.89571738789154
Riverdale-Spuyten Duyvil,BX0803,2005,384.8677105831534,131,285.59771521827827,34.75867980561556,354.65924895688454,8.517601533053842,-73.90878510746984,40.89571738789154
Riverdale-Spuyten Duyvil,BX0803,2006,395.4945945945946,99,319.9301276108415,23.619053181408617,384.8677105831534,2.7611783787575552,-73.90878510746984,40.89571738789154
Riverdale-Spuyten Duyvil,BX0803,2007,394.7253269169404,122,363.8791017154246,8.477053245459363,395.4945945945946,-0.19450776019904192,-73.90878510746984,40.89571738789154
Riverdale-Spuyten Duyvil,BX0803,2008,441.3793103448276,105,364.7209496043315,21.018359604420624,394.7253269169404,11.819353927016781,-73.90878510746984,40.89571738789154
Riverdale-Spuyten Duyvil,BX0803,2009,319.3673444282375,62,315.0431111065702,1.3725846302363764,441.3793103448276,-27.643336027977444,-73.90878510746984,40.89571738789154
Riverdale-Spuyten Duyvil,BX0803,2010,321.52681216371445,134,331.20603015075375,-2.9224159906248213,319.3673444282375,0.6761704892975287,-73.90878510746984,40.89571738789154
Riverdale-Spuyten Duyvil,BX0803,2011,349.79973833546035,76,327.76517308054713,6.72266825905213,321.52681216371445,8.793333900051215,-73.90878510746984,40.89571738789154
Riverdale-Spuyten Duyvil,BX0803,2012,357.03240553986825,96,337.05357142857144,5.92749515355031,349.79973833546035,2.067659409588159,-73.90878510746984,40.89571738789154
Riverdale-Spuyten Duyvil,BX0803,2013,384.2105263157895,126,346.18410700236035,10.984449760765552,357.03240553986825,7.612228009058514,-73.90878510746984,40.89571738789154
Riverdale-Spuyten Duyvil,BX0803,2014,362.3027956638037,112,352.1666317379394,2.8782295119337187,384.2105263157895,-5.7020120875031495,-73.90878510746984,40.89571738789154
Riverdale-Spuyten Duyvil,BX0803,2015,417.8272980501392,125,378.1408590172051,10.495147003177554,362.3027956638037,15.325441329980533,-73.90878510746984,40.89571738789154
Riverdale-Spuyten Duyvil,BX0803,2016,373.7213403045546,140,412.8122109158187,-9.46940753630846,417.8272980501392,-10.556025887109914,-73.90878510746984,40.89571738789154
Riverdale-Spuyten Duyvil,BX0803,2017,472.2972972972973,125,453.2408424405514,4.204487564300965,373.7213403045546,26.376860607534685,-73.90878510746984,40.89571738789154
Riverdale-Spuyten Duyvil,BX0803,2018,395.9365708622398,139,468.4992756435464,-15.488328062328808,472.2972972972973,-16.167936355348363,-73.90878510746984,40.89571738789154
Riverdale-Spuyten Duyvil,BX0803,2019,425.68391361368685,102,484.8484848484849,-12.202692817177091,395.9365708622398,7.513158657374233,-73.90878510746984,40.89571738789154
Riverdale-Spuyten Duyvil,BX0803,2020,399.8319523270576,86,510.948905109489,-21.747175044561573,425.68391361368685,-6.073041630154298,-73.90878510746984,40.89571738789154
Riverdale-Spuyten Duyvil,BX0803,2021,497.83653846153845,145,583.6909871244635,-14.708887160633482,399.8319523270576,24.51144426154174,-73.90878510746984,40.89571738789154
Riverdale-Spuyten Duyvil,BX0803,2022,483.8709677419355,125,614.297462406015,-21.23181400639991,497.83653846153845,-2.805252254637776,-73.90878510746984,40.89571738789154
Riverdale-Spuyten Duyvil,BX0803,2023,485.2059125085441,106,588.8157894736842,-17.596314300224908,483.8709677419355,0.27588858509911085,-73.90878510746984,40.89571738789154
Riverdale-Spuyten Duyvil,BX0803,2024,490.7407407407408,111,610.3286384976526,-19.594017094017087,485.2059125085441,1.1407173922472071,-73.90878510746984,40.89571738789154
Riverdale-Spuyten Duyvil,BX0803,2025,502.88461538461536,107,643.3739350912779,-21.836339964056947,490.7407407407408,2.474600870827264,-73.90878510746984,40.89571738789154
Soundview-Bruckner-Bronx River,BX0901,2003,122.71983041800114,152,217.5,-43.577089462987985,,,-73.87321765239203,40.829614930427915
Soundview-Bruckner-Bronx River,BX0901,2004,141.5124334881432,202,242.06349206349208,-41.53912583768511,122.71983041800114,15.313420012178783,-73.87321765239203,40.829614930427915
Soundview-Bruckner-Bronx River,BX0901,2005,158.13670997675243,232,285.59771521827827,-44.629560549568545,141.5124334881432,11.747573042761736,-73.87321765239203,40.829614930427915
Soundview-Bruckner-Bronx River,BX0901,2006,187.66345696623873,250,319.9301276108415,-41.342361731399706,158.13670997675243,18.671658841155228,-73.87321765239203,40.829614930427915
Soundview-Bruckner-Bronx River,BX0901,2007,197.22979686178604,164,363.8791017154246,-45.79798731721845,187.66345696623873,5.097604003569183,-73.87321765239203,40.829614930427915
Soundview-Bruckner-Bronx River,BX0901,2008,190.41818177214165,112,364.7209496043315,-47.79072000697593,197.22979686178604,-3.4536440223673757,-73.87321765239203,40.829614930427915
Soundview-Bruckner-Bronx River,BX0901,2009,158.75347222222223,75,315.0431111065702,-49.60896885997282,190.41818177214165,-16.629036815302687,-73.87321765239203,40.829614930427915
Soundview-Bruckner-Bronx River,BX0901,2010,163.41831960227273,56,331.20603015075375,-50.65961826604115,158.75347222222223,2.9384222686611072,-73.87321765239203,40.829614930427915
Soundview-Bruckner-Bronx River,BX0901,2011,146.45888104792215,52,327.76517308054713,-55.31591118378816,163.41831960227273,-10.377929840195666,-73.87321765239203,40.829614930427915
Soundview-Bruckner-Bronx River,BX0901,2012,149.62227876876446,54,337.05357142857144,-55.60875437853876,146.45888104792215,2.1599220874883174,-73.87321765239203,40.829614930427915
Soundview-Bruckner-Bronx River,BX0901,2013,137.635897557806,94,346.18410700236035,-60.24199413727922,149.62227876876446,-8.011093875587171,-73.87321765239203,40.829614930427915
Soundview-Bruckner-Bronx River,BX0901,2014,152.29885057471265,113,352.1666317379394,-56.753753238028516,137.635897557806,10.653436550408891,-73.87321765239203,40.829614930427915
Soundview-Bruckner-Bronx River,BX0901,2015,159.22619047619048,123,378.1408590172051,-57.89236029927519,152.29885057471265,4.548517520215635,-73.87321765239203,40.829614930427915
Soundview-Bruckner-Bronx River,BX0901,2016,177.69986275518957,124,412.8122109158187,-56.95382596339273,159.22619047619048,11.602156795782605,-73.87321765239203,40.829614930427915
Soundview-Bruckner-Bronx River,BX0901,2017,195.72417946401688,147,453.2408424405514,-56.8167382246253,177.69986275518957,10.143123595800823,-73.87321765239203,40.829614930427915
Soundview-Bruckner-Bronx River,BX0901,2018,211.51806781728044,184,468.4992756435464,-54.851996830361784,195.72417946401688,8.069462034028962,-73.87321765239203,40.829614930427915
Soundview-Bruckner-Bronx River,BX0901,2019,253.5174418604651,159,484.8484848484849,-47.71202761627907,211.51806781728044,19.856163814556858,-73.87321765239203,40.829614930427915
Soundview-Bruckner-Bronx River,BX0901,2020,252.36430836622486,84,510.948905109489,-50.60869964832455,253.5174418604651,-0.45485371175168715,-73.87321765239203,40.829614930427915
Soundview-Bruckner-Bronx River,BX0901,2021,273.6085053158224,135,583.6909871244635,-53.12442519221572,252.36430836622486,8.418067153445683,-73.87321765239203,40.829614930427915
Soundview-Bruckner-Bronx River,BX0901,2022,300.8130081300813,127,614.297462406015,-51.03137705438521,273.6085053158224,9.942857142857132,-73.87321765239203,40.829614930427915
Soundview-Bruckner-Bronx River,BX0901,2023,304.2682926829268,87,588.8157894736842,-48.325384929826946,300.8130081300813,1.1486486486486434,-73.87321765239203,40.829614930427915
Soundview-Bruckner-Bronx River,BX0901,2024,289.30456798103853,92,610.3286384976526,-52.59855924618368,304.2682926829268,-4.917937577374105,-73.87321765239203,40.829614930427915
Soundview-Bruckner-Bronx River,BX0901,2025,329.24107142857144,82,643.3739350912779,-48.82586106291969,289.30456798103853,13.804311396199736,-73.87321765239203,40.829614930427915
Soundview-Clason Point,BX0902,2003,140.85072026022306,238,217.5,-35.241048156219286,,,-73.85910392339741,40.816106306032424
Soundview-Clason Point,BX0902,2004,151.74755799755798,228,242.06349206349208,-37.31084489281212,140.85072026022306,7.736444454954087,-73.85910392339741,40.816106306032424
Soundview-Clason Point,BX0902,2005,190.73498964803312,189,285.59771521827827,-33.215505767524405,151.74755799755798,25.69229591892514,-73.85910392339741,40.816106306032424
Soundview-Clason Point,BX0902,2006,203.76820270924048,226,319.9301276108415,-36.308529543331645,190.73498964803312,6.833152682293793,-73.85910392339741,40.816106306032424
Soundview-Clason Point,BX0902,2007,220.3152606865514,278,363.8791017154246,-39.453719752542646,203.76820270924048,8.120529973423835,-73.85910392339741,40.816106306032424
Soundview-Clason Point,BX0902,2008,235.04273504273505,135,364.7209496043315,-35.5554608810594,220.3152606865514,6.68472729046983,-73.85910392339741,40.816106306032424
Soundview-Clason Point,BX0902,2009,293.90009540684207,152,315.0431111065702,-6.711149983716376,235.04273504273505,25.04113150036553,-73.85910392339741,40.816106306032424
Soundview-Clason Point,BX0902,2010,319.50248756218906,160,331.20603015075375,-3.5336139813751672,293.90009540684207,8.711256837091506,-73.85910392339741,40.816106306032424
Soundview-Clason Point,BX0902,2011,305.70515093961023,100,327.76517308054713,-6.7304350653251745,319.50248756218906,-4.3183815962914105,-73.85910392339741,40.816106306032424
Soundview-Clason Point,BX0902,2012,240.39957939011563,80,337.05357142857144,-28.67615128028358,305.70515093961023,-21.36227386053931,-73.85910392339741,40.816106306032424
Soundview-Clason Point,BX0902,2013,184.10364145658264,74,346.18410700236035,-46.81915266106442,240.39957939011563,-23.417652425330193,-73.85910392339741,40.816106306032424
Soundview-Clason Point,BX0902,2014,169.64285714285714,83,352.1666317379394,-51.82881004208972,184.10364145658264,-7.854697603651582,-73.85910392339741,40.816106306032424
Soundview-Clason Point,BX0902,2015,180.34148381672975,84,378.1408590172051,-52.308384688858936,169.64285714285714,6.306558881440696,-73.85910392339741,40.816106306032424
Soundview-Clason Point,BX0902,2016,207.7991452991453,168,412.8122109158187,-49.66254878019584,180.34148381672975,15.225371834202676,-73.85910392339741,40.816106306032424
Soundview-Clason Point,BX0902,2017,224.89135158626686,178,453.2408424405514,-50.38149025244467,207.7991452991453,8.225349657966987,-73.85910392339741,40.816106306032424
Soundview-Clason Point,BX0902,2018,248.6471153006895,158,468.4992756435464,-46.926894399326564,224.89135158626686,10.563217992538092,-73.85910392339741,40.816106306032424
Soundview-Clason Point,BX0902,2019,270.8679002233284,168,484.8484848484849,-44.13349557893852,248.6471153006895,8.936675133257518,-73.85910392339741,40.816106306032424
Soundview-Clason Point,BX0902,2020,299.14529914529913,124,510.948905109489,-41.45299145299145,270.8679002233284,10.439553338973083,-73.85910392339741,40.816106306032424
Soundview-Clason Point,BX0902,2021,327.2305347741757,150,583.6909871244635,-43.93770985118902,299.14529914529913,9.388493053081588,-73.85910392339741,40.816106306032424
Soundview-Clason Point,BX0902,2022,335.32435306628855,132,614.297462406015,-45.41335857828132,327.2305347741757,2.4734300231787594,-73.85910392339741,40.816106306032424
Soundview-Clason Point,BX0902,2023,336.26067213978024,112,588.8157894736842,-42.89204227346748,335.32435306628855,0.27922787740578814,-73.85910392339741,40.816106306032424
Soundview-Clason Point,BX0902,2024,345.9142347789017,100,610.3286384976526,-43.3232830708415,336.26067213978024,2.870856879483235,-73.85910392339741,40.816106306032424
Soundview-Clason Point,BX0902,2025,360.0,99,643.3739350912779,-44.044982184594495,345.9142347789017,4.0720397731251285,-73.85910392339741,40.816106306032424
Castle Hill-Unionport,BX0903,2003,144.5107329636392,164,217.5,-33.55828369487852,,,-73.84869116180364,40.8245316669188
Castle Hill-Unionport,BX0903,2004,162.4702380952381,189,242.06349206349208,-32.881147540983605,144.5107329636392,12.427800180155293,-73.84869116180364,40.8245316669188
Castle Hill-Unionport,BX0903,2005,189.873417721519,207,285.59771521827827,-33.51717902350814,162.4702380952381,16.86658427263304,-73.84869116180364,40.8245316669188
Castle Hill-Unionport,BX0903,2006,220.65412959003012,200,319.9301276108415,-31.030524934359825,189.873417721519,16.211174917415864,-73.84869116180364,40.8245316669188
Castle Hill-Unionport,BX0903,2007,226.52659225213395,129,363.8791017154246,-37.74674302969688,220.65412959003012,2.6613880614945744,-73.84869116180364,40.8245316669188
Castle Hill-Unionport,BX0903,2008,198.04526748971196,107,364.7209496043315,-45.69950870533708,226.52659225213395,-12.573060177730056,-73.84869116180364,40.8245316669188
Castle Hill-Unionport,BX0903,2009,205.24455904771173,68,315.0431111065702,-34.85191333757389,198.04526748971196,3.635174750325079,-73.84869116180364,40.8245316669188
Castle Hill-Unionport,BX0903,2010,186.1676574791329,60,331.20603015075375,-43.79098188689508,205.24455904771173,-9.294717315329246,-73.84869116180364,40.8245316669188
Castle Hill-Unionport,BX0903,2011,173.92821050995025,82,327.76517308054713,-46.93511550502408,186.1676574791329,-6.5744217523683215,-73.84869116180364,40.8245316669188
Castle Hill-Unionport,BX0903,2012,181.93224592220827,65,337.05357142857144,-46.022750878709076,173.92821050995025,4.6019190267010295,-73.84869116180364,40.8245316669188
Castle Hill-Unionport,BX0903,2013,186.1644461859979,64,346.18410700236035,-46.22386111309015,181.93224592220827,2.3262507656829854,-73.84869116180364,40.8245316669188
Castle Hill-Unionport,BX0903,2014,182.0987654320988,101,352.1666317379394,-48.29187406727239,186.1644461859979,-2.1839190227746594,-73.84869116180364,40.8245316669188
Castle Hill-Unionport,BX0903,2015,197.8494623655914,107,378.1408590172051,-47.67836967425163,182.0987654320988,8.64953526517221,-73.84869116180364,40.8245316669188
Castle Hill-Unionport,BX0903,2016,193.406577747378,136,412.8122109158187,-53.14901724483684,197.8494623655914,-2.2455884211621995,-73.84869116180364,40.8245316669188
Castle Hill-Unionport,BX0903,2017,228.41132542365392,138,453.2408424405514,-49.6048669855667,193.406577747378,18.099047138923105,-73.84869116180364,40.8245316669188
Castle Hill-Unionport,BX0903,2018,245.09803921568627,129,468.4992756435464,-47.68443582351086,228.41132542365392,7.305554468931032,-73.84869116180364,40.8245316669188
Castle Hill-Unionport,BX0903,2019,273.1182795698925,121,484.8484848484849,-43.66935483870968,245.09803921568627,11.432258064516134,-73.84869116180364,40.8245316669188
Castle Hill-Unionport,BX0903,2020,281.61471692754833,70,510.948905109489,-44.88397682989411,273.1182795698925,3.1109002923700553,-73.84869116180364,40.8245316669188
Castle Hill-Unionport,BX0903,2021,317.94206084495653,120,583.6909871244635,-45.529043987592004,281.61471692754833,12.899661038224156,-73.84869116180364,40.8245316669188
Castle Hill-Unionport,BX0903,2022,324.1988657498229,106,614.297462406015,-47.22444978365444,317.94206084495653,1.9679072621717377,-73.84869116180364,40.8245316669188
Castle Hill-Unionport,BX0903,2023,337.63440860215053,67,588.8157894736842,-42.65873731002583,324.1988657498229,4.144228827344364,-73.84869116180364,40.8245316669188
Castle Hill-Unionport,BX0903,2024,360.082304526749,87,610.3286384976526,-41.001899335232665,337.63440860215053,6.648580640088082,-73.84869116180364,40.8245316669188
Castle Hill-Unionport,BX0903,2025,351.49900452735505,80,643.3739350912779,-45.36629705437374,360.082304526749,-2.383705028403118,-73.84869116180364,40.8245316669188
Parkchester,BX0904,2003,116.08882508133908,12,217.5,-46.62582754880962,,,-73.85798885651731,40.83774646257033
Parkchester,BX0904,2005,180.8905380333952,25,285.59771521827827,-36.662470182878344,116.08882508133908,55.82080179263764,-73.85798885651731,40.83774646257033
Parkchester,BX0904,2006,185.9706362153344,15,319.9301276108415,-41.87148375049365,180.8905380333952,2.8083824821181866,-73.85798885651731,40.83774646257033
Parkchester,BX0904,2007,191.6552032464406,20,363.8791017154246,-47.32997791218949,185.9706362153344,3.0567013947965864,-73.85798885651731,40.83774646257033
Parkchester,BX0904,2008,195.7585644371941,11,364.7209496043315,-46.32648202699535,191.6552032464406,2.141012151638367,-73.85798885651731,40.83774646257033
Parkchester,BX0904,2013,155.43288785589775,11,346.18410700236035,-55.10109080344409,195.7585644371941,-20.59969978694556,-73.85798885651731,40.83774646257033
Parkchester,BX0904,2014,166.35572139303483,13,352.1666317379394,-52.762213565757,155.43288785589775,7.027363184079594,-73.85798885651731,40.83774646257033
Parkchester,BX0904,2016,212.07177814029365,13,412.8122109158187,-48.627542370945115,166.35572139303483,27.48090439237091,-73.85798885651731,40.83774646257033
Parkchester,BX0904,2017,209.36792383920528,10,453.2408424405514,-53.80647456398048,212.07177814029365,-1.274971297359362,-73.85798885651731,40.83774646257033
Parkchester,BX0904,2019,240.0153609831029,13,484.8484848484849,-50.49683179723503,209.36792383920528,14.638076636531434,-73.85798885651731,40.83774646257033
Parkchester,BX0904,2020,312.39804241435564,13,510.948905109489,-38.859240270333245,240.0153609831029,30.15752039151714,-73.85798885651731,40.83774646257033
Parkchester,BX0904,2021,320.8975547101096,10,583.6909871244635,-45.02269834745916,312.39804241435564,2.7207316121656273,-73.85798885651731,40.83774646257033
Parkchester,BX0904,2024,337.465564738292,17,610.3286384976526,-44.70756516211062,320.8975547101096,5.163021588977055,-73.85798885651731,40.83774646257033
Parkchester,BX0904,2025,391.8918918918919,13,643.3739350912779,-39.088006131878394,337.465564738292,16.127964699393264,-73.85798885651731,40.83774646257033
Westchester Square,BX1001,2003,142.4961646060825,54,217.5,-34.48452202019196,,,-73.84593972125019,40.837686057952844
Westchester Square,BX1001,2004,167.6994301994302,88,242.06349206349208,-30.720891130727203,142.4961646060825,17.68697821658556,-73.84593972125019,40.837686057952844
Westchester Square,BX1001,2005,192.62981574539364,85,285.59771521827827,-32.55204594400574,167.6994301994302,14.866112255906849,-73.84593972125019,40.837686057952844
Westchester Square,BX1001,2006,225.81292121501914,108,319.9301276108415,-29.41805046578958,192.62981574539364,17.22635996988385,-73.84593972125019,40.837686057952844
Westchester Square,BX1001,2007,232.21433276152837,68,363.8791017154246,-36.183657795458124,225.81292121501914,2.8348296067671863,-73.84593972125019,40.837686057952844
Westchester Square,BX1001,2008,231.6181551499348,46,364.7209496043315,-36.494419801986595,232.21433276152837,-0.2567359234478446,-73.84593972125019,40.837686057952844
Westchester Square,BX1001,2009,191.5184678522572,43,315.0431111065702,-39.208806318741594,231.6181551499348,-17.31284288648255,-73.84593972125019,40.837686057952844
Westchester Square,BX1001,2010,175.0886524822695,27,331.20603015075375,-47.13603118802665,191.5184678522572,-8.578710739615001,-73.84593972125019,40.837686057952844
Westchester Square,BX1001,2011,168.5185185185185,35,327.76517308054713,-48.58559348002917,175.0886524822695,-3.7524613220815866,-73.84593972125019,40.837686057952844
Westchester Square,BX1001,2012,166.86893203883494,33,337.05357142857144,-50.49186652092844,168.5185185185185,-0.978875493438598,-73.84593972125019,40.837686057952844
Westchester Square,BX1001,2013,186.79406767678876,38,346.18410700236035,-46.04198635972761,166.86893203883494,11.940590375035596,-73.84593972125019,40.837686057952844
Westchester Square,BX1001,2014,189.84491551885645,48,352.1666317379394,-46.092304491776126,186.79406767678876,1.6332680582482964,-73.84593972125019,40.837686057952844
Westchester Square,BX1001,2015,193.33333333333331,55,378.1408590172051,-48.872667757774146,189.84491551885645,1.8375092137405027,-73.84593972125019,40.837686057952844
Westchester Square,BX1001,2016,210.49753963914708,47,412.8122109158187,-49.00888731654499,193.33333333333331,8.87803774438643,-73.84593972125019,40.837686057952844
Westchester Square,BX1001,2017,226.78571428571428,65,453.2408424405514,-49.96353085380644,210.49753963914708,7.737940630797768,-73.84593972125019,40.837686057952844
Westchester Square,BX1001,2018,243.5934619797105,48,468.4992756435464,-48.00558407585533,226.78571428571428,7.411290321762112,-73.84593972125019,40.837686057952844
Westchester Square,BX1001,2019,270.3899426162909,56,484.8484848484849,-44.23207433539,243.5934619797105,11.000492549677855,-73.84593972125019,40.837686057952844
Westchester Square,BX1001,2020,279.93109388458225,43,510.948905109489,-45.21348591116032,270.3899426162909,3.5286635205330645,-73.84593972125019,40.837686057952844
Westchester Square,BX1001,2021,329.0419161676647,51,583.6909871244635,-43.62737759774568,279.93109388458225,17.54389682174114,-73.84593972125019,40.837686057952844
Westchester Square,BX1001,2022,327.5,47,614.297462406015,-46.687066113331674,329.0419161676647,-0.46860782529572653,-73.84593972125019,40.837686057952844
Westchester Square,BX1001,2023,365.7945736434109,25,588.8157894736842,-37.87622883374473,327.5,11.69299958577432,-73.84593972125019,40.837686057952844
Westchester Square,BX1001,2024,330.3978901502121,38,610.3286384976526,-45.86557646000371,365.7945736434109,-9.676656255624145,-73.84593972125019,40.837686057952844
Westchester Square,BX1001,2025,344.3328550932568,39,643.3739350912779,-46.4801359967427,330.3978901502121,4.217631334361517,-73.84593972125019,40.837686057952844
Throgs Neck-Schuylerville,BX1002,2003,179.73856209150327,391,217.5,-17.361580647584702,,,-73.82060404543375,40.825527583427935
Throgs Neck-Schuylerville,BX1002,2004,213.99676375404533,430,242.06349206349208,-11.59477956390259,179.73856209150327,19.060017652250675,-73.82060404543375,40.825527583427935
Throgs Neck-Schuylerville,BX1002,2005,257.69745649263723,443,285.59771521827827,-9.769076305220883,213.99676375404533,20.42119327973519,-73.82060404543375,40.825527583427935
Throgs Neck-Schuylerville,BX1002,2006,272.3378212974296,423,319.9301276108415,-14.875843881543563,257.69745649263723,5.6812220826908675,-73.82060404543375,40.825527583427935
Throgs Neck-Schuylerville,BX1002,2007,296.7001952030374,372,363.8791017154246,-18.46187544041074,272.3378212974296,8.945644710508569,-73.82060404543375,40.825527583427935
Throgs Neck-Schuylerville,BX1002,2008,265.0,225,364.7209496043315,-27.341711440627154,296.7001952030374,-10.684251549394633,-73.82060404543375,40.825527583427935
Throgs Neck-Schuylerville,BX1002,2009,239.80110200698437,186,315.0431111065702,-23.883083440644924,265.0,-9.509018110571937,-73.82060404543375,40.825527583427935
Throgs Neck-Schuylerville,BX1002,2010,241.32553606237815,185,331.20603015075375,-27.137336251838484,239.80110200698437,0.6357076938492898,-73.82060404543375,40.825527583427935
Throgs Neck-Schuylerville,BX1002,2011,215.4882154882155,187,327.76517308054713,-34.25530435008724,241.32553606237815,-10.706417976207948,-73.82060404543375,40.825527583427935
Throgs Neck-Schuylerville,BX1002,2012,217.3913043478261,203,337.05357142857144,-35.502447451770806,215.4882154882155,0.8831521739130398,-73.82060404543375,40.825527583427935
Throgs Neck-Schuylerville,BX1002,2013,224.0703283590777,232,346.18410700236035,-35.27423014900278,217.3913043478261,3.0723510451757416,-73.82060404543375,40.825527583427935
Throgs Neck-Schuylerville,BX1002,2014,218.48415041692354,234,352.1666317379394,-37.960007926160955,224.0703283590777,-2.4930467068366995,-73.82060404543375,40.825527583427935
Throgs Neck-Schuylerville,BX1002,2015,242.28564098892707,316,378.1408590172051,-35.92714587399209,218.48415041692354,10.893920921304456,-73.82060404543375,40.825527583427935
Throgs Neck-Schuylerville,BX1002,2016,259.90290322855003,382,412.8122109158187,-37.04088775572828,242.28564098892707,7.271277888246008,-73.82060404543375,40.825527583427935
Throgs Neck-Schuylerville,BX1002,2017,274.1222587719298,371,453.2408424405514,-39.519515210528574,259.90290322855003,5.471026051169481,-73.82060404543375,40.825527583427935
Throgs Neck-Schuylerville,BX1002,2018,287.526936026936,365,468.4992756435464,-38.628093793319245,274.1222587719298,4.890036042698355,-73.82060404543375,40.825527583427935
Throgs Neck-Schuylerville,BX1002,2019,312.5,350,484.8484848484849,-35.54687500000001,287.526936026936,8.685469374849962,-73.82060404543375,40.825527583427935
Throgs Neck-Schuylerville,BX1002,2020,334.375,293,510.948905109489,-34.55803571428571,312.5,7.000000000000001,-73.82060404543375,40.825527583427935
Throgs Neck-Schuylerville,BX1002,2021,370.3703703703704,417,583.6909871244635,-36.54684095860566,334.375,10.764970578054694,-73.82060404543375,40.825527583427935
Throgs Neck-Schuylerville,BX1002,2022,375.00811631554234,380,614.297462406015,-38.953334619558674,370.3703703703704,1.2521914051964285,-73.82060404543375,40.825527583427935
Throgs Neck-Schuylerville,BX1002,2023,377.31057781393355,286,588.8157894736842,-35.920438181320776,375.00811631554234,0.6139764443001693,-73.82060404543375,40.825527583427935
Throgs Neck-Schuylerville,BX1002,2024,405.0925925925926,225,610.3286384976526,-33.62713675213675,377.31057781393355,7.363168809001546,-73.82060404543375,40.825527583427935
Throgs Neck-Schuylerville,BX1002,2025,409.6970983312913,304,643.3739350912779,-36.32053212209071,405.0925925925926,1.13665513092447,-73.82060404543375,40.825527583427935
Pelham Bay-Country Club-City Island,BX1003,2003,198.84169884169884,185,217.5,-8.57852926818444,,,-73.81153796700745,40.84559096100367
Pelham Bay-Country Club-City Island,BX1003,2004,237.89114371385733,224,242.06349206349208,-1.7236586624720587,198.84169884169884,19.638458683279705,-73.81153796700745,40.84559096100367
Pelham Bay-Country Club-City Island,BX1003,2005,291.1712915173963,250,285.59771521827827,1.9515479298768992,237.89114371385733,22.396860585792105,-73.81153796700745,40.84559096100367
Pelham Bay-Country Club-City Island,BX1003,2006,303.78868414835813,222,319.9301276108415,-5.04530273001285,291.1712915173963,4.333323029618802,-73.81153796700745,40.84559096100367
Pelham Bay-Country Club-City Island,BX1003,2007,296.2524125486792,186,363.8791017154246,-18.584933525430525,303.78868414835813,-2.480761131971098,-73.81153796700745,40.84559096100367
Pelham Bay-Country Club-City Island,BX1003,2008,257.4599284158108,120,364.7209496043315,-29.40906501391903,296.2524125486792,-13.094402776042937,-73.81153796700745,40.84559096100367
Pelham Bay-Country Club-City Island,BX1003,2009,232.5581395348837,119,315.0431111065702,-26.182121958471953,257.4599284158108,-9.672102775042118,-73.81153796700745,40.84559096100367
Pelham Bay-Country Club-City Island,BX1003,2010,234.6701898687548,112,331.20603015075375,-29.146764096673937,232.5581395348837,0.9081816435645653,-73.81153796700745,40.84559096100367
Pelham Bay-Country Club-City Island,BX1003,2011,245.94320486815417,91,327.76517308054713,-24.963594345115336,234.6701898687548,4.803769496971088,-73.81153796700745,40.84559096100367
Pelham Bay-Country Club-City Island,BX1003,2012,238.49820430009112,102,337.05357142857144,-29.24026786328423,245.94320486815417,-3.0271218804578015,-73.81153796700745,40.84559096100367
Pelham Bay-Country Club-City Island,BX1003,2013,233.97049548862236,132,346.18410700236035,-32.41443187135477,238.49820430009112,-1.8984246966370244,-73.81153796700745,40.84559096100367
Pelham Bay-Country Club-City Island,BX1003,2014,235.98214285714283,160,352.1666317379394,-32.991339442759546,233.97049548862236,0.8597867711137512,-73.81153796700745,40.84559096100367
Pelham Bay-Country Club-City Island,BX1003,2015,260.82826747720367,170,378.1408590172051,-31.023516433769938,235.98214285714283,10.528815578686393,-73.81153796700745,40.84559096100367
Pelham Bay-Country Club-City Island,BX1003,2016,273.2558139534884,175,412.8122109158187,-33.80626669272359,260.82826747720367,4.764647097681207,-73.81153796700745,40.84559096100367
Pelham Bay-Country Club-City Island,BX1003,2017,285.52737520128824,192,453.2408424405514,-37.003167308617165,273.2558139534884,4.490869222599078,-73.81153796700745,40.84559096100367
Pelham Bay-Country Club-City Island,BX1003,2018,320.695102685624,227,468.4992756435464,-31.548431479407,285.52737520128824,12.31676208263519,-73.81153796700745,40.84559096100367
Pelham Bay-Country Club-City Island,BX1003,2019,320.4506113776436,216,484.8484848484849,-33.90706140336101,320.695102685624,-0.07623793002541879,-73.81153796700745,40.84559096100367
Pelham Bay-Country Club-City Island,BX1003,2020,366.63525139124795,184,510.948905109489,-28.24424365628432,320.4506113776436,14.412405023991923,-73.81153796700745,40.84559096100367
Pelham Bay-Country Club-City Island,BX1003,2021,387.5484496124031,226,583.6909871244635,-33.603831794345645,366.63525139124795,5.704088229868004,-73.81153796700745,40.84559096100367
Pelham Bay-Country Club-City Island,BX1003,2022,394.1798941798942,231,614.297462406015,-35.83240721262103,387.5484496124031,1.7111265892363552,-73.81153796700745,40.84559096100367
Pelham Bay-Country Club-City Island,BX1003,2023,381.3958785860175,154,588.8157894736842,-35.22662173734675,394.1798941798942,-3.243193217775428,-73.81153796700745,40.84559096100367
Pelham Bay-Country Club-City Island,BX1003,2024,405.6509695290859,137,610.3286384976526,-33.535648838695934,381.3958785860175,6.359557694485699,-73.81153796700745,40.84559096100367
Pelham Bay-Country Club-City Island,BX1003,2025,411.5431637230732,178,643.3739350912779,-36.033597061297485,405.6509695290859,1.4525280688537339,-73.81153796700745,40.84559096100367
Co-op City,BX1004,2018,290.7270946528928,10,468.4992756435464,-37.94502792911681,,,-73.82627378309125,40.87231295655319
Pelham Parkway-Van Nest,BX1101,2003,150.0,95,217.5,-31.03448275862069,,,-73.8649670238806,40.847897301825725
Pelham Parkway-Van Nest,BX1101,2004,160.63674321503132,144,242.06349206349208,-33.63859132756083,150.0,7.091162143354211,-73.8649670238806,40.847897301825725
Pelham Parkway-Van Nest,BX1101,2005,197.6635514018692,137,285.59771521827827,-30.78951935914552,160.63674321503132,23.05002420104665,-73.8649670238806,40.847897301825725
Pelham Parkway-Van Nest,BX1101,2006,230.16605166051664,143,319.9301276108415,-28.057400101909945,197.6635514018692,16.44334528451667,-73.8649670238806,40.847897301825725
Pelham Parkway-Van Nest,BX1101,2007,227.4904214559387,101,363.8791017154246,-37.48186681139772,230.16605166051664,-1.162478213131258,-73.8649670238806,40.847897301825725
Pelham Parkway-Van Nest,BX1101,2008,191.1067193675889,57,364.7209496043315,-47.601935239828826,227.4904214559387,-15.993509465363024,-73.8649670238806,40.847897301825725
Pelham Parkway-Van Nest,BX1101,2009,169.40656626993766,38,315.0431111065702,-46.22749703210232,191.1067193675889,-11.35499221035319,-73.8649670238806,40.847897301825725
Pelham Parkway-Van Nest,BX1101,2010,204.01916789940827,47,331.20603015075375,-38.40113122138939,169.40656626993766,20.431676523280583,-73.8649670238806,40.847897301825725
Pelham Parkway-Van Nest,BX1101,2011,161.79540709812107,39,327.76517308054713,-50.63679109727731,204.01916789940827,-20.6959773613554,-73.8649670238806,40.847897301825725
Pelham Parkway-Van Nest,BX1101,2012,181.87729498164015,48,337.05357142857144,-46.03905420412266,161.79540709812107,12.411902317684692,-73.8649670238806,40.847897301825725
Pelham Parkway-Van Nest,BX1101,2013,158.644462881751,58,346.18410700236035,-54.173383563021474,181.87729498164015,-12.773904572439578,-73.8649670238806,40.847897301825725
Pelham Parkway-Van Nest,BX1101,2014,179.624843358396,70,352.1666317379394,-48.99436029133456,158.644462881751,13.224779545116029,-73.8649670238806,40.847897301825725
Pelham Parkway-Van Nest,BX1101,2015,165.97510373443984,81,378.1408590172051,-56.107598590162375,179.624843358396,-7.59902659829829,-73.8649670238806,40.847897301825725
Pelham Parkway-Van Nest,BX1101,2016,216.92487624114978,88,412.8122109158187,-47.451923536877786,165.97510373443984,30.697237935292733,-73.8649670238806,40.847897301825725
Pelham Parkway-Van Nest,BX1101,2017,213.2206714103266,86,453.2408424405514,-52.95643034678778,216.92487624114978,-1.7075979919911621,-73.8649670238806,40.847897301825725
Pelham Parkway-Van Nest,BX1101,2018,250.2705627705628,103,468.4992756435464,-46.58037359251352,213.2206714103266,17.376313054064344,-73.8649670238806,40.847897301825725
Pelham Parkway-Van Nest,BX1101,2019,262.9135086573966,90,484.8484848484849,-45.77408883941195,250.2705627705628,5.05171113489057,-73.8649670238806,40.847897301825725
Pelham Parkway-Van Nest,BX1101,2020,271.42857142857144,45,510.948905109489,-46.877551020408156,262.9135086573966,3.238731556494813,-73.8649670238806,40.847897301825725
Pelham Parkway-Van Nest,BX1101,2021,295.45454545454544,85,583.6909871244635,-49.38168449197861,271.42857142857144,8.851674641148314,-73.8649670238806,40.847897301825725
Pelham Parkway-Van Nest,BX1101,2022,311.94625554037856,74,614.297462406015,-49.21902260208261,295.45454545454544,5.581809567512749,-73.8649670238806,40.847897301825725
Pelham Parkway-Van Nest,BX1101,2023,291.2844036697248,57,588.8157894736842,-50.530469991286964,311.94625554037856,-6.623529375232168,-73.8649670238806,40.847897301825725
Pelham Parkway-Van Nest,BX1101,2024,361.34388364287867,46,610.3286384976526,-40.79519444928219,291.2844036697248,24.051915959287474,-73.8649670238806,40.847897301825725
Pelham Parkway-Van Nest,BX1101,2025,347.9672701337935,48,643.3739350912779,-45.91523666801546,361.34388364287867,-3.7019067195019932,-73.8649670238806,40.847897301825725
Morris Park,BX1102,2003,175.13368983957218,125,217.5,-19.47876329215072,,,-73.8516871911903,40.85179259704938
Morris Park,BX1102,2004,200.2260956651329,188,242.06349206349208,-17.28364572522379,175.13368983957218,14.327572181312535,-73.8516871911903,40.85179259704938
Morris Park,BX1102,2005,222.19886454194216,164,285.59771521827827,-22.198654715385686,200.2260956651329,10.973978593458417,-73.8516871911903,40.85179259704938
Morris Park,BX1102,2006,245.08909770811874,170,319.9301276108415,-23.39292971925368,222.19886454194216,10.301687730657074,-73.8516871911903,40.85179259704938
Morris Park,BX1102,2007,263.671875,121,363.8791017154246,-27.538604509855226,245.08909770811874,7.582049738504419,-73.8516871911903,40.85179259704938
Morris Park,BX1102,2008,224.20834314770474,76,364.7209496043315,-38.526058513793146,263.671875,-14.966909858055685,-73.8516871911903,40.85179259704938
Morris Park,BX1102,2009,225.13396492154664,78,315.0431111065702,-28.53868026798715,224.20834314770474,0.4128400222966335,-73.8516871911903,40.85179259704938
Morris Park,BX1102,2010,214.05294969191556,86,331.20603015075375,-35.37166289077348,225.13396492154664,-4.921965121296791,-73.8516871911903,40.85179259704938
Morris Park,BX1102,2011,204.31073192635836,81,327.76517308054713,-37.665515220511324,214.05294969191556,-4.551312084032986,-73.8516871911903,40.85179259704938
Morris Park,BX1102,2012,210.31746031746036,87,337.05357142857144,-37.60117733627666,204.31073192635836,2.939996511425089,-73.8516871911903,40.85179259704938
Morris Park,BX1102,2013,211.03896103896105,95,346.18410700236035,-39.038518299881936,210.31746031746036,0.3430531732418371,-73.8516871911903,40.85179259704938
Morris Park,BX1102,2014,225.0,107,352.1666317379394,-36.10979016108741,211.03896103896105,6.6153846153846105,-73.8516871911903,40.85179259704938
Morris Park,BX1102,2015,234.815278647464,107,378.1408590172051,-37.90269603296689,225.0,4.362346065539555,-73.8516871911903,40.85179259704938
Morris Park,BX1102,2016,261.437908496732,137,412.8122109158187,-36.66904670364878,234.815278647464,11.337690631808268,-73.8516871911903,40.85179259704938
Morris Park,BX1102,2017,270.447453854506,151,453.2408424405514,-40.33029936176177,261.437908496732,3.4461510993485613,-73.8516871911903,40.85179259704938
Morris Park,BX1102,2018,282.8278322925959,127,468.4992756435464,-39.63110574630153,270.447453854506,4.5777389513713755,-73.8516871911903,40.85179259704938
Morris Park,BX1102,2019,313.9477922031214,126,484.8484848484849,-35.24826785810621,282.8278322925959,11.00314621028202,-73.8516871911903,40.85179259704938
Morris Park,BX1102,2020,322.9508196721312,123,510.948905109489,-36.793911007025734,313.9477922031214,2.8676830009955654,-73.8516871911903,40.85179259704938
Morris Park,BX1102,2021,359.5800524934383,197,583.6909871244635,-38.39547630075653,322.9508196721312,11.342046711166152,-73.8516871911903,40.85179259704938
Morris Park,BX1102,2022,373.4984984984985,157,614.297462406015,-39.199081657342475,359.5800524934383,3.870750312356163,-73.8516871911903,40.85179259704938
Morris Park,BX1102,2023,380.8139534883721,119,588.8157894736842,-35.32545147460049,373.4984984984985,1.9586303611078553,-73.8516871911903,40.85179259704938
Morris Park,BX1102,2024,390.7613260214416,138,610.3286384976526,-35.9752596595638,380.8139534883721,2.6121344666991773,-73.8516871911903,40.85179259704938
Morris Park,BX1102,2025,432.32080790098337,108,643.3739350912779,-32.80411525536104,390.7613260214416,10.635515623483508,-73.8516871911903,40.85179259704938
Pelham Gardens,BX1103,2003,167.36401673640168,207,217.5,-23.051026787861296,,,-73.84669293045165,40.86424665187187
Pelham Gardens,BX1103,2004,193.85026737967917,297,242.06349206349208,-19.917594459542382,167.36401673640168,15.825534759358298,-73.84669293045165,40.86424665187187
Pelham Gardens,BX1103,2005,232.63558515699333,273,285.59771521827827,-18.544311540029913,193.85026737967917,20.007874274090337,-73.84669293045165,40.86424665187187
Pelham Gardens,BX1103,2006,262.85046728971963,249,319.9301276108415,-17.841289517613912,232.63558515699333,12.988074078321205,-73.84669293045165,40.86424665187187
Pelham Gardens,BX1103,2007,252.5252525252525,159,363.8791017154246,-30.601880862412788,262.85046728971963,-3.9281705948372685,-73.84669293045165,40.86424665187187
Pelham Gardens,BX1103,2008,249.9995,135,364.7209496043315,-31.45458184641912,252.5252525252525,-1.00019799999999,-73.84669293045165,40.86424665187187
Pelham Gardens,BX1103,2009,232.383808095952,117,315.0431111065702,-26.237457699132776,249.9995,-7.046290854200916,-73.84669293045165,40.86424665187187
Pelham Gardens,BX1103,2010,212.8465877123235,96,331.20603015075375,-35.735895987327595,232.383808095952,-8.407307094116263,-73.84669293045165,40.86424665187187
Pelham Gardens,BX1103,2011,209.3068535825545,120,327.76517308054713,-36.141216098295445,212.8465877123235,-1.663044809791913,-73.84669293045165,40.86424665187187
Pelham Gardens,BX1103,2012,208.05713383838383,120,337.05357142857144,-38.27179075523447,209.3068535825545,-0.5970754052149388,-73.84669293045165,40.86424665187187
Pelham Gardens,BX1103,2013,216.62698412698413,141,346.18410700236035,-37.42434163059163,208.05713383838383,4.118988919292354,-73.84669293045165,40.86424665187187
Pelham Gardens,BX1103,2014,213.2435465768799,155,352.1666317379394,-39.448111388485394,216.62698412698413,-1.5618726188427607,-73.84669293045165,40.86424665187187
Pelham Gardens,BX1103,2015,237.5,145,378.1408590172051,-37.19271685761048,213.2435465768799,11.375000000000002,-73.84669293045165,40.86424665187187
Pelham Gardens,BX1103,2016,245.48894517934764,176,412.8122109158187,-40.5325378736415,237.5,3.363766391304269,-73.84669293045165,40.86424665187187
Pelham Gardens,BX1103,2017,267.9313831336864,188,453.2408424405514,-40.885428221568716,245.48894517934764,9.141934247973122,-73.84669293045165,40.86424665187187
Pelham Gardens,BX1103,2018,287.3134328358209,177,468.4992756435464,-38.67366551609766,267.9313831336864,7.233960230953494,-73.84669293045165,40.86424665187187
Pelham Gardens,BX1103,2019,308.390022675737,167,484.8484848484849,-36.39455782312925,287.3134328358209,7.335748152074693,-73.84669293045165,40.86424665187187
Pelham Gardens,BX1103,2020,323.6867866069816,168,510.948905109489,-36.649871764062155,308.390022675737,4.960200657116828,-73.84669293045165,40.86424665187187
Pelham Gardens,BX1103,2021,353.5353535353535,175,583.6909871244635,-39.43107546048722,323.6867866069816,9.221435092008816,-73.84669293045165,40.86424665187187
Pelham Gardens,BX1103,2022,356.78391959798995,165,614.297462406015,-41.920007580598394,353.5353535353535,0.9188801148600182,-73.84669293045165,40.86424665187187
Pelham Gardens,BX1103,2023,370.46296296296293,162,588.8157894736842,-37.08338506103869,356.78391959798995,3.8339853938445403,-73.84669293045165,40.86424665187187
Pelham Gardens,BX1103,2024,392.47234247234246,152,610.3286384976526,-35.694916194916196,370.46296296296293,5.94104720573104,-73.84669293045165,40.86424665187187
Pelham Gardens,BX1103,2025,413.16807344622816,126,643.3739350912779,-35.78103635988759,392.47234247234246,5.273169274429606,-73.84669293045165,40.86424665187187
Allerton,BX1104,2003,154.59159239891346,68,217.5,-28.923405793603006,,,-73.86420374730527,40.864014617522535
Allerton,BX1104,2004,162.17679379444087,88,242.06349206349208,-33.002373711149026,154.59159239891346,4.906606677518588,-73.86420374730527,40.864014617522535
Allerton,BX1104,2005,202.08333333333331,85,285.59771521827827,-29.241964285714296,162.17679379444087,24.606812482354286,-73.86420374730527,40.864014617522535
Allerton,BX1104,2006,214.06727828746176,77,319.9301276108415,-33.089365516757404,202.08333333333331,5.930199564929541,-73.86420374730527,40.864014617522535
Allerton,BX1104,2007,221.26114159081192,60,363.8791017154246,-39.19377602403464,214.06727828746176,3.3605618574221445,-73.86420374730527,40.864014617522535
Allerton,BX1104,2008,210.82089552238807,33,364.7209496043315,-42.19665863693937,221.26114159081192,-4.718517672538931,-73.86420374730527,40.864014617522535
Allerton,BX1104,2009,181.0230269230769,21,315.0431111065702,-42.54023638630146,210.82089552238807,-14.134210238257328,-73.86420374730527,40.864014617522535
Allerton,BX1104,2010,161.59868946108287,32,331.20603015075375,-51.20901349908134,181.0230269230769,-10.7303130392622,-73.86420374730527,40.864014617522535
Allerton,BX1104,2011,182.556680512288,28,327.76517308054713,-44.30259969462181,161.59868946108287,12.969159045223796,-73.86420374730527,40.864014617522535
Allerton,BX1104,2012,201.21527777777777,22,337.05357142857144,-40.30169242089772,182.556680512288,10.220714581975452,-73.86420374730527,40.864014617522535
Allerton,BX1104,2013,170.21514848072457,34,346.18410700236035,-50.83103324568161,201.21527777777777,-15.406449072564838,-73.86420374730527,40.864014617522535
Allerton,BX1104,2014,171.19981325863677,38,352.1666317379394,-51.38670225121354,170.21514848072457,0.5784824598168511,-73.86420374730527,40.864014617522535
Allerton,BX1104,2015,185.7142857142857,57,378.1408590172051,-50.887537993920986,171.19981325863677,8.478088953123724,-73.86420374730527,40.864014617522535
Allerton,BX1104,2016,211.83641895530425,41,412.8122109158187,-48.68455599088316,185.7142857142857,14.06576405285615,-73.86420374730527,40.864014617522535
Allerton,BX1104,2017,228.40924270364314,66,453.2408424405514,-49.60532650285106,211.83641895530425,7.823406300989076,-73.86420374730527,40.864014617522535
Allerton,BX1104,2018,240.56615147204207,76,468.4992756435464,-48.65175594101137,228.40924270364314,5.322424182357756,-73.86420374730527,40.864014617522535
Allerton,BX1104,2019,241.10644257703083,40,484.8484848484849,-50.271796218487395,240.56615147204207,0.22459149039991141,-73.86420374730527,40.864014617522535
Allerton,BX1104,2020,241.02079395085067,45,510.948905109489,-52.82878746961922,241.10644257703083,-0.03552315950777443,-73.86420374730527,40.864014617522535
Allerton,BX1104,2021,260.1468328985117,52,583.6909871244635,-55.43072642253439,241.02079395085067,7.935431061421719,-73.86420374730527,40.864014617522535
Allerton,BX1104,2022,308.9464882943144,45,614.297462406015,-49.707347465791955,260.1468328985117,18.75850451534821,-73.86420374730527,40.864014617522535
Allerton,BX1104,2023,300.4032258064516,31,588.8157894736842,-48.98179852225626,308.9464882943144,-2.765288751145854,-73.86420374730527,40.864014617522535
Allerton,BX1104,2024,316.2955465587045,33,610.3286384976526,-48.176191217689194,300.4032258064516,5.290329592696263,-73.86420374730527,40.864014617522535
Allerton,BX1104,2025,327.68252952191693,30,643.3739350912779,-49.068106174455544,316.2955465587045,3.6001085336492515,-73.86420374730527,40.864014617522535
Williamsbridge-Olinville,BX1201,2003,140.0,315,217.5,-35.63218390804598,,,-73.86072430707175,40.88101667041293
Williamsbridge-Olinville,BX1201,2004,167.33601070950468,361,242.06349206349208,-30.87102508394233,140.0,19.525721935360487,-73.86072430707175,40.88101667041293
Williamsbridge-Olinville,BX1201,2005,191.78727782155678,432,285.59771521827827,-32.84705457990919,167.33601070950468,14.61207722616234,-73.86072430707175,40.88101667041293
Williamsbridge-Olinville,BX1201,2006,219.9290780141844,504,319.9301276108415,-31.25715303633329,191.78727782155678,14.673444720776201,-73.86072430707175,40.88101667041293
Williamsbridge-Olinville,BX1201,2007,218.72169200905856,254,363.8791017154246,-39.89165880152356,219.9290780141844,-0.5489887994928846,-73.86072430707175,40.88101667041293
Williamsbridge-Olinville,BX1201,2008,196.60503819174102,184,364.7209496043315,-46.09439397297344,218.72169200905856,-10.111778861148148,-73.86072430707175,40.88101667041293
Williamsbridge-Olinville,BX1201,2009,173.32186356436728,134,315.0431111065702,-44.98471559794324,196.60503819174102,-11.842613414955618,-73.86072430707175,40.88101667041293
Williamsbridge-Olinville,BX1201,2010,172.47401414677276,149,331.20603015075375,-47.92546075677775,173.32186356436728,-0.48917626441262435,-73.86072430707175,40.88101667041293
Williamsbridge-Olinville,BX1201,2011,164.1081871345029,139,327.76517308054713,-49.931170053209435,172.47401414677276,-4.8504854795984835,-73.86072430707175,40.88101667041293
Williamsbridge-Olinville,BX1201,2012,162.5907648670737,120,337.05357142857144,-51.76115055599403,164.1081871345029,-0.9246475108432874,-73.86072430707175,40.88101667041293
Williamsbridge-Olinville,BX1201,2013,176.83893557422968,171,346.18410700236035,-48.917662019353195,162.5907648670737,8.76321033288982,-73.86072430707175,40.88101667041293
Williamsbridge-Olinville,BX1201,2014,180.74581430745812,201,352.1666317379394,-48.676053317294986,176.83893557422968,2.209286501607839,-73.86072430707175,40.88101667041293
Williamsbridge-Olinville,BX1201,2015,186.5540302710313,217,378.1408590172051,-50.66546610279339,180.74581430745812,3.2134719057411254,-73.86072430707175,40.88101667041293
Williamsbridge-Olinville,BX1201,2016,183.14420485175202,258,412.8122109158187,-55.6349836538389,186.5540302710313,-1.827795097391029,-73.86072430707175,40.88101667041293
Williamsbridge-Olinville,BX1201,2017,216.34615384615384,309,453.2408424405514,-52.26684499984563,183.14420485175202,18.128855904164414,-73.86072430707175,40.88101667041293
Williamsbridge-Olinville,BX1201,2018,224.159402241594,339,468.4992756435464,-52.1537355775671,216.34615384615384,3.6114570361145604,-73.86072430707175,40.88101667041293
Williamsbridge-Olinville,BX1201,2019,251.629891722771,312,484.8484848484849,-48.10133483217848,224.159402241594,12.254890585213962,-73.86072430707175,40.88101667041293
Williamsbridge-Olinville,BX1201,2020,278.85,183,510.948905109489,-45.425071428571414,251.629891722771,10.817517780128574,-73.86072430707175,40.88101667041293
Williamsbridge-Olinville,BX1201,2021,301.7245989304813,244,583.6909871244635,-48.30747680088078,278.85,8.203191296568507,-73.86072430707175,40.88101667041293
Williamsbridge-Olinville,BX1201,2022,306.75447685849406,196,614.297462406015,-50.06417971237733,301.7245989304813,1.6670427090936852,-73.86072430707175,40.88101667041293
Williamsbridge-Olinville,BX1201,2023,309.5715240003817,166,588.8157894736842,-47.42472441557762,306.75447685849406,0.918339373800618,-73.86072430707175,40.88101667041293
Williamsbridge-Olinville,BX1201,2024,330.9431880860452,199,610.3286384976526,-45.77623149051721,309.5715240003817,6.903627248880017,-73.86072430707175,40.88101667041293
Williamsbridge-Olinville,BX1201,2025,338.64162212576673,176,643.3739350912779,-47.36472778031918,330.9431880860452,2.3262101523358525,-73.86072430707175,40.88101667041293
Eastchester-Edenwald-Baychester,BX1202,2003,155.35444947209652,275,217.5,-28.57266690938091,,,-73.83656921615619,40.88154200426639
Eastchester-Edenwald-Baychester,BX1202,2004,179.14915048543688,331,242.06349206349208,-25.990842750278542,155.35444947209652,15.316394924121028,-73.83656921615619,40.88154200426639
Eastchester-Edenwald-Baychester,BX1202,2005,212.08739177489176,402,285.59771521827827,-25.739114679962903,179.14915048543688,18.38593216892337,-73.83656921615619,40.88154200426639
Eastchester-Edenwald-Baychester,BX1202,2006,236.14353545752186,398,319.9301276108415,-26.189028454124358,212.08739177489176,11.342561894562383,-73.83656921615619,40.88154200426639
Eastchester-Edenwald-Baychester,BX1202,2007,234.90304709141276,261,363.8791017154246,-35.4447545945848,236.14353545752186,-0.5253111687794847,-73.83656921615619,40.88154200426639
Eastchester-Edenwald-Baychester,BX1202,2008,243.8271604938272,173,364.7209496043315,-33.146927600856564,234.90304709141276,3.799062427207088,-73.83656921615619,40.88154200426639
Eastchester-Edenwald-Baychester,BX1202,2009,211.4537444933921,127,315.0431111065702,-32.8810130935181,243.8271604938272,-13.277198460937939,-73.83656921615619,40.88154200426639
Eastchester-Edenwald-Baychester,BX1202,2010,189.1190476190476,139,331.20603015075375,-42.8998778998779,211.4537444933921,-10.562450396825419,-73.83656921615619,40.88154200426639
Eastchester-Edenwald-Baychester,BX1202,2011,188.2845188284519,135,327.76517308054713,-42.55505639637264,189.1190476190476,-0.4412716757524779,-73.83656921615619,40.88154200426639
Eastchester-Edenwald-Baychester,BX1202,2012,182.8989483310471,133,337.05357142857144,-45.73594115741119,188.2845188284519,-2.8603363308438747,-73.83656921615619,40.88154200426639
Eastchester-Edenwald-Baychester,BX1202,2013,176.83784520437268,136,346.18410700236035,-48.91797698755507,182.8989483310471,-3.3139081345092416,-73.83656921615619,40.88154200426639
Eastchester-Edenwald-Baychester,BX1202,2014,184.4523495827844,162,352.1666317379394,-47.6235585772242,176.83784520437268,4.305924656349197,-73.83656921615619,40.88154200426639
Eastchester-Edenwald-Baychester,BX1202,2015,198.18913943856415,194,378.1408590172051,-47.588541488570876,184.4523495827844,7.44733796389757,-73.83656921615619,40.88154200426639
Eastchester-Edenwald-Baychester,BX1202,2016,224.0909090909091,223,412.8122109158187,-45.716017316017314,198.18913943856415,13.069217478677292,-73.83656921615619,40.88154200426639
Eastchester-Edenwald-Baychester,BX1202,2017,234.7670250896057,257,453.2408424405514,-48.20258831365168,224.0909090909091,4.764189695158733,-73.83656921615619,40.88154200426639
Eastchester-Edenwald-Baychester,BX1202,2018,241.955216989843,272,468.4992756435464,-48.355263376344574,234.7670250896057,3.0618405193377143,-73.83656921615619,40.88154200426639
Eastchester-Edenwald-Baychester,BX1202,2019,276.8132716049382,300,484.8484848484849,-42.907262731481495,241.955216989843,14.406820836005584,-73.83656921615619,40.88154200426639
Eastchester-Edenwald-Baychester,BX1202,2020,305.1470588235294,217,510.948905109489,-40.278361344537814,276.8132716049382,10.23570403771266,-73.83656921615619,40.88154200426639
Eastchester-Edenwald-Baychester,BX1202,2021,307.81452922077915,206,583.6909871244635,-47.26412844967533,305.1470588235294,0.8741589735565474,-73.83656921615619,40.88154200426639
Eastchester-Edenwald-Baychester,BX1202,2022,333.7959881284254,232,614.297462406015,-45.6621574145775,307.81452922077915,8.440621361641805,-73.83656921615619,40.88154200426639
Eastchester-Edenwald-Baychester,BX1202,2023,343.381833459085,164,588.8157894736842,-41.68263833990958,333.7959881284254,2.871767687924253,-73.83656921615619,40.88154200426639
Eastchester-Edenwald-Baychester,BX1202,2024,340.109813864451,150,610.3286384976526,-44.27431511297842,343.381833459085,-0.9528808095853661,-73.83656921615619,40.88154200426639
Eastchester-Edenwald-Baychester,BX1202,2025,345.27777777777777,172,643.3739350912779,-46.33326609216895,340.109813864451,1.519498615640198,-73.83656921615619,40.88154200426639
Wakefield-Woodlawn,BX1203,2003,155.10681884694176,276,217.5,-28.6865200703716,,,-73.85396637754502,40.897973199873825
Wakefield-Woodlawn,BX1203,2004,185.06392106392104,374,242.06349206349208,-23.547363757199836,155.10681884694176,19.313852504795886,-73.85396637754502,40.897973199873825
Wakefield-Woodlawn,BX1203,2005,213.7404580152672,359,285.59771521827827,-25.160305343511446,185.06392106392104,15.495476798765806,-73.85396637754502,40.897973199873825
Wakefield-Woodlawn,BX1203,2006,250.0,355,319.9301276108415,-21.85793758564168,213.7404580152672,16.964285714285705,-73.85396637754502,40.897973199873825
Wakefield-Woodlawn,BX1203,2007,234.91988660873852,288,363.8791017154246,-35.440126816499614,250.0,-6.032045356504591,-73.85396637754502,40.897973199873825
Wakefield-Woodlawn,BX1203,2008,209.55882352941177,163,364.7209496043315,-42.542696339008714,234.91988660873852,-10.795622050322997,-73.85396637754502,40.897973199873825
Wakefield-Woodlawn,BX1203,2009,206.01937080674196,164,315.0431111065702,-34.605975009860984,209.55882352941177,-1.6890020009933115,-73.85396637754502,40.897973199873825
Wakefield-Woodlawn,BX1203,2010,196.74556213017752,133,331.20603015075375,-40.597228244719574,206.01937080674196,-4.50142558937519,-73.85396637754502,40.897973199873825
Wakefield-Woodlawn,BX1203,2011,197.42489270386267,137,327.76517308054713,-39.76636051709307,196.74556213017752,0.34528381038433154,-73.85396637754502,40.897973199873825
Wakefield-Woodlawn,BX1203,2012,175.75798400363038,130,337.05357142857144,-47.854584878393105,197.42489270386267,-10.974760276422005,-73.85396637754502,40.897973199873825
Wakefield-Woodlawn,BX1203,2013,194.59459459459455,159,346.18410700236035,-43.7886977886978,175.75798400363038,10.71735699390765,-73.85396637754502,40.897973199873825
Wakefield-Woodlawn,BX1203,2014,205.24853699107632,162,352.1666317379394,-41.71834623337921,194.59459459459455,5.474942620414243,-73.85396637754502,40.897973199873825
Wakefield-Woodlawn,BX1203,2015,189.176245210728,219,378.1408590172051,-49.972016855729244,205.24853699107632,-7.830648644792578,-73.85396637754502,40.897973199873825
Wakefield-Woodlawn,BX1203,2016,222.26641569036371,250,412.8122109158187,-46.15798423276568,189.176245210728,17.491715433285908,-73.85396637754502,40.897973199873825
Wakefield-Woodlawn,BX1203,2017,234.49286901009572,246,453.2408424405514,-48.263076260420505,222.26641569036371,5.500810044448868,-73.85396637754502,40.897973199873825
Wakefield-Woodlawn,BX1203,2018,257.9271178419309,233,468.4992756435464,-44.94610103982903,234.49286901009572,9.99358698230873,-73.85396637754502,40.897973199873825
Wakefield-Woodlawn,BX1203,2019,277.843306482547,244,484.8484848484849,-42.69481803797468,257.9271178419309,7.721634238095747,-73.85396637754502,40.897973199873825
Wakefield-Woodlawn,BX1203,2020,291.55027932960894,215,510.948905109489,-42.9394453312051,277.843306482547,4.933346432055562,-73.85396637754502,40.897973199873825
Wakefield-Woodlawn,BX1203,2021,329.8504108885465,222,583.6909871244635,-43.48886342865343,291.55027932960894,13.136715782610436,-73.85396637754502,40.897973199873825
Wakefield-Woodlawn,BX1203,2022,338.03656597774244,246,614.297462406015,-44.97184399008312,329.8504108885465,2.4817780481595273,-73.85396637754502,40.897973199873825
Wakefield-Woodlawn,BX1203,2023,350.15975515420575,152,588.8157894736842,-40.53152761626897,338.03656597774244,3.5863543760119576,-73.85396637754502,40.897973199873825
Wakefield-Woodlawn,BX1203,2024,322.96468168584545,180,610.3286384976526,-47.08347907762686,350.15975515420575,-7.766476035026913,-73.85396637754502,40.897973199873825
Wakefield-Woodlawn,BX1203,2025,360.9782757628094,190,643.3739350912779,-43.89292819088232,322.96468168584545,11.770201583199917,-73.85396637754502,40.897973199873825
Financial District-Battery Park City,MN0101,2003,571.8304583089218,162,217.5,162.91055554433186,,,-74.01022424943308,40.70808014393071
Financial District-Battery Park City,MN0101,2004,730.2007801927361,110,242.06349206349208,201.6567157517533,571.8304583089218,27.695328148864956,-74.01022424943308,40.70808014393071
Financial District-Battery Park City,MN0101,2005,637.5852210573455,122,285.59771521827827,123.2459109730791,730.2007801927361,-12.683574387710845,-74.01022424943308,40.70808014393071
Financial District-Battery Park City,MN0101,2006,930.491687077089,848,319.9301276108415,190.84215795047783,637.5852210573455,45.93997105735908,-74.01022424943308,40.70808014393071
Financial District-Battery Park City,MN0101,2007,897.4406779661017,1041,363.8791017154246,146.6315525500979,930.491687077089,-3.551994023160903,-74.01022424943308,40.70808014393071
Financial District-Battery Park City,MN0101,2008,961.2240817659962,1127,364.7209496043315,163.55055359687526,897.4406779661017,7.107255706800457,-74.01022424943308,40.70808014393071
Financial District-Battery Park City,MN0101,2009,936.5618785728334,570,315.0431111065702,197.28054528258542,961.2240817659962,-2.5657080030550707,-74.01022424943308,40.70808014393071
Financial District-Battery Park City,MN0101,2010,853.2392151090224,496,331.20603015075375,157.6158455571165,936.5618785728334,-8.896653319990028,-74.01022424943308,40.70808014393071
Financial District-Battery Park City,MN0101,2011,861.2076288491382,582,327.76517308054713,162.75141460422932,853.2392151090224,0.9339014896423442,-74.01022424943308,40.70808014393071
Financial District-Battery Park City,MN0101,2012,932.32606162213,632,337.05357142857144,176.61064609716175,861.2076288491382,8.257989175970241,-74.01022424943308,40.70808014393071
Financial District-Battery Park City,MN0101,2013,987.8419452887538,733,346.18410700236035,185.3516164686377,932.32606162213,5.954556667656921,-74.01022424943308,40.70808014393071
Financial District-Battery Park City,MN0101,2014,1108.148148148148,613,352.1666317379394,214.6658565235003,987.8419452887538,12.17868945868945,-74.01022424943308,40.70808014393071
Financial District-Battery Park City,MN0101,2015,1323.8071381004513,672,378.1408590172051,250.083072625648,1108.148148148148,19.46120564409154,-74.01022424943308,40.70808014393071
Financial District-Battery Park City,MN0101,2016,1300.4131667379881,466,412.8122109158187,215.0132511470622,1323.8071381004513,-1.7671736833230471,-74.01022424943308,40.70808014393071
Financial District-Battery Park City,MN0101,2017,1323.1707317073171,553,453.2408424405514,191.9354585483696,1300.4131667379881,1.7500257265477432,-74.01022424943308,40.70808014393071
Financial District-Battery Park City,MN0101,2018,1243.5985690137252,354,468.4992756435464,165.4430078478726,1323.1707317073171,-6.013748701266858,-74.01022424943308,40.70808014393071
Financial District-Battery Park City,MN0101,2019,1146.226296679196,315,484.8484848484849,136.40917369008415,1243.5985690137252,-7.829879734563655,-74.01022424943308,40.70808014393071
Financial District-Battery Park City,MN0101,2020,1150.7615995115993,254,510.948905109489,125.2204844758416,1146.226296679196,0.39567255135769797,-74.01022424943308,40.70808014393071
Financial District-Battery Park City,MN0101,2021,1089.7435897435898,683,583.6909871244635,86.69871794871797,1150.7615995115993,-5.302402321550048,-74.01022424943308,40.70808014393071
Financial District-Battery Park City,MN0101,2022,1167.10875331565,485,614.297462406015,89.99081466891339,1089.7435897435898,7.099391480730216,-74.01022424943308,40.70808014393071
Financial District-Battery Park City,MN0101,2023,1251.8063583815028,395,588.8157894736842,112.5972809765234,1167.10875331565,7.257044797687855,-74.01022424943308,40.70808014393071
Financial District-Battery Park City,MN0101,2024,1131.9841706799943,326,610.3286384976526,85.47125258064521,1251.8063583815028,-9.57194272894013,-74.01022424943308,40.70808014393071
Financial District-Battery Park City,MN0101,2025,1247.600767754319,431,643.3739350912779,93.91534218390696,1131.9841706799943,10.21362312910016,-74.01022424943308,40.70808014393071
Tribeca-Civic Center,MN0102,2003,595.3229010457526,134,217.5,173.7116786417253,,,-74.00723308720909,40.7173063341463
Tribeca-Civic Center,MN0102,2004,686.2400978100306,233,242.06349206349208,183.49590925922575,595.3229010457526,15.271913209549243,-74.00723308720909,40.7173063341463
Tribeca-Civic Center,MN0102,2005,818.9728962924544,282,285.59771521827827,186.7575098304008,686.2400978100306,19.34203479307146,-74.00723308720909,40.7173063341463
Tribeca-Civic Center,MN0102,2006,973.0476270193352,163,319.9301276108415,204.1437936107526,818.9728962924544,18.813166030815857,-74.00723308720909,40.7173063341463
Tribeca-Civic Center,MN0102,2007,1215.81018730681,412,363.8791017154246,234.12476330054446,973.0476270193352,24.94868221724267,-74.00723308720909,40.7173063341463
Tribeca-Civic Center,MN0102,2008,1015.6113108967909,494,364.7209496043315,178.4625648728376,1215.81018730681,-16.466293710985234,-74.00723308720909,40.7173063341463
Tribeca-Civic Center,MN0102,2009,1068.4537539621988,268,315.0431111065702,239.14525228287596,1015.6113108967909,5.203018369177841,-74.00723308720909,40.7173063341463
Tribeca-Civic Center,MN0102,2010,1003.9084507042254,357,331.20603015075375,203.10693626178255,1068.4537539621988,-6.04100112135101,-74.00723308720909,40.7173063341463
Tribeca-Civic Center,MN0102,2011,1132.9237224636595,221,327.76517308054713,245.65103784996936,1003.9084507042254,12.851298509234779,-74.00723308720909,40.7173063341463
Tribeca-Civic Center,MN0102,2012,997.7890082122552,394,337.05357142857144,196.03276535039095,1132.9237224636595,-11.92796227777276,-74.00723308720909,40.7173063341463
Tribeca-Civic Center,MN0102,2013,1397.347591570497,343,346.18410700236035,303.64290656502305,997.7890082122552,40.04439616689437,-74.00723308720909,40.7173063341463
Tribeca-Civic Center,MN0102,2014,1350.6895172376812,308,352.1666317379394,283.5370519268222,1397.347591570497,-3.3390456758419034,-74.00723308720909,40.7173063341463
Tribeca-Civic Center,MN0102,2015,1480.0493349778326,209,378.1408590172051,291.4015900911918,1350.6895172376812,9.57731707318699,-74.00723308720909,40.7173063341463
Tribeca-Civic Center,MN0102,2016,1507.359424212126,380,412.8122109158187,265.14409805564327,1480.0493349778326,1.8452147904044318,-74.00723308720909,40.7173063341463
Tribeca-Civic Center,MN0102,2017,1655.387979797723,360,453.2408424405514,265.2336296270231,1507.359424212126,9.820388767793004,-74.00723308720909,40.7173063341463
Tribeca-Civic Center,MN0102,2018,1644.4293362794251,241,468.4992756435464,250.99933378137703,1655.387979797723,-0.6619984953398568,-74.00723308720909,40.7173063341463
Tribeca-Civic Center,MN0102,2019,1609.2939707353066,328,484.8484848484849,231.91688146415697,1644.4293362794251,-2.1366296969387197,-74.00723308720909,40.7173063341463
Tribeca-Civic Center,MN0102,2020,1465.7328150114006,210,510.948905109489,186.8648509379456,1609.2939707353066,-8.9207539663068,-74.00723308720909,40.7173063341463
Tribeca-Civic Center,MN0102,2021,1474.020874422979,404,583.6909871244635,152.5344586327604,1465.7328150114006,0.5654549947095183,-74.00723308720909,40.7173063341463
Tribeca-Civic Center,MN0102,2022,1650.0953164131124,277,614.297462406015,168.61503056681929,1474.020874422979,11.945179681329794,-74.00723308720909,40.7173063341463
Tribeca-Civic Center,MN0102,2023,1498.0670103092782,191,588.8157894736842,154.42031906928526,1650.0953164131124,-9.213304503784975,-74.00723308720909,40.7173063341463
Tribeca-Civic Center,MN0102,2024,1495.008726062444,206,610.3286384976526,144.95142973176968,1498.0670103092782,-0.20414869467038754,-74.00723308720909,40.7173063341463
Tribeca-Civic Center,MN0102,2025,1539.4929412852316,232,643.3739350912779,139.28431932307265,1495.008726062444,2.9755154232410455,-74.00723308720909,40.7173063341463
SoHo-Little Italy-Hudson Square,MN0201,2003,603.5260360557196,82,217.5,177.48323496814695,,,-74.00171890878606,40.72353576847585
SoHo-Little Italy-Hudson Square,MN0201,2004,717.9736974337924,197,242.06349206349208,196.6055274644519,603.5260360557196,18.963168867748166,-74.00171890878606,40.72353576847585
SoHo-Little Italy-Hudson Square,MN0201,2005,873.8185388545717,272,285.59771521827827,205.96131981893643,717.9736974337924,21.706204834216848,-74.00171890878606,40.72353576847585
SoHo-Little Italy-Hudson Square,MN0201,2006,1095.8566906085111,260,319.9301276108415,242.53000765888976,873.8185388545717,25.41009853659021,-74.00171890878606,40.72353576847585
SoHo-Little Italy-Hudson Square,MN0201,2007,1141.0467515810506,270,363.8791017154246,213.57853369480333,1095.8566906085111,4.123719949863711,-74.00171890878606,40.72353576847585
SoHo-Little Italy-Hudson Square,MN0201,2008,1103.6770410310442,150,364.7209496043315,202.60862235316375,1141.0467515810506,-3.2750376352438146,-74.00171890878606,40.72353576847585
SoHo-Little Italy-Hudson Square,MN0201,2009,1145.9298382959282,112,315.0431111065702,263.7374689041502,1103.6770410310442,3.8283660612720474,-74.00171890878606,40.72353576847585
SoHo-Little Italy-Hudson Square,MN0201,2010,1273.5511846202846,162,331.20603015075375,284.5193229243463,1145.9298382959282,11.136924972137702,-74.00171890878606,40.72353576847585
SoHo-Little Italy-Hudson Square,MN0201,2011,1158.7889348725769,139,327.76517308054713,253.54242306512796,1273.5511846202846,-9.011200423948777,-74.00171890878606,40.72353576847585
SoHo-Little Italy-Hudson Square,MN0201,2012,1188.9106170068299,150,337.05357142857144,252.73639497950975,1158.7889348725769,2.5994105766608158,-74.00171890878606,40.72353576847585
SoHo-Little Italy-Hudson Square,MN0201,2013,1062.8674807779284,219,346.18410700236035,207.0237654701698,1188.9106170068299,-10.60156536798572,-74.00171890878606,40.72353576847585
SoHo-Little Italy-Hudson Square,MN0201,2014,1510.201118129674,133,352.1666317379394,328.8314059389568,1062.8674807779284,42.0874328589238,-74.00171890878606,40.72353576847585
SoHo-Little Italy-Hudson Square,MN0201,2015,1448.5069423901139,126,378.1408590172051,283.0601501659486,1510.201118129674,-4.085162896446924,-74.00171890878606,40.72353576847585
SoHo-Little Italy-Hudson Square,MN0201,2016,1739.6233051324207,160,412.8122109158187,321.40790876148947,1448.5069423901139,20.09768501778454,-74.00171890878606,40.72353576847585
SoHo-Little Italy-Hudson Square,MN0201,2017,1594.3312666076174,117,453.2408424405514,251.76248857509685,1739.6233051324207,-8.351925275785128,-74.00171890878606,40.72353576847585
SoHo-Little Italy-Hudson Square,MN0201,2018,1531.3390313390314,117,468.4992756435464,226.86049070951765,1594.3312666076174,-3.951012978790755,-74.00171890878606,40.72353576847585
SoHo-Little Italy-Hudson Square,MN0201,2019,1354.2100625548692,176,484.8484848484849,179.30582540194175,1531.3390313390314,-11.566933589440174,-74.00171890878606,40.72353576847585
SoHo-Little Italy-Hudson Square,MN0201,2020,1275.882126097875,138,510.948905109489,149.70835896486986,1354.2100625548692,-5.784031489857617,-74.00171890878606,40.72353576847585
SoHo-Little Italy-Hudson Square,MN0201,2021,1413.766612890835,375,583.6909871244635,142.21148588497394,1275.882126097875,10.806992587525487,-74.00171890878606,40.72353576847585
SoHo-Little Italy-Hudson Square,MN0201,2022,1590.928365559504,201,614.297462406015,158.98338556182944,1413.766612890835,12.531188037211683,-74.00171890878606,40.72353576847585
SoHo-Little Italy-Hudson Square,MN0201,2023,1544.6124773739446,143,588.8157894736842,162.32524755401073,1590.928365559504,-2.911249129012227,-74.00171890878606,40.72353576847585
SoHo-Little Italy-Hudson Square,MN0201,2024,1517.3410404624278,129,610.3286384976526,148.6104935526901,1544.6124773739446,-1.7655843980932975,-74.00171890878606,40.72353576847585
SoHo-Little Italy-Hudson Square,MN0201,2025,1666.5181496304895,138,643.3739350912779,159.02792431186293,1517.3410404624278,9.831481861361775,-74.00171890878606,40.72353576847585
Greenwich Village,MN0202,2003,655.9389641839437,68,217.5,201.58113295813502,,,-73.99568307675531,40.7306815658257
Greenwich Village,MN0202,2004,735.0413188907069,115,242.06349206349208,203.65641370566908,655.9389641839437,12.059407814746113,-73.99568307675531,40.7306815658257
Greenwich Village,MN0202,2005,818.0956161421534,72,285.59771521827827,186.4503364520597,735.0413188907069,11.29926918622596,-73.99568307675531,40.7306815658257
Greenwich Village,MN0202,2006,973.5841171589676,36,319.9301276108415,204.311483394656,818.0956161421534,19.006152575421737,-73.99568307675531,40.7306815658257
Greenwich Village,MN0202,2007,1181.7527821939586,261,363.8791017154246,224.7652246646911,973.5841171589676,21.38168252399716,-73.99568307675531,40.7306815658257
Greenwich Village,MN0202,2008,1420.6196142798522,99,364.7209496043315,289.50864100924696,1181.7527821939586,20.212927414685687,-73.99568307675531,40.7306815658257
Greenwich Village,MN0202,2009,1159.1148577449949,53,315.0431111065702,267.9226165821156,1420.6196142798522,-18.407795718590062,-73.99568307675531,40.7306815658257
Greenwich Village,MN0202,2010,1228.4866468842731,115,331.20603015075375,270.9131280988778,1159.1148577449949,5.9848934448340945,-73.99568307675531,40.7306815658257
Greenwich Village,MN0202,2011,1376.470588235294,73,327.76517308054713,319.9563288858121,1228.4866468842731,12.046035805626572,-73.99568307675531,40.7306815658257
Greenwich Village,MN0202,2012,1340.7455853499018,91,337.05357142857144,297.7841206865934,1376.470588235294,-2.5954061925284853,-73.99568307675531,40.7306815658257
Greenwich Village,MN0202,2013,1530.6382932499077,74,346.18410700236035,342.1457433455983,1340.7455853499018,14.163217091663856,-73.99568307675531,40.7306815658257
Greenwich Village,MN0202,2014,1506.1700944969427,48,352.1666317379394,327.6867706244643,1530.6382932499077,-1.5985617804591328,-73.99568307675531,40.7306815658257
Greenwich Village,MN0202,2015,1349.2230515449091,98,378.1408590172051,256.8043546131365,1506.1700944969427,-10.420273482089918,-73.99568307675531,40.7306815658257
Greenwich Village,MN0202,2016,1348.0598375772188,149,412.8122109158187,226.5552233996579,1349.2230515449091,-0.08621361504003593,-73.99568307675531,40.7306815658257
Greenwich Village,MN0202,2017,1773.6099139200378,54,453.2408424405514,291.31731914752817,1348.0598375772188,31.567595479117067,-73.99568307675531,40.7306815658257
Greenwich Village,MN0202,2018,1689.717896349247,59,468.4992756435464,260.6660637902147,1773.6099139200378,-4.730015146643629,-73.99568307675531,40.7306815658257
Greenwich Village,MN0202,2019,1832.1889182257828,88,484.8484848484849,277.88896438406766,1689.717896349247,8.431645435273802,-73.99568307675531,40.7306815658257
Greenwich Village,MN0202,2020,2392.225403043544,111,510.948905109489,368.1926860242365,1832.1889182257828,30.56652505900306,-73.99568307675531,40.7306815658257
Greenwich Village,MN0202,2021,1545.4435461411308,92,583.6909871244635,164.77084283153198,2392.225403043544,-35.39724374739447,-73.99568307675531,40.7306815658257
Greenwich Village,MN0202,2022,1883.4028743625408,53,614.297462406015,206.59460434458393,1545.4435461411308,21.868112171762718,-73.99568307675531,40.7306815658257
Greenwich Village,MN0202,2023,1741.2935323383083,57,588.8157894736842,195.72806359265127,1883.4028743625408,-7.545350172215866,-73.99568307675531,40.7306815658257
Greenwich Village,MN0202,2024,1696.8184653774174,51,610.3286384976526,178.01717932722298,1741.2935323383083,-2.55413955975402,-73.99568307675531,40.7306815658257
Greenwich Village,MN0202,2025,1514.6033020364825,48,643.3739350912779,135.41570763534276,1696.8184653774174,-10.738636280717593,-73.99568307675531,40.7306815658257
West Village,MN0203,2003,675.1592356687898,119,217.5,210.41803938794934,,,-74.00589267481946,40.73480960634813
West Village,MN0203,2004,816.2423387096775,255,242.06349206349208,237.2017530407192,675.1592356687898,20.896270922093734,-74.00589267481946,40.73480960634813
West Village,MN0203,2005,1027.4541834528518,132,285.59771521827827,259.7557433775628,816.2423387096775,25.87611971673262,-74.00589267481946,40.73480960634813
West Village,MN0203,2006,1003.8164250331367,132,319.9301276108415,213.76114294998968,1027.4541834528518,-2.3006143534574215,-74.00589267481946,40.73480960634813
West Village,MN0203,2007,1281.416607568076,142,363.8791017154246,252.15449349169302,1003.8164250331367,27.654477015135054,-74.00589267481946,40.73480960634813
West Village,MN0203,2008,1257.2903963414635,107,364.7209496043315,244.72667328417478,1281.416607568076,-1.8827765368516751,-74.00589267481946,40.73480960634813
West Village,MN0203,2009,1238.2147224774178,122,315.0431111065702,293.03024850416887,1257.2903963414635,-1.5172050879854975,-74.00589267481946,40.73480960634813
West Village,MN0203,2010,1165.6159789437936,154,331.20603015075375,251.93078411442107,1238.2147224774178,-5.863178834472971,-74.00589267481946,40.73480960634813
West Village,MN0203,2011,1223.515489198764,108,327.76517308054713,273.2902668393293,1165.6159789437936,4.967288652600255,-74.00589267481946,40.73480960634813
West Village,MN0203,2012,1166.9145,237,337.05357142857144,246.2103947019868,1223.515489198764,-4.626095026866386,-74.00589267481946,40.73480960634813
West Village,MN0203,2013,1450.676982591876,113,346.18410700236035,319.0478283805169,1166.9145,24.317332811604945,-74.00589267481946,40.73480960634813
West Village,MN0203,2014,1703.7302725968436,121,352.1666317379394,383.78526500053374,1450.676982591876,17.443806791009113,-74.00589267481946,40.73480960634813
West Village,MN0203,2015,1727.0668176670442,122,378.1408590172051,356.72578788648286,1703.7302725968436,1.369732371699353,-74.00589267481946,40.73480960634813
West Village,MN0203,2016,1648.9809319699166,109,412.8122109158187,299.4506190385389,1727.0668176670442,-4.521300791512375,-74.00589267481946,40.73480960634813
West Village,MN0203,2017,1637.0333318175617,97,453.2408424405514,261.18398399461995,1648.9809319699166,-0.7245444699037217,-74.00589267481946,40.73480960634813
West Village,MN0203,2018,1674.2043891896892,136,468.4992756435464,257.354744442229,1637.0333318175617,2.2706353407512667,-74.00589267481946,40.73480960634813
West Village,MN0203,2019,1563.1105900742475,99,484.8484848484849,222.39155920281357,1674.2043891896892,-6.635617480922436,-74.00589267481946,40.73480960634813
West Village,MN0203,2020,1823.229161618283,62,510.948905109489,256.8319930595782,1563.1105900742475,16.641085614529665,-74.00589267481946,40.73480960634813
West Village,MN0203,2021,1570.631970260223,189,583.6909871244635,169.08621255193526,1823.229161618283,-13.85438521254546,-74.00589267481946,40.73480960634813
West Village,MN0203,2022,1815.628815628816,117,614.297462406015,195.56182903923354,1570.631970260223,15.598615716958946,-74.00589267481946,40.73480960634813
West Village,MN0203,2023,1665.982596062706,89,588.8157894736842,182.93782637042608,1815.628815628816,-8.242115253842906,-74.00589267481946,40.73480960634813
West Village,MN0203,2024,1775.3623188405795,75,610.3286384976526,190.886287625418,1665.982596062706,6.565478117020887,-74.00589267481946,40.73480960634813
West Village,MN0203,2025,1858.6601307189544,83,643.3739350912779,188.89266868656395,1775.3623188405795,4.6918767507003,-74.00589267481946,40.73480960634813
Chinatown-Two Bridges,MN0301,2003,570.1672131147541,73,217.5,162.14584511023176,,,-73.99366352071249,40.71285842591674
Chinatown-Two Bridges,MN0301,2004,486.09278350515467,78,242.06349206349208,100.81210072671962,570.1672131147541,-14.745574223798494,-73.99366352071249,40.71285842591674
Chinatown-Two Bridges,MN0301,2005,555.3324856677598,58,285.59771521827827,94.44570319595417,486.09278350515467,14.244132912923787,-73.99366352071249,40.71285842591674
Chinatown-Two Bridges,MN0301,2006,740.935960591133,69,319.9301276108415,131.59305631021942,555.3324856677598,33.42204529961799,-73.99366352071249,40.71285842591674
Chinatown-Two Bridges,MN0301,2007,669.3821135700276,46,363.8791017154246,83.95728427776675,740.935960591133,-9.6572242173289,-73.99366352071249,40.71285842591674
Chinatown-Two Bridges,MN0301,2008,766.1589805825242,44,364.7209496043315,110.06717091894333,669.3821135700276,14.457641614645903,-73.99366352071249,40.71285842591674
Chinatown-Two Bridges,MN0301,2009,762.7877507919746,32,315.0431111065702,142.12170458599397,766.1589805825242,-0.44001700377986647,-73.99366352071249,40.71285842591674
Chinatown-Two Bridges,MN0301,2010,791.2088290131265,38,331.20603015075375,138.88720523989105,762.7877507919746,3.725948429513103,-73.99366352071249,40.71285842591674
Chinatown-Two Bridges,MN0301,2011,713.8517618469016,43,327.76517308054713,117.79365853231607,791.2088290131265,-9.777073299689071,-73.99366352071249,40.71285842591674
Chinatown-Two Bridges,MN0301,2012,577.8303125820856,56,337.05357142857144,71.43574836872475,713.8517618469016,-19.054579190628683,-73.99366352071249,40.71285842591674
Chinatown-Two Bridges,MN0301,2013,591.5060547905696,70,346.18410700236035,70.86458991791226,577.8303125820856,2.36674018491219,-73.99366352071249,40.71285842591674
Chinatown-Two Bridges,MN0301,2014,794.3956111495986,54,352.1666317379394,125.57378796204029,591.5060547905696,34.30050372533629,-73.99366352071249,40.71285842591674
Chinatown-Two Bridges,MN0301,2015,760.8508671634552,40,378.1408590172051,101.20831933923253,794.3956111495986,-4.22267488834683,-73.99366352071249,40.71285842591674
Chinatown-Two Bridges,MN0301,2016,714.8594377510041,33,412.8122109158187,73.16819097116759,760.8508671634552,-6.044736412526251,-73.99366352071249,40.71285842591674
Chinatown-Two Bridges,MN0301,2017,915.7945046439628,57,453.2408424405514,102.05471768888117,714.8594377510041,28.10833239120602,-73.99366352071249,40.71285842591674
Chinatown-Two Bridges,MN0301,2018,970.0622406002112,52,468.4992756435464,107.05736188550152,915.7945046439628,5.92575470600212,-73.99366352071249,40.71285842591674
Chinatown-Two Bridges,MN0301,2019,1045.2936925287356,491,484.8484848484849,115.59182408405171,970.0622406002112,7.755322161800265,-73.99366352071249,40.71285842591674
Chinatown-Two Bridges,MN0301,2020,1048.0038869100624,90,510.948905109489,105.10933215239795,1045.2936925287356,0.25927587631093413,-73.99366352071249,40.71285842591674
Chinatown-Two Bridges,MN0301,2021,961.7908273381296,197,583.6909871244635,64.77739909542956,1048.0038869100624,-8.226406471270222,-73.99366352071249,40.71285842591674
Chinatown-Two Bridges,MN0301,2022,1026.244073275862,208,614.297462406015,67.05979367982057,961.7908273381296,6.701378730769821,-73.99366352071249,40.71285842591674
Chinatown-Two Bridges,MN0301,2023,981.1046511627908,165,588.8157894736842,66.6233597505522,1026.244073275862,-4.3985074592423485,-73.99366352071249,40.71285842591674
Chinatown-Two Bridges,MN0301,2024,985.5754674977738,92,610.3286384976526,61.48274967463525,981.1046511627908,0.4556920945879025,-73.99366352071249,40.71285842591674
Chinatown-Two Bridges,MN0301,2025,955.4597701149426,80,643.3739350912779,48.50769016301351,985.5754674977738,-3.0556460033740955,-73.99366352071249,40.71285842591674
Lower East Side,MN0302,2003,256.59585345072423,29,217.5,17.97510503481574,,,-73.98383615671048,40.716956463457564
Lower East Side,MN0302,2004,402.7885360185903,27,242.06349206349208,66.39788701095861,256.59585345072423,56.973906866324484,-73.98383615671048,40.716956463457564
Lower East Side,MN0302,2005,731.4077703427365,50,285.59771521827827,156.09720644429242,402.7885360185903,81.58604452162935,-73.98383615671048,40.716956463457564
Lower East Side,MN0302,2006,902.8767123287672,145,319.9301276108415,182.2105936290607,731.4077703427365,23.44368612677995,-73.98383615671048,40.716956463457564
Lower East Side,MN0302,2007,767.0488594143263,83,363.8791017154246,110.79772259474379,902.8767123287672,-15.043898137997546,-73.98383615671048,40.716956463457564
Lower East Side,MN0302,2008,735.7449417535255,39,364.7209496043315,101.72818220387406,767.0488594143263,-4.081085223789092,-73.98383615671048,40.716956463457564
Lower East Side,MN0302,2009,579.7396153059136,15,315.0431111065702,84.01913733952557,735.7449417535255,-21.20372395300458,-73.98383615671048,40.716956463457564
Lower East Side,MN0302,2010,839.7478433974784,42,331.20603015075375,153.54243792459144,579.7396153059136,44.849139376884764,-73.98383615671048,40.716956463457564
Lower East Side,MN0302,2011,816.7743583192778,40,327.76517308054713,149.19498024842267,839.7478433974784,-2.735759937799156,-73.98383615671048,40.716956463457564
Lower East Side,MN0302,2012,728.3439788231949,68,337.05357142857144,116.09145861774259,816.7743583192778,-10.82678203537768,-73.98383615671048,40.716956463457564
Lower East Side,MN0302,2013,742.7626147058035,64,346.18410700236035,114.55710983888095,728.3439788231949,1.979646472248612,-73.98383615671048,40.716956463457564
Lower East Side,MN0302,2014,933.4453743095984,48,352.1666317379394,165.05787039023352,742.7626147058035,25.67209978376757,-73.98383615671048,40.716956463457564
Lower East Side,MN0302,2015,1024.8138731514202,54,378.1408590172051,171.01378989166363,933.4453743095984,9.788306992190142,-73.98383615671048,40.716956463457564
Lower East Side,MN0302,2016,1154.9398497645648,36,412.8122109158187,179.77366444716964,1024.8138731514202,12.69752293779867,-73.98383615671048,40.716956463457564
Lower East Side,MN0302,2017,1663.9344262295083,49,453.2408424405514,267.1192598773257,1154.9398497645648,44.071089638884864,-73.98383615671048,40.716956463457564
Lower East Side,MN0302,2018,1728.64493935246,154,468.4992756435464,268.97494387327174,1663.9344262295083,3.8890062073892104,-73.98383615671048,40.716956463457564
Lower East Side,MN0302,2019,1866.590639009558,110,484.8484848484849,284.98431929572126,1728.64493935246,7.9799903679914514,-73.98383615671048,40.716956463457564
Lower East Side,MN0302,2020,1606.631926121372,41,510.948905109489,214.44081982661146,1866.590639009558,-13.926926850234498,-73.98383615671048,40.716956463457564
Lower East Side,MN0302,2021,1405.4468397533365,98,583.6909871244635,140.7861129871525,1606.631926121372,-12.522164105983116,-73.98383615671048,40.716956463457564
Lower East Side,MN0302,2022,1857.3112210980498,178,614.297462406015,202.34720713700014,1405.4468397533365,32.15094079431834,-73.98383615671048,40.716956463457564
Lower East Side,MN0302,2023,1768.748305711006,102,588.8157894736842,200.39077370734404,1857.3112210980498,-4.7683400811354115,-73.98383615671048,40.716956463457564
Lower East Side,MN0302,2024,1384.734623015873,58,610.3286384976526,126.88344207875457,1768.748305711006,-21.711041726808393,-73.98383615671048,40.716956463457564
Lower East Side,MN0302,2025,1032.8638497652582,65,643.3739350912779,60.53865309584262,1384.734623015873,-25.410700895472687,-73.98383615671048,40.716956463457564
East Village,MN0303,2003,543.7496532208844,67,217.5,149.99984056132615,,,-73.98209065779662,40.72595986292595
East Village,MN0303,2004,542.6814597283153,80,242.06349206349208,124.18971778940238,543.7496532208844,-0.1964495032303345,-73.98209065779662,40.72595986292595
East Village,MN0303,2005,618.1487377757562,129,285.59771521827827,116.44036518405404,542.6814597283153,13.906367482173131,-73.98209065779662,40.72595986292595
East Village,MN0303,2006,527.255029201817,119,319.9301276108415,64.80318160069082,618.1487377757562,-14.704180890346233,-73.98209065779662,40.72595986292595
East Village,MN0303,2007,883.5697399527187,207,363.8791017154246,142.81958919523865,527.255029201817,67.57919621749409,-73.98209065779662,40.72595986292595
East Village,MN0303,2008,1190.7571214392804,173,364.7209496043315,226.48443220250343,883.5697399527187,34.76662538296069,-73.98209065779662,40.72595986292595
East Village,MN0303,2009,936.5629860031104,58,315.0431111065702,197.28089679964387,1190.7571214392804,-21.34726980502312,-73.98209065779662,40.72595986292595
East Village,MN0303,2010,782.9418073343079,134,331.20603015075375,136.39116926039642,936.5629860031104,-16.40265320802378,-73.98209065779662,40.72595986292595
East Village,MN0303,2011,777.936507936508,145,327.76517308054713,137.34568887382457,782.9418073343079,-0.6392939233685262,-73.98209065779662,40.72595986292595
East Village,MN0303,2012,673.5950731331793,131,337.05357142857144,99.84807467792339,777.936507936508,-13.412590068577238,-73.98209065779662,40.72595986292595
East Village,MN0303,2013,923.1728371379244,149,346.18410700236035,166.6710627277959,673.5950731331793,37.05160176481873,-73.98209065779662,40.72595986292595
East Village,MN0303,2014,1155.8365109744875,202,352.1666317379394,228.20727655838488,923.1728371379244,25.202612606961118,-73.98209065779662,40.72595986292595
East Village,MN0303,2015,1042.073726716165,145,378.1408590172051,175.57818782781987,1155.8365109744875,-9.842463287684938,-73.98209065779662,40.72595986292595
East Village,MN0303,2016,1218.169273234666,156,412.8122109158187,195.09041666480087,1042.073726716165,16.898568882781646,-73.98209065779662,40.72595986292595
East Village,MN0303,2017,1445.7364341085272,125,453.2408424405514,218.977527780532,1218.169273234666,18.681078719839213,-73.98209065779662,40.72595986292595
East Village,MN0303,2018,1645.435244161359,167,468.4992756435464,251.21404230585705,1445.7364341085272,13.812947183278975,-73.98209065779662,40.72595986292595
East Village,MN0303,2019,1080.5937655904586,104,484.8484848484849,122.87246415303208,1645.435244161359,-34.32778534282504,-73.98209065779662,40.72595986292595
East Village,MN0303,2020,1281.8590704647677,83,510.948905109489,150.87813236239026,1080.5937655904586,18.625436429788543,-73.98209065779662,40.72595986292595
East Village,MN0303,2021,1269.2307692307693,199,583.6909871244635,117.44909502262443,1281.8590704647677,-0.9851551956815126,-73.98209065779662,40.72595986292595
East Village,MN0303,2022,1192.5976696367377,173,614.297462406015,94.14009378545988,1269.2307692307693,-6.037759361954004,-73.98209065779662,40.72595986292595
East Village,MN0303,2023,1216.946314885496,99,588.8157894736842,106.67691604759261,1192.5976696367377,2.041647897582656,-73.98209065779662,40.72595986292595
East Village,MN0303,2024,1041.1061955252255,110,610.3286384976526,70.58124588221003,1216.946314885496,-14.449291411578447,-73.98209065779662,40.72595986292595
East Village,MN0303,2025,1218.051537237162,83,643.3739350912779,89.32248740607628,1041.1061955252255,16.99589748600714,-73.98209065779662,40.72595986292595
Chelsea-Hudson Yards,MN0401,2003,609.5021634326936,209,217.5,180.23087973916947,,,-74.0011492365887,40.74938310357335
Chelsea-Hudson Yards,MN0401,2004,757.0058117000349,166,242.06349206349208,212.7302697514898,609.5021634326936,24.200676735355003,-74.0011492365887,40.74938310357335
Chelsea-Hudson Yards,MN0401,2005,864.0106249795463,282,285.59771521827827,202.52714883212394,757.0058117000349,14.135269719951934,-74.0011492365887,40.74938310357335
Chelsea-Hudson Yards,MN0401,2006,880.1567059411544,636,319.9301276108415,175.10904100027886,864.0106249795463,1.8687363899015004,-74.0011492365887,40.74938310357335
Chelsea-Hudson Yards,MN0401,2007,1166.406349712827,327,363.8791017154246,220.54777100802755,880.1567059411544,32.522577154665306,-74.0011492365887,40.74938310357335
Chelsea-Hudson Yards,MN0401,2008,1221.4202467448483,746,364.7209496043315,234.89171600093422,1166.406349712827,4.716529282060742,-74.0011492365887,40.74938310357335
Chelsea-Hudson Yards,MN0401,2009,1109.8648791294881,374,315.0431111065702,252.28984224767004,1221.4202467448483,-9.133250239846715,-74.0011492365887,40.74938310357335
Chelsea-Hudson Yards,MN0401,2010,1042.3827397940192,315,331.20603015075375,214.72335794114676,1109.8648791294881,-6.080212159555663,-74.0011492365887,40.74938310357335
Chelsea-Hudson Yards,MN0401,2011,1116.5561797752807,316,327.76517308054713,240.6573582181323,1042.3827397940192,7.115758650792565,-74.0011492365887,40.74938310357335
Chelsea-Hudson Yards,MN0401,2012,1180.1015228426395,406,337.05357142857144,250.12283591622682,1116.5561797752807,5.691190843630276,-74.0011492365887,40.74938310357335
Chelsea-Hudson Yards,MN0401,2013,1430.0202839756591,341,346.18410700236035,313.0808593029688,1180.1015228426395,21.177733974193423,-74.0011492365887,40.74938310357335
Chelsea-Hudson Yards,MN0401,2014,1433.3019429024584,357,352.1666317379394,306.99538619804076,1430.0202839756591,0.22948338310809357,-74.0011492365887,40.74938310357335
Chelsea-Hudson Yards,MN0401,2015,1617.9775280898875,299,378.1408590172051,327.8769377884845,1433.3019429024584,12.884625329779306,-74.0011492365887,40.74938310357335
Chelsea-Hudson Yards,MN0401,2016,1607.4403109383677,295,412.8122109158187,289.38778176456594,1617.9775280898875,-0.6512585600592116,-74.0011492365887,40.74938310357335
Chelsea-Hudson Yards,MN0401,2017,1593.3166248955722,230,453.2408424405514,251.53862487680755,1607.4403109383677,-0.8786445099507665,-74.0011492365887,40.74938310357335
Chelsea-Hudson Yards,MN0401,2018,1605.839416058394,227,468.4992756435464,242.7624117139901,1593.3166248955722,0.7859574780776835,-74.0011492365887,40.74938310357335
Chelsea-Hudson Yards,MN0401,2019,1642.4510423247,295,484.8484848484849,238.7555274794694,1605.839416058394,2.279905817492697,-74.0011492365887,40.74938310357335
Chelsea-Hudson Yards,MN0401,2020,1575.2032520325204,159,510.948905109489,208.2897793263647,1642.4510423247,-4.0943558474046275,-74.0011492365887,40.74938310357335
Chelsea-Hudson Yards,MN0401,2021,1441.854749518699,466,583.6909871244635,147.02364458665946,1575.2032520325204,-8.465479127329047,-74.0011492365887,40.74938310357335
Chelsea-Hudson Yards,MN0401,2022,1637.7649325626203,433,614.297462406015,166.60779716523598,1441.854749518699,13.58737300753196,-74.0011492365887,40.74938310357335
Chelsea-Hudson Yards,MN0401,2023,1885.5368234250225,331,588.8157894736842,220.22524822413794,1637.7649325626203,15.128660159716087,-74.0011492365887,40.74938310357335
Chelsea-Hudson Yards,MN0401,2024,1572.8476821192053,313,610.3286384976526,157.7050433010698,1885.5368234250225,-16.583560576548514,-74.0011492365887,40.74938310357335
Chelsea-Hudson Yards,MN0401,2025,1578.5554728220402,335,643.3739350912779,145.35583223434202,1572.8476821192053,0.36289532468550484,-74.0011492365887,40.74938310357335
Hell's Kitchen,MN0402,2003,604.880694143167,345,217.5,178.10606627272048,,,-73.99239988080043,40.76416895272228
Hell's Kitchen,MN0402,2004,738.3966244725739,171,242.06349206349208,205.04253994604687,604.880694143167,22.073101625195108,-73.99239988080043,40.76416895272228
Hell's Kitchen,MN0402,2005,969.4454370533259,208,285.59771521827827,239.44439517395736,738.3966244725739,31.29061061807899,-73.99239988080043,40.76416895272228
Hell's Kitchen,MN0402,2006,994.6915167095116,859,319.9301276108415,210.9089863269896,969.4454370533259,2.6041774700515665,-73.99239988080043,40.76416895272228
Hell's Kitchen,MN0402,2007,1070.3338103116757,790,363.8791017154246,194.14544700858946,994.6915167095116,7.604598242919834,-73.99239988080043,40.76416895272228
Hell's Kitchen,MN0402,2008,1215.1954732510287,551,364.7209496043315,233.18499377930902,1070.3338103116757,13.53425086115611,-73.99239988080043,40.76416895272228
Hell's Kitchen,MN0402,2009,982.8417056074766,226,315.0431111065702,211.97054338223853,1215.1954732510287,-19.120690683773944,-73.99239988080043,40.76416895272228
Hell's Kitchen,MN0402,2010,1020.8327674715484,341,331.20603015075375,208.2168422497924,982.8417056074766,3.8654303788004483,-73.99239988080043,40.76416895272228
Hell's Kitchen,MN0402,2011,1058.1196581196582,373,327.76517308054713,222.82858125980002,1020.8327674715484,3.6525953942940004,-73.99239988080043,40.76416895272228
Hell's Kitchen,MN0402,2012,1148.2365585909633,404,337.05357142857144,240.66885976738513,1058.1196581196582,8.516702225478758,-73.99239988080043,40.76416895272228
Hell's Kitchen,MN0402,2013,1210.6253714434292,356,346.18410700236035,249.70564706922693,1148.2365585909633,5.433445955511566,-73.99239988080043,40.76416895272228
Hell's Kitchen,MN0402,2014,1359.090909090909,257,352.1666317379394,285.9226816532295,1210.6253714434292,12.263540906173496,-73.99239988080043,40.76416895272228
Hell's Kitchen,MN0402,2015,1530.863357771261,415,378.1408590172051,304.839445742521,1359.090909090909,12.638775488186434,-73.99239988080043,40.76416895272228
Hell's Kitchen,MN0402,2016,1546.07922392886,373,412.8122109158187,274.5236170458482,1530.863357771261,0.9939401893942644,-73.99239988080043,40.76416895272228
Hell's Kitchen,MN0402,2017,1577.8212826255203,410,453.2408424405514,248.11983715533597,1546.07922392886,2.053068057922548,-73.99239988080043,40.76416895272228
Hell's Kitchen,MN0402,2018,1515.3014084507042,256,468.4992756435464,223.43730016855096,1577.8212826255203,-3.9624179787194915,-73.99239988080043,40.76416895272228
Hell's Kitchen,MN0402,2019,1397.1188672438673,203,484.8484848484849,188.1557663690476,1515.3014084507042,-7.799276140558123,-73.99239988080043,40.76416895272228
Hell's Kitchen,MN0402,2020,1236.111111111111,145,510.948905109489,141.9246031746032,1397.1188672438673,-11.524270404448862,-73.99239988080043,40.76416895272228
Hell's Kitchen,MN0402,2021,1203.284108436459,364,583.6909871244635,106.15088034242277,1236.111111111111,-2.65566763210668,-73.99239988080043,40.76416895272228
Hell's Kitchen,MN0402,2022,1386.5138494497355,354,614.297462406015,125.70724027072902,1203.284108436459,15.227471195590226,-73.99239988080043,40.76416895272228
Hell's Kitchen,MN0402,2023,1394.2538700992764,206,588.8157894736842,136.78948408389945,1386.5138494497355,0.5582360863263366,-73.99239988080043,40.76416895272228
Hell's Kitchen,MN0402,2024,1263.4877315341269,278,610.3286384976526,107.01760524366848,1394.2538700992764,-9.378933160561242,-73.99239988080043,40.76416895272228
Hell's Kitchen,MN0402,2025,1396.3701742878561,254,643.3739350912779,117.0386610532719,1263.4877315341269,10.517113814186656,-73.99239988080043,40.76416895272228
Midtown South-Flatiron-Union Square,MN0501,2003,576.0522300469484,71,217.5,164.85160002158545,,,-73.98975146553566,40.74404182187578
Midtown South-Flatiron-Union Square,MN0501,2004,720.7117205066879,108,242.06349206349208,197.73664519292683,576.0522300469484,25.112217766772606,-73.98975146553566,40.74404182187578
Midtown South-Flatiron-Union Square,MN0501,2005,990.615344785575,114,285.59771521827827,246.85688715277774,720.7117205066879,37.44959553164121,-73.98975146553566,40.74404182187578
Midtown South-Flatiron-Union Square,MN0501,2006,1156.8990781890889,294,319.9301276108415,261.60991989986155,990.615344785575,16.785903254860955,-73.98975146553566,40.74404182187578
Midtown South-Flatiron-Union Square,MN0501,2007,1235.376044568245,583,363.8791017154246,239.50178472584653,1156.8990781890889,6.783389135549955,-73.98975146553566,40.74404182187578
Midtown South-Flatiron-Union Square,MN0501,2008,1295.6419316843346,409,364.7209496043315,255.24198242242875,1235.376044568245,4.87834351176463,-73.98975146553566,40.74404182187578
Midtown South-Flatiron-Union Square,MN0501,2009,1160.2152349768876,178,315.0431111065702,268.2718948850208,1295.6419316843346,-10.45247868223841,-73.98975146553566,40.74404182187578
Midtown South-Flatiron-Union Square,MN0501,2010,1225.8483185106309,232,331.20603015075375,270.1165458710598,1160.2152349768876,5.65697480563171,-73.98975146553566,40.74404182187578
Midtown South-Flatiron-Union Square,MN0501,2011,1254.7932818532818,189,327.76517308054713,282.8330112256682,1225.8483185106309,2.3612189946810203,-73.98975146553566,40.74404182187578
Midtown South-Flatiron-Union Square,MN0501,2012,1308.7334014300309,222,337.05357142857144,288.28646611963825,1254.7932818532818,4.298725563551122,-73.98975146553566,40.74404182187578
Midtown South-Flatiron-Union Square,MN0501,2013,1432.258064516129,273,346.18410700236035,313.72727272727275,1308.7334014300309,9.438489378442151,-73.98975146553566,40.74404182187578
Midtown South-Flatiron-Union Square,MN0501,2014,1707.3170731707316,234,352.1666317379394,384.8037602952717,1432.258064516129,19.204570424082615,-73.98975146553566,40.74404182187578
Midtown South-Flatiron-Union Square,MN0501,2015,1386.200516991643,323,378.1408590172051,266.5831088960879,1707.3170731707316,-18.808255433346616,-73.98975146553566,40.74404182187578
Midtown South-Flatiron-Union Square,MN0501,2016,1588.518806414217,226,412.8122109158187,284.80421954818337,1386.200516991643,14.595167650178672,-73.98975146553566,40.74404182187578
Midtown South-Flatiron-Union Square,MN0501,2017,1692.6541535383978,252,453.2408424405514,273.4557866462381,1588.518806414217,6.555499796646849,-73.98975146553566,40.74404182187578
Midtown South-Flatiron-Union Square,MN0501,2018,1735.802123112497,194,468.4992756435464,270.50262686706196,1692.6541535383978,2.5491308714128453,-73.98975146553566,40.74404182187578
Midtown South-Flatiron-Union Square,MN0501,2019,1805.555555555556,169,484.8484848484849,272.39583333333337,1735.802123112497,4.018512911943159,-73.98975146553566,40.74404182187578
Midtown South-Flatiron-Union Square,MN0501,2020,1343.75,105,510.948905109489,162.99107142857144,1805.555555555556,-25.576923076923098,-73.98975146553566,40.74404182187578
Midtown South-Flatiron-Union Square,MN0501,2021,1476.063829787234,291,583.6909871244635,152.88446495619525,1343.75,9.846610588817414,-73.98975146553566,40.74404182187578
Midtown South-Flatiron-Union Square,MN0501,2022,1645.3995970449969,291,614.297462406015,167.85062575392556,1476.063829787234,11.472116844850243,-73.98975146553566,40.74404182187578
Midtown South-Flatiron-Union Square,MN0501,2023,1592.2401171303077,187,588.8157894736842,170.41396402659976,1645.3995970449969,-3.2307945139988656,-73.98975146553566,40.74404182187578
Midtown South-Flatiron-Union Square,MN0501,2024,1615.8156911581568,177,610.3286384976526,164.74518632052877,1592.2401171303077,1.4806544423927321,-73.98975146553566,40.74404182187578
Midtown South-Flatiron-Union Square,MN0501,2025,1501.2782627820834,166,643.3739350912779,133.34458872181253,1615.8156911581568,-7.088520615490325,-73.98975146553566,40.74404182187578
Midtown-Times Square,MN0502,2003,664.5799056029384,180,217.5,205.55397958755788,,,-73.98160920672846,40.757801293944325
Midtown-Times Square,MN0502,2004,785.5005185303766,200,242.06349206349208,224.50185355681128,664.5799056029384,18.19504500632369,-73.98160920672846,40.757801293944325
Midtown-Times Square,MN0502,2005,1151.8857099143206,146,285.59771521827827,303.3245535714285,785.5005185303766,46.64353272094949,-73.98160920672846,40.757801293944325
Midtown-Times Square,MN0502,2006,1187.9151353842735,560,319.9301276108415,271.30455460863527,1151.8857099143206,3.1278646101645666,-73.98160920672846,40.757801293944325
Midtown-Times Square,MN0502,2007,1020.7964200901091,566,363.8791017154246,180.53175224347825,1187.9151353842735,-14.068236889675113,-73.98160920672846,40.757801293944325
Midtown-Times Square,MN0502,2008,1109.444451414427,416,364.7209496043315,204.18994374137563,1020.7964200901091,8.68420280279712,-73.98160920672846,40.757801293944325
Midtown-Times Square,MN0502,2009,957.5795415921618,174,315.0431111065702,203.95190621014393,1109.444451414427,-13.688374359676425,-73.98160920672846,40.757801293944325
Midtown-Times Square,MN0502,2010,1041.002277904328,205,331.20603015075375,214.3065594036736,957.5795415921618,8.711833606371707,-73.98160920672846,40.757801293944325
Midtown-Times Square,MN0502,2011,1238.8392857142858,243,327.76517308054713,277.9655031896404,1041.002277904328,19.004474054392016,-73.98160920672846,40.757801293944325
Midtown-Times Square,MN0502,2012,1004.4313146233384,335,337.05357142857144,198.0034628816262,1238.8392857142858,-18.92158036914314,-73.98160920672846,40.757801293944325
Midtown-Times Square,MN0502,2013,1420.4782947723263,303,346.18410700236035,310.32452560355154,1004.4313146233384,41.421147876597765,-73.98160920672846,40.757801293944325
Midtown-Times Square,MN0502,2014,1367.4974613778704,189,352.1666317379394,288.30977671827736,1420.4782947723263,-3.7297883107004908,-73.98160920672846,40.757801293944325
Midtown-Times Square,MN0502,2015,1420.1894443755787,228,378.1408590172051,275.5715391525467,1367.4974613778704,3.8531686153637583,-73.98160920672846,40.757801293944325
Midtown-Times Square,MN0502,2016,1710.7121964886069,209,412.8122109158187,314.40445588889276,1420.1894443755787,20.456619591392876,-73.98160920672846,40.757801293944325
Midtown-Times Square,MN0502,2017,1505.5359824394873,136,453.2408424405514,232.17129646407767,1710.7121964886069,-11.993613798408788,-73.98160920672846,40.757801293944325
Midtown-Times Square,MN0502,2018,1512.7388535031846,161,468.4992756435464,222.890329216675,1505.5359824394873,0.47842570006372054,-73.98160920672846,40.757801293944325
Midtown-Times Square,MN0502,2019,1359.6102745792737,131,484.8484848484849,180.41961913197517,1512.7388535031846,-10.122605006759587,-73.98160920672846,40.757801293944325
Midtown-Times Square,MN0502,2020,1081.640331075997,138,510.948905109489,111.69246479630229,1359.6102745792737,-20.444825160599308,-73.98160920672846,40.757801293944325
Midtown-Times Square,MN0502,2021,1156.6094570739688,164,583.6909871244635,98.15441433693731,1081.640331075997,6.9310586748733565,-73.98160920672846,40.757801293944325
Midtown-Times Square,MN0502,2022,1216.4451539451538,138,614.297462406015,98.02216814972843,1156.6094570739688,5.173370882039951,-73.98160920672846,40.757801293944325
Midtown-Times Square,MN0502,2023,1274.131274131274,145,588.8157894736842,116.38877504799292,1216.4451539451538,4.742188334511719,-73.98160920672846,40.757801293944325
Midtown-Times Square,MN0502,2024,1409.8303057841933,172,610.3286384976526,130.99527317848705,1274.131274131274,10.65031793882003,-73.98160920672846,40.757801293944325
Midtown-Times Square,MN0502,2025,1284.090909090909,167,643.3739350912779,99.58702692995018,1409.8303057841933,-8.918761086168027,-73.98160920672846,40.757801293944325
Gramercy,MN0602,2003,555.5417956656347,16,217.5,155.4215152485677,,,-73.9840535976239,40.736824573836714
Gramercy,MN0602,2004,559.4795940285684,30,242.06349206349208,131.12927491016268,555.5417956656347,0.7088212612726135,-73.9840535976239,40.736824573836714
Gramercy,MN0602,2005,926.8325276243094,101,285.59771521827827,224.52378931531172,559.4795940285684,65.65975551504798,-73.9840535976239,40.736824573836714
Gramercy,MN0602,2006,1023.8341968911916,37,319.9301276108415,220.01806286170367,926.8325276243094,10.465932773801153,-73.9840535976239,40.736824573836714
Gramercy,MN0602,2007,1112.4839331619537,51,363.8791017154246,205.7289984276105,1023.8341968911916,8.658602783530915,-73.9840535976239,40.736824573836714
Gramercy,MN0602,2008,1226.4127905305259,216,364.7209496043315,236.26058274442502,1112.4839331619537,10.240944068716413,-73.9840535976239,40.736824573836714
Gramercy,MN0602,2009,1027.077497665733,27,315.0431111065702,226.01173028611362,1226.4127905305259,-16.253523642603536,-73.9840535976239,40.736824573836714
Gramercy,MN0602,2010,1055.3913117415127,56,331.20603015075375,218.65099535208773,1027.077497665733,2.756735897741818,-73.9840535976239,40.736824573836714
Gramercy,MN0602,2011,1287.703016241299,99,327.76517308054713,292.87365528760756,1055.3913117415127,22.011902307253823,-73.9840535976239,40.736824573836714
Gramercy,MN0602,2012,1235.6853024120965,164,337.05357142857144,266.61391753683387,1287.703016241299,-4.0395738126822245,-73.9840535976239,40.736824573836714
Gramercy,MN0602,2013,1441.2416851441242,77,346.18410700236035,316.3223140495868,1235.6853024120965,16.63501073701979,-73.9840535976239,40.736824573836714
Gramercy,MN0602,2014,1678.237142857143,129,352.1666317379394,376.54632540711106,1441.2416851441242,16.443838681318688,-73.9840535976239,40.736824573836714
Gramercy,MN0602,2015,1506.5035220974778,70,378.1408590172051,298.39744533635104,1678.237142857143,-10.232976995568958,-73.9840535976239,40.736824573836714
Gramercy,MN0602,2016,1732.4664733484774,150,412.8122109158187,319.6742314150597,1506.5035220974778,14.999165148740937,-73.9840535976239,40.736824573836714
Gramercy,MN0602,2017,1632.9704510108866,123,453.2408424405514,260.28757739878057,1732.4664733484774,-5.743027289023773,-73.9840535976239,40.736824573836714
Gramercy,MN0602,2018,1830.7025677339905,125,468.4992756435464,290.7588896950322,1632.9704510108866,12.1087381955196,-73.9840535976239,40.736824573836714
Gramercy,MN0602,2019,2032.331115660184,223,484.8484848484849,319.1682926049129,1830.7025677339905,11.013725084559507,-73.9840535976239,40.736824573836714
Gramercy,MN0602,2020,1654.7947166839676,70,510.948905109489,223.86696597957655,2032.331115660184,-18.576520138234322,-73.9840535976239,40.736824573836714
Gramercy,MN0602,2021,1747.6303317535544,225,583.6909871244635,199.4101965430722,1654.7947166839676,5.6100985900909475,-73.9840535976239,40.736824573836714
Gramercy,MN0602,2022,1866.3032281718665,200,614.297462406015,203.81099424733554,1747.6303317535544,6.7905033611563015,-73.9840535976239,40.736824573836714
Gramercy,MN0602,2023,1816.1143599740087,135,588.8157894736842,208.43506448720598,1866.3032281718665,-2.68921295533632,-73.9840535976239,40.736824573836714
Gramercy,MN0602,2024,1835.180055401662,137,610.3286384976526,200.68719369273387,1816.1143599740087,1.0498069861595136,-73.9840535976239,40.736824573836714
Gramercy,MN0602,2025,1551.094890510949,135,643.3739350912779,141.08761731090166,1835.180055401662,-15.479961437818476,-73.9840535976239,40.736824573836714
Murray Hill-Kips Bay,MN0603,2003,679.3201369748601,216,217.5,212.33109745970583,,,-73.975947757144,40.74424956163686
Murray Hill-Kips Bay,MN0603,2004,716.3543561888825,310,242.06349206349208,195.93655370425967,679.3201369748601,5.45165926906609,-73.975947757144,40.74424956163686
Murray Hill-Kips Bay,MN0603,2005,917.312661498708,241,285.59771521827827,221.1904761904762,716.3543561888825,28.052918722928577,-73.975947757144,40.74424956163686
Murray Hill-Kips Bay,MN0603,2006,936.6221152989397,180,319.9301276108415,192.75833516943223,917.312661498708,2.1050024283632767,-73.975947757144,40.74424956163686
Murray Hill-Kips Bay,MN0603,2007,1094.7243385247418,330,363.8791017154246,200.84836786831528,936.6221152989397,16.88004379176345,-73.975947757144,40.74424956163686
Murray Hill-Kips Bay,MN0603,2008,1102.080577220352,274,364.7209496043315,202.17090035983597,1094.7243385247418,0.6719717865708176,-73.975947757144,40.74424956163686
Murray Hill-Kips Bay,MN0603,2009,893.7589424862006,98,315.0431111065702,183.69417104437719,1102.080577220352,-18.90257745577702,-73.975947757144,40.74424956163686
Murray Hill-Kips Bay,MN0603,2010,999.4567953020136,227,331.20603015075375,201.76286187998898,893.7589424862006,11.82621485406228,-73.975947757144,40.74424956163686
Murray Hill-Kips Bay,MN0603,2011,993.4146341463414,165,327.76517308054713,203.08730632043486,999.4567953020136,-0.6045445069835501,-73.975947757144,40.74424956163686
Murray Hill-Kips Bay,MN0603,2012,971.4285714285714,155,337.05357142857144,188.21192052980132,993.4146341463414,-2.2131808775560255,-73.975947757144,40.74424956163686
Murray Hill-Kips Bay,MN0603,2013,1097.769877181642,214,346.18410700236035,217.10579861315153,971.4285714285714,13.005722651051377,-73.975947757144,40.74424956163686
Murray Hill-Kips Bay,MN0603,2014,669.1547846691054,300,352.1666317379394,90.01084269876227,1097.769877181642,-39.044165942405066,-73.975947757144,40.74424956163686
Murray Hill-Kips Bay,MN0603,2015,1488.353058493507,272,378.1408590172051,293.5975240448132,669.1547846691054,122.42283737528561,-73.975947757144,40.74424956163686
Murray Hill-Kips Bay,MN0603,2016,1386.9565217391305,183,412.8122109158187,235.9775910364146,1488.353058493507,-6.812666939187724,-73.975947757144,40.74424956163686
Murray Hill-Kips Bay,MN0603,2017,1372.2501195600191,174,453.2408424405514,202.76400338745026,1386.9565217391305,-1.0603362072713522,-73.975947757144,40.74424956163686
Murray Hill-Kips Bay,MN0603,2018,1344.9087698646265,249,468.4992756435464,187.0674171304138,1372.2501195600191,-1.9924465158114923,-73.975947757144,40.74424956163686
Murray Hill-Kips Bay,MN0603,2019,1252.9809220985692,134,484.8484848484849,158.4273151828299,1344.9087698646265,-6.8352478492136255,-73.975947757144,40.74424956163686
Murray Hill-Kips Bay,MN0603,2020,1210.7156239681533,70,510.948905109489,136.9543435480529,1252.9809220985692,-3.373179701701074,-73.975947757144,40.74424956163686
Murray Hill-Kips Bay,MN0603,2021,1365.546218487395,269,583.6909871244635,133.9501977261493,1210.7156239681533,12.788353553395156,-73.975947757144,40.74424956163686
Murray Hill-Kips Bay,MN0603,2022,1396.9252271139064,249,614.297462406015,127.40208329081779,1365.546218487395,2.297908939418377,-73.975947757144,40.74424956163686
Murray Hill-Kips Bay,MN0603,2023,1418.3675995713331,178,588.8157894736842,140.88477668697504,1396.9252271139064,1.5349692339458532,-73.975947757144,40.74424956163686
Murray Hill-Kips Bay,MN0603,2024,1400.7444940942241,158,610.3286384976526,129.50659787851518,1418.3675995713331,-1.2424921072953967,-73.975947757144,40.74424956163686
Murray Hill-Kips Bay,MN0603,2025,1343.0059523809523,265,643.3739350912779,108.74422775464396,1400.7444940942241,-4.121989553177421,-73.975947757144,40.74424956163686
East Midtown-Turtle Bay,MN0604,2003,743.2067338972024,188,217.5,241.70424546997813,,,-73.96850301976329,40.756133461427915
East Midtown-Turtle Bay,MN0604,2004,860.5847952324974,250,242.06349206349208,255.5202760632612,743.2067338972024,15.793460417102503,-73.96850301976329,40.756133461427915
East Midtown-Turtle Bay,MN0604,2005,1162.280701754386,369,285.59771521827827,306.9642857142857,860.5847952324974,35.057080742448136,-73.96850301976329,40.756133461427915
East Midtown-Turtle Bay,MN0604,2006,1221.7665984609202,284,319.9301276108415,281.88544717084596,1162.280701754386,5.118031867581062,-73.96850301976329,40.756133461427915
East Midtown-Turtle Bay,MN0604,2007,1234.2533302025095,240,363.8791017154246,239.1932442352158,1221.7665984609202,1.0220226807083246,-73.96850301976329,40.756133461427915
East Midtown-Turtle Bay,MN0604,2008,1187.2941423653301,476,364.7209496043315,225.53494490880473,1234.2533302025095,-3.8046636527587525,-73.96850301976329,40.756133461427915
East Midtown-Turtle Bay,MN0604,2009,989.9733628185154,146,315.0431111065702,214.23425173186382,1187.2941423653301,-16.619367729188976,-73.96850301976329,40.756133461427915
East Midtown-Turtle Bay,MN0604,2010,1080.2294472619442,158,331.20603015075375,226.1502958657668,989.9733628185154,9.117021511211588,-73.96850301976329,40.756133461427915
East Midtown-Turtle Bay,MN0604,2011,1153.8461538461538,165,327.76517308054713,252.0343979812035,1080.2294472619442,6.81491388434242,-73.96850301976329,40.756133461427915
East Midtown-Turtle Bay,MN0604,2012,1129.3797204029884,182,337.05357142857144,235.0742481725422,1153.8461538461538,-2.120424231741005,-73.96850301976329,40.756133461427915
East Midtown-Turtle Bay,MN0604,2013,1236.0637292176166,214,346.18410700236035,257.05386359899785,1129.3797204029884,9.44624796136422,-73.96850301976329,40.756133461427915
East Midtown-Turtle Bay,MN0604,2014,1237.5530407453311,238,352.1666317379394,251.41121537779352,1236.0637292176166,0.12048824769393102,-73.96850301976329,40.756133461427915
East Midtown-Turtle Bay,MN0604,2015,1549.8442367601249,293,378.1408590172051,309.8589718096579,1237.5530407453311,25.23457061902677,-73.96850301976329,40.756133461427915
East Midtown-Turtle Bay,MN0604,2016,1600.605834446123,314,412.8122109158187,287.7321920529432,1549.8442367601249,3.275270926071437,-73.96850301976329,40.756133461427915
East Midtown-Turtle Bay,MN0604,2017,1475.2849405868565,310,453.2408424405514,225.49691079094663,1600.605834446123,-7.829591218667079,-73.96850301976329,40.756133461427915
East Midtown-Turtle Bay,MN0604,2018,1490.2676399026764,195,468.4992756435464,218.09390481033176,1475.2849405868565,1.0155800349903865,-73.96850301976329,40.756133461427915
East Midtown-Turtle Bay,MN0604,2019,1420.1048552541602,146,484.8484848484849,192.89662639617052,1490.2676399026764,-4.708066039271863,-73.96850301976329,40.756133461427915
East Midtown-Turtle Bay,MN0604,2020,1417.369543977189,110,510.948905109489,177.39946789267847,1420.1048552541602,-0.19261333181496054,-73.96850301976329,40.756133461427915
East Midtown-Turtle Bay,MN0604,2021,1336.2068965517242,185,583.6909871244635,128.92368154158217,1417.369543977189,-5.726286963787838,-73.96850301976329,40.756133461427915
East Midtown-Turtle Bay,MN0604,2022,1391.8439716312057,235,614.297462406015,126.57491798513689,1336.2068965517242,4.163806909174101,-73.96850301976329,40.756133461427915
East Midtown-Turtle Bay,MN0604,2023,1468.1931404483616,140,588.8157894736842,149.34676798676088,1391.8439716312057,5.485468944315407,-73.96850301976329,40.756133461427915
East Midtown-Turtle Bay,MN0604,2024,1591.6149068322982,167,610.3286384976526,160.77998088867653,1468.1931404483616,8.406371272532004,-73.96850301976329,40.756133461427915
East Midtown-Turtle Bay,MN0604,2025,1462.9846378931968,289,643.3739350912779,127.3925874360511,1591.6149068322982,-8.081745677734759,-73.96850301976329,40.756133461427915
Upper West Side-Lincoln Square,MN0701,2003,680.7131280388979,728,217.5,212.9715531213324,,,-73.98469449627461,40.774847637847174
Upper West Side-Lincoln Square,MN0701,2004,1074.4500846023689,575,242.06349206349208,343.8711824914704,680.7131280388979,57.84183385706228,-73.98469449627461,40.774847637847174
Upper West Side-Lincoln Square,MN0701,2005,906.7017082785808,577,285.59771521827827,217.47512671297162,1074.4500846023689,-15.612486678324213,-73.98469449627461,40.774847637847174
Upper West Side-Lincoln Square,MN0701,2006,1064.7452097978141,606,319.9301276108415,232.80554655763933,906.7017082785808,17.430594877700955,-73.98469449627461,40.774847637847174
Upper West Side-Lincoln Square,MN0701,2007,1221.350032715617,650,363.8791017154246,235.64720451321395,1064.7452097978141,14.708196991798708,-73.98469449627461,40.774847637847174
Upper West Side-Lincoln Square,MN0701,2008,1146.7636342614765,948,364.7209496043315,214.4222001794923,1221.350032715617,-6.10688143908271,-73.98469449627461,40.774847637847174
Upper West Side-Lincoln Square,MN0701,2009,1033.5781741867786,405,315.0431111065702,228.07515471657086,1146.7636342614765,-9.869990353120157,-73.98469449627461,40.774847637847174
Upper West Side-Lincoln Square,MN0701,2010,1020.8711433756806,472,331.20603015075375,208.22842896640944,1033.5781741867786,-1.2294213566473475,-73.98469449627461,40.774847637847174
Upper West Side-Lincoln Square,MN0701,2011,1120.6896551724135,375,327.76517308054713,241.91846700473207,1020.8711433756806,9.777777777777745,-73.98469449627461,40.774847637847174
Upper West Side-Lincoln Square,MN0701,2012,1152.037617554859,445,337.05357142857144,241.79659116859392,1120.6896551724135,2.7972027972028326,-73.98469449627461,40.774847637847174
Upper West Side-Lincoln Square,MN0701,2013,1279.5010082851995,362,346.18410700236035,269.60131398420197,1152.037617554859,11.064169154552005,-73.98469449627461,40.774847637847174
Upper West Side-Lincoln Square,MN0701,2014,1405.0729888975784,296,352.1666317379394,298.9795915540194,1279.5010082851995,9.814136901749826,-73.98469449627461,40.774847637847174
Upper West Side-Lincoln Square,MN0701,2015,1191.5014557023042,432,378.1408590172051,215.09460754890063,1405.0729888975784,-15.200031235590306,-73.98469449627461,40.774847637847174
Upper West Side-Lincoln Square,MN0701,2016,1404.85312899106,213,412.8122109158187,240.31288121889878,1191.5014557023042,17.906119398150498,-73.98469449627461,40.774847637847174
Upper West Side-Lincoln Square,MN0701,2017,1696.5304989046929,383,453.2408424405514,274.3110373216676,1404.85312899106,20.762125512943143,-73.98469449627461,40.774847637847174
Upper West Side-Lincoln Square,MN0701,2018,1622.1095334685597,270,468.4992756435464,246.23522762983475,1696.5304989046929,-4.386656501853669,-73.98469449627461,40.774847637847174
Upper West Side-Lincoln Square,MN0701,2019,1394.2511818916446,224,484.8484848484849,187.56430626515169,1622.1095334685597,-14.047038555385663,-73.98469449627461,40.774847637847174
Upper West Side-Lincoln Square,MN0701,2020,1219.4933818765237,355,510.948905109489,138.6722761672625,1394.2511818916446,-12.534169042483361,-73.98469449627461,40.774847637847174
Upper West Side-Lincoln Square,MN0701,2021,1301.257802475737,482,583.6909871244635,122.93607939474023,1219.4933818765237,6.704785922937637,-73.98469449627461,40.774847637847174
Upper West Side-Lincoln Square,MN0701,2022,1331.8318318318318,445,614.297462406015,116.80568671331545,1301.257802475737,2.349575103252061,-73.98469449627461,40.774847637847174
Upper West Side-Lincoln Square,MN0701,2023,1361.607142857143,301,588.8157894736842,131.24501197126898,1331.8318318318318,2.2356659687550398,-73.98469449627461,40.774847637847174
Upper West Side-Lincoln Square,MN0701,2024,1286.8949232585596,243,610.3286384976526,110.8527835800563,1361.607142857143,-5.48706137379759,-73.98469449627461,40.774847637847174
Upper West Side-Lincoln Square,MN0701,2025,1281.6003623170948,335,643.3739350912779,99.19991973800887,1286.8949232585596,-0.41142138691933294,-73.98469449627461,40.774847637847174
Upper West Side (Central),MN0702,2003,650.3800658509816,254,217.5,199.02531763263522,,,-73.9759339809135,40.78770331056168
Upper West Side (Central),MN0702,2004,411.3345531522207,280,242.06349206349208,69.92837277763869,650.3800658509816,-36.75474161188886,-73.9759339809135,40.78770331056168
Upper West Side (Central),MN0702,2005,767.4400329260932,242,285.59771521827827,168.7136458145506,411.3345531522207,86.57319863962175,-73.9759339809135,40.78770331056168
Upper West Side (Central),MN0702,2006,825.4716981132076,177,319.9301276108415,158.01624382099448,767.4400329260932,7.561719834428163,-73.9759339809135,40.78770331056168
Upper West Side (Central),MN0702,2007,770.879780483622,423,363.8791017154246,111.85052311316753,825.4716981132076,-6.613420878555515,-73.9759339809135,40.78770331056168
Upper West Side (Central),MN0702,2008,695.6945519569382,370,364.7209496043315,90.74707737838045,770.879780483622,-9.753171691637222,-73.9759339809135,40.78770331056168
Upper West Side (Central),MN0702,2009,840.5349554988145,263,315.0431111065702,166.79997938900658,695.6945519569382,20.81953971530333,-73.9759339809135,40.78770331056168
Upper West Side (Central),MN0702,2010,845.4232155986838,356,331.20603015075375,155.25598528924,840.5349554988145,0.581565355240741,-73.9759339809135,40.78770331056168
Upper West Side (Central),MN0702,2011,901.1478217134097,262,327.76517308054713,174.93702678775938,845.4232155986838,6.591326697276077,-73.9759339809135,40.78770331056168
Upper West Side (Central),MN0702,2012,932.8834579609704,219,337.05357142857144,176.77601931557268,901.1478217134097,3.521690391174638,-73.9759339809135,40.78770331056168
Upper West Side (Central),MN0702,2013,1009.4866264688026,440,346.18410700236035,191.6039777822382,932.8834579609704,8.211440330956865,-73.9759339809135,40.78770331056168
Upper West Side (Central),MN0702,2014,1250.9357909937526,328,352.1666317379394,255.21133414043086,1009.4866264688026,23.918015176639074,-73.9759339809135,40.78770331056168
Upper West Side (Central),MN0702,2015,1298.1738001074445,384,378.1408590172051,243.30429234265284,1250.9357909937526,3.7762137316549054,-73.9759339809135,40.78770331056168
Upper West Side (Central),MN0702,2016,805.422339938526,433,412.8122109158187,95.10622957390399,1298.1738001074445,-37.95727968998724,-73.9759339809135,40.78770331056168
Upper West Side (Central),MN0702,2017,884.8258252781325,368,453.2408424405514,95.22199731904992,805.422339938526,9.858614717052298,-73.9759339809135,40.78770331056168
Upper West Side (Central),MN0702,2018,1347.8260869565215,245,468.4992756435464,187.69011117575414,884.8258252781325,52.32671204333932,-73.9759339809135,40.78770331056168
Upper West Side (Central),MN0702,2019,1381.3640337094005,223,484.8484848484849,184.90633195256382,1347.8260869565215,2.4882992752136,-73.9759339809135,40.78770331056168
Upper West Side (Central),MN0702,2020,1281.708945260347,149,510.948905109489,150.8487507152394,1381.3640337094005,-7.21425243579333,-73.9759339809135,40.78770331056168
Upper West Side (Central),MN0702,2021,883.4729626808835,395,583.6909871244635,51.35970610635725,1281.708945260347,-31.070703224168568,-73.9759339809135,40.78770331056168
Upper West Side (Central),MN0702,2022,1476.7894793267342,319,614.297462406015,140.40299198740004,883.4729626808835,67.15729192724154,-73.9759339809135,40.78770331056168
Upper West Side (Central),MN0702,2023,1341.3666397950078,278,588.8157894736842,127.80751871378907,1476.7894793267342,-9.17008425557483,-73.9759339809135,40.78770331056168
Upper West Side (Central),MN0702,2024,1522.857142857143,269,610.3286384976526,149.5142857142857,1341.3666397950078,13.530268136821345,-73.9759339809135,40.78770331056168
Upper West Side (Central),MN0702,2025,1513.2636655948554,332,643.3739350912779,135.20748713268327,1522.857142857143,-0.6299656738837932,-73.9759339809135,40.78770331056168
Upper West Side-Manhattan Valley,MN0703,2003,407.0496738585048,75,217.5,87.14927533724357,,,-73.96730625601258,40.79924670410357
Upper West Side-Manhattan Valley,MN0703,2004,389.1616074428744,195,242.06349206349208,60.768401763285816,407.0496738585048,-4.394565961953937,-73.96730625601258,40.79924670410357
Upper West Side-Manhattan Valley,MN0703,2005,604.6788990825688,221,285.59771521827827,111.72399737876802,389.1616074428744,55.37989552870538,-73.96730625601258,40.79924670410357
Upper West Side-Manhattan Valley,MN0703,2006,637.5130434782609,116,319.9301276108415,99.26633613378317,604.6788990825688,5.430013259187432,-73.96730625601258,40.79924670410357
Upper West Side-Manhattan Valley,MN0703,2007,683.5201582727625,168,363.8791017154246,87.84265297195233,637.5130434782609,7.216654665367712,-73.96730625601258,40.79924670410357
Upper West Side-Manhattan Valley,MN0703,2008,1084.6369603562443,173,364.7209496043315,197.38817074613223,683.5201582727625,58.683975480268714,-73.96730625601258,40.79924670410357
Upper West Side-Manhattan Valley,MN0703,2009,603.1531787590015,112,315.0431111065702,91.45099749696536,1084.6369603562443,-44.39123865363223,-73.96730625601258,40.79924670410357
Upper West Side-Manhattan Valley,MN0703,2010,794.9893706997051,98,331.20603015075375,140.02865235812672,603.1531787590015,31.805551010343663,-73.96730625601258,40.79924670410357
Upper West Side-Manhattan Valley,MN0703,2011,854.1609834010467,108,327.76517308054713,160.60150789453755,794.9893706997051,7.443069666360702,-73.96730625601258,40.79924670410357
Upper West Side-Manhattan Valley,MN0703,2012,698.2431059779542,137,337.05357142857144,107.1608685285586,854.1609834010467,-18.25392173759425,-73.96730625601258,40.79924670410357
Upper West Side-Manhattan Valley,MN0703,2013,879.9337563427906,136,346.18410700236035,154.18086461629247,698.2431059779542,26.021116257261408,-73.96730625601258,40.79924670410357
Upper West Side-Manhattan Valley,MN0703,2014,860.5797895661008,138,352.1666317379394,144.36721483780184,879.9337563427906,-2.1994799764392985,-73.96730625601258,40.79924670410357
Upper West Side-Manhattan Valley,MN0703,2015,954.2260648295404,153,378.1408590172051,152.34672267619825,860.5797895661008,10.881765572330664,-73.96730625601258,40.79924670410357
Upper West Side-Manhattan Valley,MN0703,2016,1128.1637049003768,103,412.8122109158187,173.28738711424253,954.2260648295404,18.22813759566587,-73.96730625601258,40.79924670410357
Upper West Side-Manhattan Valley,MN0703,2017,1215.9548313977084,94,453.2408424405514,168.28006603513387,1128.1637049003768,7.781771928665619,-73.96730625601258,40.79924670410357
Upper West Side-Manhattan Valley,MN0703,2018,978.1760346548971,96,468.4992756435464,108.78923095691908,1215.9548313977084,-19.554903735156905,-73.96730625601258,40.79924670410357
Upper West Side-Manhattan Valley,MN0703,2019,858.181416070349,84,484.8484848484849,76.99991706450948,978.1760346548971,-12.267180377904321,-73.96730625601258,40.79924670410357
Upper West Side-Manhattan Valley,MN0703,2020,710.7467601614892,102,510.948905109489,39.10329448874862,858.181416070349,-17.179893801938714,-73.96730625601258,40.79924670410357
Upper West Side-Manhattan Valley,MN0703,2021,1114.3695014662756,117,583.6909871244635,90.91771606003104,710.7467601614892,56.788544658730345,-73.96730625601258,40.79924670410357
Upper West Side-Manhattan Valley,MN0703,2022,1022.0548682087144,93,614.297462406015,66.37784310643879,1114.3695014662756,-8.284023668639039,-73.96730625601258,40.79924670410357
Upper West Side-Manhattan Valley,MN0703,2023,1119.3522880402702,72,588.8157894736842,90.10228802471629,1022.0548682087144,9.519784392992745,-73.96730625601258,40.79924670410357
Upper West Side-Manhattan Valley,MN0703,2024,1453.7488352089456,139,610.3286384976526,138.19115530731185,1119.3522880402702,29.874111192833425,-73.96730625601258,40.79924670410357
Upper West Side-Manhattan Valley,MN0703,2025,1145.0712777954486,125,643.3739350912779,77.97912152487076,1453.7488352089456,-21.233210987861675,-73.96730625601258,40.79924670410357
Upper East Side-Lenox Hill-Roosevelt Island,MN0801,2003,764.37738752673,182,217.5,251.43787932263447,,,-73.95508675400069,40.764966600392896
Upper East Side-Lenox Hill-Roosevelt Island,MN0801,2004,844.6455505279034,301,242.06349206349208,248.93553890660928,764.37738752673,10.501116897360664,-73.95508675400069,40.764966600392896
Upper East Side-Lenox Hill-Roosevelt Island,MN0801,2005,1108.8113542282672,245,285.59771521827827,288.24237560192614,844.6455505279034,31.275344259525212,-73.95508675400069,40.764966600392896
Upper East Side-Lenox Hill-Roosevelt Island,MN0801,2006,735.080058224163,435,319.9301276108415,129.7626871572108,1108.8113542282672,-33.70557981562348,-73.95508675400069,40.764966600392896
Upper East Side-Lenox Hill-Roosevelt Island,MN0801,2007,943.5551811288964,307,363.8791017154246,159.3045812965685,735.080058224163,28.36087315555481,-73.95508675400069,40.764966600392896
Upper East Side-Lenox Hill-Roosevelt Island,MN0801,2008,1162.7906976744189,387,364.7209496043315,218.81653602182038,943.5551811288964,23.23504983388707,-73.95508675400069,40.764966600392896
Upper East Side-Lenox Hill-Roosevelt Island,MN0801,2009,1143.5573672661571,320,315.0431111065702,262.9844065624796,1162.7906976744189,-1.6540664151105091,-73.95508675400069,40.764966600392896
Upper East Side-Lenox Hill-Roosevelt Island,MN0801,2010,1114.8271358428806,255,331.20603015075375,236.5962676873513,1143.5573672661571,-2.512355938203645,-73.95508675400069,40.764966600392896
Upper East Side-Lenox Hill-Roosevelt Island,MN0801,2011,1171.5258843858396,246,327.76517308054713,257.4284215052773,1114.8271358428806,5.085878045127702,-73.95508675400069,40.764966600392896
Upper East Side-Lenox Hill-Roosevelt Island,MN0801,2012,1202.8725314183123,327,337.05357142857144,256.8787377982807,1171.5258843858396,2.6757110064969525,-73.95508675400069,40.764966600392896
Upper East Side-Lenox Hill-Roosevelt Island,MN0801,2013,1291.7653284671533,347,346.18410700236035,273.14403010948905,1202.8725314183123,7.3900429785379735,-73.95508675400069,40.764966600392896
Upper East Side-Lenox Hill-Roosevelt Island,MN0801,2014,1504.149377593361,289,352.1666317379394,327.1129749489315,1291.7653284671533,16.441380214022992,-73.95508675400069,40.764966600392896
Upper East Side-Lenox Hill-Roosevelt Island,MN0801,2015,1518.8216039279869,287,378.1408590172051,301.6549832449822,1504.149377593361,0.9754500818330649,-73.95508675400069,40.764966600392896
Upper East Side-Lenox Hill-Roosevelt Island,MN0801,2016,1624.140565317036,242,412.8122109158187,293.4332663546702,1518.8216039279869,6.934254893179845,-73.95508675400069,40.764966600392896
Upper East Side-Lenox Hill-Roosevelt Island,MN0801,2017,1458.3941605839416,319,453.2408424405514,221.77024310760993,1624.140565317036,-10.205176095748845,-73.95508675400069,40.764966600392896
Upper East Side-Lenox Hill-Roosevelt Island,MN0801,2018,1226.8041237113405,247,468.4992756435464,161.8582754532888,1458.3941605839416,-15.879797323096273,-73.95508675400069,40.764966600392896
Upper East Side-Lenox Hill-Roosevelt Island,MN0801,2019,1448.8468361916025,173,484.8484848484849,198.824659964518,1226.8041237113405,18.09927992486169,-73.95508675400069,40.764966600392896
Upper East Side-Lenox Hill-Roosevelt Island,MN0801,2020,1315.5244551519645,108,510.948905109489,157.46692907974165,1448.8468361916025,-9.201965156654198,-73.95508675400069,40.764966600392896
Upper East Side-Lenox Hill-Roosevelt Island,MN0801,2021,1386.8613138686133,237,583.6909871244635,137.60197509660802,1315.5244551519645,5.422693469305987,-73.95508675400069,40.764966600392896
Upper East Side-Lenox Hill-Roosevelt Island,MN0801,2022,1482.0592823712948,237,614.297462406015,141.26085049521814,1386.8613138686133,6.8642745709828255,-73.95508675400069,40.764966600392896
Upper East Side-Lenox Hill-Roosevelt Island,MN0801,2023,1304.7478836952523,166,588.8157894736842,121.58846739852332,1482.0592823712948,-11.963853321194025,-73.95508675400069,40.764966600392896
Upper East Side-Lenox Hill-Roosevelt Island,MN0801,2024,1501.3555383423702,226,610.3286384976526,145.9913305130191,1304.7478836952523,15.068631810330585,-73.95508675400069,40.764966600392896
Upper East Side-Lenox Hill-Roosevelt Island,MN0801,2025,1499.7088800409333,262,643.3739350912779,133.10065861281183,1501.3555383423702,-0.10967810484483627,-73.95508675400069,40.764966600392896
Upper East Side-Carnegie Hill,MN0802,2003,709.2434971098265,255,217.5,226.08896418842602,,,-73.96117409484607,40.77472985250671
Upper East Side-Carnegie Hill,MN0802,2004,940.3935185185184,343,242.06349206349208,288.4904371584699,709.2434971098265,32.59106672822947,-73.96117409484607,40.77472985250671
Upper East Side-Carnegie Hill,MN0802,2005,1176.470588235294,261,285.59771521827827,311.9327731092436,940.3935185185184,25.10407239819005,-73.96117409484607,40.77472985250671
Upper East Side-Carnegie Hill,MN0802,2006,1239.6694214876034,159,319.9301276108415,287.48130122822306,1176.470588235294,5.3719008264463035,-73.96117409484607,40.77472985250671
Upper East Side-Carnegie Hill,MN0802,2007,1390.0147594541736,306,363.8791017154246,281.99906312323725,1239.6694214876034,12.127857262636665,-73.96117409484607,40.77472985250671
Upper East Side-Carnegie Hill,MN0802,2008,1314.8148148148148,183,364.7209496043315,260.4988461017101,1390.0147594541736,-5.410010514484616,-73.96117409484607,40.77472985250671
Upper East Side-Carnegie Hill,MN0802,2009,1384.1012110726645,172,315.0431111065702,339.33708190320084,1314.8148148148148,5.269669574540679,-73.96117409484607,40.77472985250671
Upper East Side-Carnegie Hill,MN0802,2010,1341.381623071764,215,331.20603015075375,304.99915489497954,1384.1012110726645,-3.0864497234124455,-73.96117409484607,40.77472985250671
Upper East Side-Carnegie Hill,MN0802,2011,1396.9347612818838,168,327.76517308054713,326.199876012633,1341.381623071764,4.141486453564436,-73.96117409484607,40.77472985250671
Upper East Side-Carnegie Hill,MN0802,2012,1244.3890274314217,173,337.05357142857144,269.1962147611105,1396.9347612818838,-10.92003278023377,-73.96117409484607,40.77472985250671
Upper East Side-Carnegie Hill,MN0802,2013,1421.7151968451467,244,346.18410700236035,310.6818216341321,1244.3890274314217,14.250058904790322,-73.96117409484607,40.77472985250671
Upper East Side-Carnegie Hill,MN0802,2014,1746.663493330451,186,352.1666317379394,395.9764315860027,1421.7151968451467,22.856075338181654,-73.96117409484607,40.77472985250671
Upper East Side-Carnegie Hill,MN0802,2015,1617.3120728929384,173,378.1408590172051,327.70095701807037,1746.663493330451,-7.40562912841739,-73.96117409484607,40.77472985250671
Upper East Side-Carnegie Hill,MN0802,2016,1539.6277708071937,161,412.8122109158187,272.96081125884064,1617.3120728929384,-4.803296988118586,-73.96117409484607,40.77472985250671
Upper East Side-Carnegie Hill,MN0802,2017,1631.8224217905095,156,453.2408424405514,260.0342839810481,1539.6277708071937,5.988113018705822,-73.96117409484607,40.77472985250671
Upper East Side-Carnegie Hill,MN0802,2018,1691.2509740416804,126,468.4992756435464,260.9932953937914,1631.8224217905095,3.6418516780743344,-73.96117409484607,40.77472985250671
Upper East Side-Carnegie Hill,MN0802,2019,1633.6782453723945,138,484.8484848484849,236.94613810805635,1691.2509740416804,-3.4041505106543113,-73.96117409484607,40.77472985250671
Upper East Side-Carnegie Hill,MN0802,2020,1629.0427324835832,108,510.948905109489,218.82693478607274,1633.6782453723945,-0.2837469925269529,-73.96117409484607,40.77472985250671
Upper East Side-Carnegie Hill,MN0802,2021,1427.5699377761377,216,583.6909871244635,144.57632022194124,1629.0427324835832,-12.367557381400726,-73.96117409484607,40.77472985250671
Upper East Side-Carnegie Hill,MN0802,2022,1638.335509843963,174,614.297462406015,166.70068006257173,1427.5699377761377,14.763940209903485,-73.96117409484607,40.77472985250671
Upper East Side-Carnegie Hill,MN0802,2023,1658.2438408085914,145,588.8157894736842,181.62353497531387,1638.335509843963,1.2151559216661512,-73.96117409484607,40.77472985250671
Upper East Side-Carnegie Hill,MN0802,2024,1676.5382861694504,168,610.3286384976526,174.6943499646869,1658.2438408085914,1.1032421716662824,-73.96117409484607,40.77472985250671
Upper East Side-Carnegie Hill,MN0802,2025,1575.6893640967924,189,643.3739350912779,144.9103512210583,1676.5382861694504,-6.015306832215408,-73.96117409484607,40.77472985250671
Upper East Side-Yorkville,MN0803,2003,338.7091254752852,813,217.5,55.72833355185526,,,-73.94868375812155,40.777323629679344
Upper East Side-Yorkville,MN0803,2004,662.6506024096385,173,242.06349206349208,173.75074066758836,338.7091254752852,95.64002046882867,-73.94868375812155,40.777323629679344
Upper East Side-Yorkville,MN0803,2005,760.4790419161677,247,285.59771521827827,166.27630453378956,662.6506024096385,14.763200870985319,-73.94868375812155,40.777323629679344
Upper East Side-Yorkville,MN0803,2006,946.1756373937676,275,319.9301276108415,195.74446284867622,760.4790419161677,24.41837121634581,-73.94868375812155,40.777323629679344
Upper East Side-Yorkville,MN0803,2007,972.5974658869396,303,363.8791017154246,167.28588184972753,946.1756373937676,2.7924866640987207,-73.94868375812155,40.777323629679344
Upper East Side-Yorkville,MN0803,2008,1056.028029091623,230,364.7209496043315,189.54411043216953,972.5974658869396,8.57811850543952,-73.94868375812155,40.777323629679344
Upper East Side-Yorkville,MN0803,2009,1268.018252928068,266,315.0431111065702,302.49039202102506,1056.028029091623,20.074298976590168,-73.94868375812155,40.777323629679344
Upper East Side-Yorkville,MN0803,2010,925.925925925926,252,331.20603015075375,179.56191664278452,1268.018252928068,-26.978501785143326,-73.94868375812155,40.777323629679344
Upper East Side-Yorkville,MN0803,2011,861.2220828232214,156,327.76517308054713,162.75582446081881,925.925925925926,-6.988015055092095,-73.94868375812155,40.777323629679344
Upper East Side-Yorkville,MN0803,2012,815.8635653453991,180,337.05357142857144,142.0575346190323,861.2220828232214,-5.266762009762907,-73.94868375812155,40.777323629679344
Upper East Side-Yorkville,MN0803,2013,1006.3897763578276,179,346.18410700236035,190.70941039790884,815.8635653453991,23.35270492582524,-73.94868375812155,40.777323629679344
Upper East Side-Yorkville,MN0803,2014,1036.1613351877609,197,352.1666317379394,194.22473392050614,1006.3897763578276,2.9582533059584484,-73.94868375812155,40.777323629679344
Upper East Side-Yorkville,MN0803,2015,1231.4637840223643,230,378.1408590172051,225.66271394817284,1036.1613351877609,18.848652444574476,-73.94868375812155,40.777323629679344
Upper East Side-Yorkville,MN0803,2016,1324.540216413654,330,412.8122109158187,220.85780928698262,1231.4637840223643,7.5581948571213005,-73.94868375812155,40.777323629679344
Upper East Side-Yorkville,MN0803,2017,1466.4804469273745,313,453.2408424405514,223.55434674220098,1324.540216413654,10.716188814412908,-73.94868375812155,40.777323629679344
Upper East Side-Yorkville,MN0803,2018,1410.3984895393564,200,468.4992756435464,201.04603419119175,1466.4804469273745,-3.824255379982945,-73.94868375812155,40.777323629679344
Upper East Side-Yorkville,MN0803,2019,1372.4584103512016,219,484.8484848484849,183.0695471349353,1410.3984895393564,-2.6900255119066596,-73.94868375812155,40.777323629679344
Upper East Side-Yorkville,MN0803,2020,1262.0638455827766,137,510.948905109489,147.00392406405774,1372.4584103512016,-8.043563574372783,-73.94868375812155,40.777323629679344
Upper East Side-Yorkville,MN0803,2021,1431.924882629108,343,583.6909871244635,145.3224247445457,1262.0638455827766,13.458989229494609,-73.94868375812155,40.777323629679344
Upper East Side-Yorkville,MN0803,2022,1320.6794646675999,226,614.297462406015,114.99021980245578,1431.924882629108,-7.768942303541386,-73.94868375812155,40.777323629679344
Upper East Side-Yorkville,MN0803,2023,1343.1196583751043,182,588.8157894736842,128.1052380704088,1320.6794646675999,1.6991400493345614,-73.94868375812155,40.777323629679344
Upper East Side-Yorkville,MN0803,2024,1334.2059336823736,176,610.3286384976526,118.60451067257351,1343.1196583751043,-0.6636582702924989,-73.94868375812155,40.777323629679344
Upper East Side-Yorkville,MN0803,2025,1321.155780781368,174,643.3739350912779,105.34804236263173,1334.2059336823736,-0.9781213358111382,-73.94868375812155,40.777323629679344
Morningside Heights,MN0901,2005,240.82402342224975,10,285.59771521827827,-15.677188370295125,,,-73.96176436840796,40.809458543431404
Morningside Heights,MN0901,2006,413.51041706321774,38,319.9301276108415,29.250227276565205,240.82402342224975,71.70646482314915,-73.96176436840796,40.809458543431404
Morningside Heights,MN0901,2012,915.7509157509156,11,337.05357142857144,171.69298692477494,413.51041706321774,121.45776211749342,-73.96176436840796,40.809458543431404
Morningside Heights,MN0901,2021,1306.8452982370568,136,583.6909871244635,123.89334888914283,915.7509157509156,42.70750656748662,-73.96176436840796,40.809458543431404
Morningside Heights,MN0901,2022,1263.7998816103404,60,614.297462406015,105.73092987563766,1306.8452982370568,-3.293841794800419,-73.96176436840796,40.809458543431404
Morningside Heights,MN0901,2023,843.5388402912367,77,588.8157894736842,43.26022762488044,1263.7998816103404,-33.25376489065697,-73.96176436840796,40.809458543431404
Morningside Heights,MN0901,2024,938.0288500282052,77,610.3286384976526,53.692419273852074,843.5388402912367,11.201619323698859,-73.96176436840796,40.809458543431404
Morningside Heights,MN0901,2025,1201.0083940076474,56,643.3739350912779,86.67346134208186,938.0288500282052,28.035336436777484,-73.96176436840796,40.809458543431404
Manhattanville-West Harlem,MN0902,2003,263.42620481927713,19,217.5,21.115496468633165,,,-73.95382231887427,40.81802267842085
Manhattanville-West Harlem,MN0902,2005,159.37214685785722,18,285.59771521827827,-44.19698115019885,263.42620481927713,-39.50026840830279,-73.95382231887427,40.81802267842085
Manhattanville-West Harlem,MN0902,2006,596.4705882352941,27,319.9301276108415,86.43776773684552,159.37214685785722,274.2627554407494,-73.95382231887427,40.81802267842085
Manhattanville-West Harlem,MN0902,2007,210.37868162692848,15,363.8791017154246,-42.184456146245715,596.4705882352941,-64.72941235051495,-73.95382231887427,40.81802267842085
Manhattanville-West Harlem,MN0902,2008,314.99771033221737,10,364.7209496043315,-13.633228177886828,210.37868162692848,49.72891164458065,-73.95382231887427,40.81802267842085
Manhattanville-West Harlem,MN0902,2012,222.6209463051568,15,337.05357142857144,-33.95087155979454,314.99771033221737,-29.326169999659346,-73.95382231887427,40.81802267842085
Manhattanville-West Harlem,MN0902,2013,233.3668384879725,45,346.18410700236035,-32.588806427678854,222.6209463051568,4.826990613940621,-73.95382231887427,40.81802267842085
Manhattanville-West Harlem,MN0902,2015,434.7826086956522,14,378.1408590172051,14.979008040987688,233.3668384879725,86.30865101172482,-73.95382231887427,40.81802267842085
Manhattanville-West Harlem,MN0902,2016,569.955275744454,18,412.8122109158187,38.0664768806173,434.7826086956522,31.089713421224406,-73.95382231887427,40.81802267842085
Manhattanville-West Harlem,MN0902,2017,816.9275180375181,25,453.2408424405514,80.2413731380947,569.955275744454,43.331863534463885,-73.95382231887427,40.81802267842085
Manhattanville-West Harlem,MN0902,2018,547.0766894457099,16,468.4992756435464,16.772152677125685,816.9275180375181,-33.03240772695027,-73.95382231887427,40.81802267842085
Manhattanville-West Harlem,MN0902,2019,1131.9912456996014,26,484.8484848484849,133.4731944255428,547.0766894457099,106.91637343322348,-73.95382231887427,40.81802267842085
Manhattanville-West Harlem,MN0902,2020,928.3660430545028,12,510.948905109489,81.69449699780986,1131.9912456996014,-17.98823121810034,-73.95382231887427,40.81802267842085
Manhattanville-West Harlem,MN0902,2022,565.7221566312476,15,614.297462406015,-7.9074566879232835,928.3660430545028,-39.062597036626535,-73.95382231887427,40.81802267842085
Hamilton Heights-Sugar Hill,MN0903,2003,168.1154666229293,67,217.5,-22.705532587158945,,,-73.94846499041947,40.8270199265157
Hamilton Heights-Sugar Hill,MN0903,2004,204.44489314434503,90,242.06349206349208,-15.540798242008288,168.1154666229293,21.609806195226515,-73.94846499041947,40.8270199265157
Hamilton Heights-Sugar Hill,MN0903,2005,227.27272727272728,91,285.59771521827827,-20.42207792207792,204.44489314434503,11.165763926548669,-73.94846499041947,40.8270199265157
Hamilton Heights-Sugar Hill,MN0903,2006,260.9046902021493,80,319.9301276108415,-18.449477656099305,227.27272727272728,14.798063688945692,-73.94846499041947,40.8270199265157
Hamilton Heights-Sugar Hill,MN0903,2007,376.18483412322274,163,363.8791017154246,3.3818189474981053,260.9046902021493,44.184772543473336,-73.94846499041947,40.8270199265157
Hamilton Heights-Sugar Hill,MN0903,2008,466.92516911218615,80,364.7209496043315,28.022579898064855,376.18483412322274,24.121210308877203,-73.94846499041947,40.8270199265157
Hamilton Heights-Sugar Hill,MN0903,2009,330.3910969584988,50,315.0431111065702,4.871709715543273,466.92516911218615,-29.241103539844282,-73.94846499041947,40.8270199265157
Hamilton Heights-Sugar Hill,MN0903,2010,325.4549245111584,76,331.20603015075375,-1.7364133246540274,330.3910969584988,-1.4940391834954356,-73.94846499041947,40.8270199265157
Hamilton Heights-Sugar Hill,MN0903,2011,271.3286713286713,51,327.76517308054713,-17.218577929268513,325.4549245111584,-16.630952278195245,-73.94846499041947,40.8270199265157
Hamilton Heights-Sugar Hill,MN0903,2012,229.62154294032024,87,337.05357142857144,-31.873873352805653,271.3286713286713,-15.371441648284028,-73.94846499041947,40.8270199265157
Hamilton Heights-Sugar Hill,MN0903,2013,325.7328990228013,123,346.18410700236035,-5.907610305004446,229.62154294032024,41.85641941595213,-73.94846499041947,40.8270199265157
Hamilton Heights-Sugar Hill,MN0903,2014,466.6289592760181,135,352.1666317379394,32.502320555814194,325.7328990228013,43.25509049773757,-73.94846499041947,40.8270199265157
Hamilton Heights-Sugar Hill,MN0903,2015,494.66595148697775,115,378.1408590172051,30.81526095133529,466.6289592760181,6.008412391391104,-73.94846499041947,40.8270199265157
Hamilton Heights-Sugar Hill,MN0903,2016,506.67796390002536,86,412.8122109158187,22.738124140263842,494.66595148697775,2.428307906970192,-73.94846499041947,40.8270199265157
Hamilton Heights-Sugar Hill,MN0903,2017,669.6269919864028,78,453.2408424405514,47.74197938135581,506.67796390002536,32.16027530230811,-73.94846499041947,40.8270199265157
Hamilton Heights-Sugar Hill,MN0903,2018,574.3243243243244,91,468.4992756435464,22.588092273016454,669.6269919864028,-14.232202226402126,-73.94846499041947,40.8270199265157
Hamilton Heights-Sugar Hill,MN0903,2019,656.0053455705715,80,484.8484848484849,35.301102523930375,574.3243243243244,14.222107228758327,-73.94846499041947,40.8270199265157
Hamilton Heights-Sugar Hill,MN0903,2020,641.7516043790109,45,510.948905109489,25.599956857035018,656.0053455705715,-2.1728086955089028,-73.94846499041947,40.8270199265157
Hamilton Heights-Sugar Hill,MN0903,2021,642.4910323109548,40,583.6909871244635,10.073831270920932,641.7516043790109,0.11522027010113303,-73.94846499041947,40.8270199265157
Hamilton Heights-Sugar Hill,MN0903,2022,563.813107557228,73,614.297462406015,-8.218226175158733,642.4910323109548,-12.245762321496182,-73.94846499041947,40.8270199265157
Hamilton Heights-Sugar Hill,MN0903,2023,170.8022348724436,151,588.8157894736842,-70.99224614456824,563.813107557228,-69.70587725204547,-73.94846499041947,40.8270199265157
Hamilton Heights-Sugar Hill,MN0903,2024,680.9934934934935,54,610.3286384976526,11.578164703164697,170.8022348724436,298.70291744254087,-73.94846499041947,40.8270199265157
Hamilton Heights-Sugar Hill,MN0903,2025,592.004233224969,66,643.3739350912779,-7.984423841948289,680.9934934934935,-13.067563951604003,-73.94846499041947,40.8270199265157
Harlem (South),MN1001,2003,222.97338855174675,122,217.5,2.5165004835617246,,,-73.95130039997547,40.804331872348314
Harlem (South),MN1001,2004,283.7460580258594,258,242.06349206349208,17.219682987732064,222.97338855174675,27.255570661971063,-73.95130039997547,40.804331872348314
Harlem (South),MN1001,2005,370.558557565064,286,285.59771521827827,29.748432084567405,283.7460580258594,30.59513853450359,-73.95130039997547,40.804331872348314
Harlem (South),MN1001,2006,470.837580290737,212,319.9301276108415,47.16887834441687,370.558557565064,27.061585997259186,-73.95130039997547,40.804331872348314
Harlem (South),MN1001,2007,602.6401514953529,318,363.8791017154246,65.61548840104972,470.837580290737,27.99321394932608,-73.95130039997547,40.804331872348314
Harlem (South),MN1001,2008,471.3443842688668,422,364.7209496043315,29.23425012470658,602.6401514953529,-21.786760623349966,-73.95130039997547,40.804331872348314
Harlem (South),MN1001,2009,447.1910112359551,132,315.0431111065702,41.945973573338335,471.3443842688668,-5.124357866356588,-73.95130039997547,40.804331872348314
Harlem (South),MN1001,2010,543.2993085281528,333,331.20603015075375,64.03665968305631,447.1910112359551,21.49155391709948,-73.95130039997547,40.804331872348314
Harlem (South),MN1001,2011,562.2091980709155,281,327.76517308054713,71.52804637140461,543.2993085281528,3.480565729780019,-73.95130039997547,40.804331872348314
Harlem (South),MN1001,2012,563.0720902618776,254,337.05357142857144,67.05714995849084,562.2091980709155,0.1534824036894028,-73.95130039997547,40.804331872348314
Harlem (South),MN1001,2013,560.8391962342461,305,346.18410700236035,62.00604963948335,563.0720902618776,-0.39655562160665486,-73.95130039997547,40.804331872348314
Harlem (South),MN1001,2014,696.4285714285714,313,352.1666317379394,97.755411406158,560.8391962342461,24.17615888916824,-73.95130039997547,40.804331872348314
Harlem (South),MN1001,2015,744.9266045134957,302,378.1408590172051,96.99712071569661,696.4285714285714,6.963820135271176,-73.95130039997547,40.804331872348314
Harlem (South),MN1001,2016,874.1740808583017,152,412.8122109158187,111.76071292052083,744.9266045134957,17.350363856210546,-73.95130039997547,40.804331872348314
Harlem (South),MN1001,2017,1024.9307479224378,185,453.2408424405514,126.13380171202712,874.1740808583017,17.245611642490783,-73.95130039997547,40.804331872348314
Harlem (South),MN1001,2018,581.7036038356082,231,468.4992756435464,24.163181050079636,1024.9307479224378,-43.244594328471756,-73.95130039997547,40.804331872348314
Harlem (South),MN1001,2019,839.8758629425549,156,484.8484848484849,73.22439673190195,581.7036038356082,44.38209724069498,-73.95130039997547,40.804331872348314
Harlem (South),MN1001,2020,928.4317103822921,170,510.948905109489,81.7073490319629,839.8758629425549,10.543920994404633,-73.95130039997547,40.804331872348314
Harlem (South),MN1001,2021,899.9420886686828,217,583.6909871244635,54.18125489691404,928.4317103822921,-3.068574823007537,-73.95130039997547,40.804331872348314
Harlem (South),MN1001,2022,865.8348939616338,337,614.297462406015,40.947170865792565,899.9420886686828,-3.7899321674692397,-73.95130039997547,40.804331872348314
Harlem (South),MN1001,2023,605.9412539954252,157,588.8157894736842,2.908458779111327,865.8348939616338,-30.01653569043209,-73.95130039997547,40.804331872348314
Harlem (South),MN1001,2024,810.834808259587,141,610.3286384976526,32.852164737916944,605.9412539954252,33.814095494100286,-73.95130039997547,40.804331872348314
Harlem (South),MN1001,2025,793.0310465226007,110,643.3739350912779,23.261295378727215,810.834808259587,-2.1957322941279633,-73.95130039997547,40.804331872348314
Harlem (North),MN1002,2003,152.77491793883186,83,217.5,-29.75865841892788,,,-73.9409076946082,40.818927366712444
Harlem (North),MN1002,2004,173.7397119341564,155,242.06349206349208,-28.225561627200975,152.77491793883186,13.722667488990847,-73.9409076946082,40.818927366712444
Harlem (North),MN1002,2005,299.2884255329044,290,285.59771521827827,4.793704425878378,173.7397119341564,72.26253123196628,-73.9409076946082,40.818927366712444
Harlem (North),MN1002,2006,246.81724614669992,118,319.9301276108415,-22.852765386658135,299.2884255329044,-17.531977487193434,-73.9409076946082,40.818927366712444
Harlem (North),MN1002,2007,486.28969957081546,386,363.8791017154246,33.6404584045399,246.81724614669992,97.02419792893286,-73.9409076946082,40.818927366712444
Harlem (North),MN1002,2008,477.1764705882353,165,364.7209496043315,30.833304504690908,486.28969957081546,-1.8740329047938324,-73.9409076946082,40.818927366712444
Harlem (North),MN1002,2009,401.9292604501608,85,315.0431111065702,27.579130055695604,477.1764705882353,-15.769262479626061,-73.9409076946082,40.818927366712444
Harlem (North),MN1002,2010,346.43783495558023,122,331.20603015075375,4.598891148779351,401.9292604501608,-13.80626666305165,-73.9409076946082,40.818927366712444
Harlem (North),MN1002,2011,356.0621199604582,150,327.76517308054713,8.633298838298836,346.43783495558023,2.778069839315316,-73.9409076946082,40.818927366712444
Harlem (North),MN1002,2012,390.66657900833377,180,337.05357142857144,15.906375758763922,356.0621199604582,9.71865781502355,-73.9409076946082,40.818927366712444
Harlem (North),MN1002,2013,443.5261581168251,232,346.18410700236035,28.118578856019255,390.66657900833377,13.530612022832836,-73.9409076946082,40.818927366712444
Harlem (North),MN1002,2014,511.8378641367147,262,352.1666317379394,45.33968241420237,443.5261581168251,15.401956518175922,-73.9409076946082,40.818927366712444
Harlem (North),MN1002,2015,515.625,247,378.1408590172051,36.35791734860883,511.8378641367147,0.7399092815598605,-73.9409076946082,40.818927366712444
Harlem (North),MN1002,2016,767.9481750352893,272,412.8122109158187,86.02845427745606,515.625,48.93540364320762,-73.9409076946082,40.818927366712444
Harlem (North),MN1002,2017,719.6211474849629,210,453.2408424405514,58.77235237893436,767.9481750352893,-6.293006367012417,-73.9409076946082,40.818927366712444
Harlem (North),MN1002,2018,631.8352804800437,197,468.4992756435464,34.86366219288887,719.6211474849629,-12.198900395260207,-73.9409076946082,40.818927366712444
Harlem (North),MN1002,2019,628.6867312182135,156,484.8484848484849,29.666638313756522,631.8352804800437,-0.49831805204642604,-73.9409076946082,40.818927366712444
Harlem (North),MN1002,2020,616.4527988979869,113,510.948905109489,20.648619212891738,628.6867312182135,-1.9459504571570574,-73.9409076946082,40.818927366712444
Harlem (North),MN1002,2021,680.5555555555555,215,583.6909871244635,16.595179738562095,616.4527988979869,10.398648002274157,-73.9409076946082,40.818927366712444
Harlem (North),MN1002,2022,758.9285714285714,155,614.297462406015,23.544148864962043,680.5555555555555,11.516034985422746,-73.9409076946082,40.818927366712444
Harlem (North),MN1002,2023,767.3176767985349,102,588.8157894736842,30.315404327795875,758.9285714285714,1.1053880016892992,-73.9409076946082,40.818927366712444
Harlem (North),MN1002,2024,757.5757575757576,119,610.3286384976526,24.125874125874127,767.3176767985349,-1.2696070372604058,-73.9409076946082,40.818927366712444
Harlem (North),MN1002,2025,803.9311750899888,110,643.3739350912779,24.955508957000568,757.5757575757576,6.1189151118785094,-73.9409076946082,40.818927366712444
East Harlem (South),MN1101,2003,191.5653626778821,70,217.5,-11.923971182582946,,,-73.9457504482663,40.790009884289454
East Harlem (South),MN1101,2004,265.1640702684786,39,242.06349206349208,9.543189684682961,191.5653626778821,38.41963210977396,-73.9457504482663,40.790009884289454
East Harlem (South),MN1101,2005,319.83464490564995,40,285.59771521827827,11.987816380535428,265.1640702684786,20.617640460043244,-73.9457504482663,40.790009884289454
East Harlem (South),MN1101,2006,445.01773621412445,41,319.9301276108415,39.098414874962245,319.83464490564995,39.13994099838779,-73.9457504482663,40.790009884289454
East Harlem (South),MN1101,2007,649.0298214221946,82,363.8791017154246,78.36413752878147,445.01773621412445,45.84358523407431,-73.9457504482663,40.790009884289454
East Harlem (South),MN1101,2008,712.455844664606,90,364.7209496043315,95.34272583944401,649.0298214221946,9.772435895692501,-73.9457504482663,40.790009884289454
East Harlem (South),MN1101,2009,619.8927145708583,33,315.0431111065702,96.76440865300052,712.455844664606,-12.992121657353032,-73.9457504482663,40.790009884289454
East Harlem (South),MN1101,2010,551.1146907216495,31,331.20603015075375,66.39633356639092,619.8927145708583,-11.095149569038366,-73.9457504482663,40.790009884289454
East Harlem (South),MN1101,2011,591.7379561765156,26,327.76517308054713,80.53716647653046,551.1146907216495,7.371109160903065,-73.9457504482663,40.790009884289454
East Harlem (South),MN1101,2012,967.5166340613982,118,337.05357142857144,187.05129275463997,591.7379561765156,63.50423763805135,-73.9457504482663,40.790009884289454
East Harlem (South),MN1101,2013,947.3723758645738,146,346.18410700236035,173.66142948269845,967.5166340613982,-2.0820580740057975,-73.9457504482663,40.790009884289454
East Harlem (South),MN1101,2014,957.3616600790515,74,352.1666317379394,171.849054907468,947.3723758645738,1.0544200431600597,-73.9457504482663,40.790009884289454
East Harlem (South),MN1101,2015,752.4752475247525,79,378.1408590172051,98.99337233232325,957.3616600790515,-21.40115079784802,-73.9457504482663,40.790009884289454
East Harlem (South),MN1101,2016,895.8466587159769,150,412.8122109158187,117.01069760716439,752.4752475247525,19.05330596093903,-73.9457504482663,40.790009884289454
East Harlem (South),MN1101,2017,923.0769230769232,61,453.2408424405514,103.66146133399201,895.8466587159769,3.0396122032732285,-73.9457504482663,40.790009884289454
East Harlem (South),MN1101,2018,1265.576323987539,59,468.4992756435464,170.13410474308643,923.0769230769232,37.10410176531669,-73.9457504482663,40.790009884289454
East Harlem (South),MN1101,2019,1143.4511434511437,87,484.8484848484849,135.83679833679838,1265.576323987539,-9.64976811130655,-73.9457504482663,40.790009884289454
East Harlem (South),MN1101,2020,946.1538461538462,63,510.948905109489,85.1758241758242,1143.4511434511437,-17.254545454545468,-73.9457504482663,40.790009884289454
East Harlem (South),MN1101,2021,985.9227215799318,62,583.6909871244635,68.91176038832656,946.1538461538462,4.203214475927749,-73.9457504482663,40.790009884289454
East Harlem (South),MN1101,2022,989.3493173500568,100,614.297462406015,61.05378548611914,985.9227215799318,0.347552165613337,-73.9457504482663,40.790009884289454
East Harlem (South),MN1101,2023,622.8872583854462,103,588.8157894736842,5.786439412947299,989.3493173500568,-37.04071479486826,-73.9457504482663,40.790009884289454
East Harlem (South),MN1101,2024,882.4659576275769,60,610.3286384976526,44.58865305744145,622.8872583854462,41.67346429833405,-73.9457504482663,40.790009884289454
East Harlem (South),MN1101,2025,849.7596153846154,47,643.3739350912779,32.078651160161904,882.4659576275769,-3.7062440721100853,-73.9457504482663,40.790009884289454
East Harlem (North),MN1102,2003,137.13975,40,217.5,-36.94724137931035,,,-73.93743772536324,40.80161252216069
East Harlem (North),MN1102,2004,165.77416666666667,90,242.06349206349208,-31.516245901639344,137.13975,20.879735209278625,-73.93743772536324,40.80161252216069
East Harlem (North),MN1102,2005,394.4209486166008,113,285.59771521827827,38.10367786561265,165.77416666666667,137.92666646890143,-73.93743772536324,40.80161252216069
East Harlem (North),MN1102,2006,442.9055962746208,84,319.9301276108415,38.438226991040025,394.4209486166008,12.292614737649183,-73.93743772536324,40.80161252216069
East Harlem (North),MN1102,2007,354.0793482716808,120,363.8791017154246,-2.693134449751345,442.9055962746208,-20.055345597363793,-73.93743772536324,40.80161252216069
East Harlem (North),MN1102,2008,529.9973673088273,72,364.7209496043315,45.3158552816328,354.0793482716808,49.683219282861636,-73.93743772536324,40.80161252216069
East Harlem (North),MN1102,2009,450.112498532067,76,315.0431111065702,42.87330294291266,529.9973673088273,-15.072691621543793,-73.93743772536324,40.80161252216069
East Harlem (North),MN1102,2010,404.034304252879,108,331.20603015075375,21.988812845278296,450.112498532067,-10.237039502226859,-73.93743772536324,40.80161252216069
East Harlem (North),MN1102,2011,467.5925925925926,123,327.76517308054713,42.66085325596304,404.034304252879,15.730913853278516,-73.93743772536324,40.80161252216069
East Harlem (North),MN1102,2012,393.02915021503213,158,337.05357142857144,16.607324037307542,467.5925925925926,-15.946241142131745,-73.93743772536324,40.80161252216069
East Harlem (North),MN1102,2013,324.30703624733474,93,346.18410700236035,-6.319490211281262,393.02915021503213,-17.48524605111313,-73.93743772536324,40.80161252216069
East Harlem (North),MN1102,2014,419.11027028865306,94,352.1666317379394,19.00908050837962,324.30703624733474,29.23255540130065,-73.93743772536324,40.80161252216069
East Harlem (North),MN1102,2015,604.5044680765031,79,378.1408590172051,59.862245420296844,419.11027028865306,44.23518365707523,-73.93743772536324,40.80161252216069
East Harlem (North),MN1102,2016,485.2889064380788,146,412.8122109158187,17.55681968841752,604.5044680765031,-19.721204380467373,-73.93743772536324,40.80161252216069
East Harlem (North),MN1102,2017,682.852123285674,84,453.2408424405514,50.65988307866126,485.2889064380788,40.71043335766085,-73.93743772536324,40.80161252216069
East Harlem (North),MN1102,2018,684.4758064516129,46,468.4992756435464,46.09965095706794,682.852123285674,0.23777961736814482,-73.93743772536324,40.80161252216069
East Harlem (North),MN1102,2019,674.074074074074,51,484.8484848484849,39.027777777777764,684.4758064516129,-1.5196639938908092,-73.93743772536324,40.80161252216069
East Harlem (North),MN1102,2020,568.3538278987023,38,510.948905109489,11.234963460174614,674.074074074074,-15.68377278425844,-73.93743772536324,40.80161252216069
East Harlem (North),MN1102,2021,492.64868442210525,56,583.6909871244635,-15.59768862474226,568.3538278987023,-13.320072771655548,-73.93743772536324,40.80161252216069
East Harlem (North),MN1102,2022,446.8599033816425,41,614.297462406015,-27.25675576919542,492.64868442210525,-9.294408467602967,-73.93743772536324,40.80161252216069
East Harlem (North),MN1102,2023,648.517650860328,43,588.8157894736842,10.139310537173031,446.8599033816425,45.127733760095026,-73.93743772536324,40.80161252216069
East Harlem (North),MN1102,2024,582.952522856677,40,610.3286384976526,-4.485471255021391,648.517650860328,-10.109998997972045,-73.93743772536324,40.80161252216069
East Harlem (North),MN1102,2025,506.7722636165578,64,643.3739350912779,-21.232080447172592,582.952522856677,-13.06800404033051,-73.93743772536324,40.80161252216069
Washington Heights (South),MN1201,2003,177.48844184271877,28,217.5,-18.396118693002865,,,-73.94153592436278,40.84090302966362
Washington Heights (South),MN1201,2004,139.90556138509967,41,242.06349206349208,-42.20294841140145,177.48844184271877,-21.1748326073667,-73.94153592436278,40.84090302966362
Washington Heights (South),MN1201,2005,156.0075185615355,66,285.59771521827827,-45.37508171509664,139.90556138509967,11.509161620898034,-73.94153592436278,40.84090302966362
Washington Heights (South),MN1201,2006,158.3315134308801,65,319.9301276108415,-50.51059598129741,156.0075185615355,1.4896685049367844,-73.94153592436278,40.84090302966362
Washington Heights (South),MN1201,2007,172.67851365413034,50,363.8791017154246,-52.54508631023956,158.3315134308801,9.061367451346596,-73.94153592436278,40.84090302966362
Washington Heights (South),MN1201,2008,275.47394348844784,88,364.7209496043315,-24.469942352558448,172.67851365413034,59.52994825992858,-73.94153592436278,40.84090302966362
Washington Heights (South),MN1201,2009,387.2752420470263,33,315.0431111065702,22.927697319501775,275.47394348844784,40.58507209167931,-73.94153592436278,40.84090302966362
Washington Heights (South),MN1201,2010,361.54031105506516,40,331.20603015075375,9.15873448635711,387.2752420470263,-6.645126823995685,-73.94153592436278,40.84090302966362
Washington Heights (South),MN1201,2011,285.8440567066521,83,327.76517308054713,-12.78998496999956,361.54031105506516,-20.93715473317828,-73.94153592436278,40.84090302966362
Washington Heights (South),MN1201,2012,186.07123870281765,71,337.05357142857144,-44.79475831863424,285.8440567066521,-34.90463267047265,-73.94153592436278,40.84090302966362
Washington Heights (South),MN1201,2013,270.3991440267957,59,346.18410700236035,-21.891519986805157,186.07123870281765,45.320225689829336,-73.94153592436278,40.84090302966362
Washington Heights (South),MN1201,2014,507.6062896752552,134,352.1666317379394,44.138099390684005,270.3991440267957,87.72481381263287,-73.94153592436278,40.84090302966362
Washington Heights (South),MN1201,2015,413.8569156624793,102,378.1408590172051,9.445172557681513,507.6062896752552,-18.46891496808535,-73.94153592436278,40.84090302966362
Washington Heights (South),MN1201,2016,452.90531292770936,61,412.8122109158187,9.712188969154916,413.8569156624793,9.435240970354098,-73.94153592436278,40.84090302966362
Washington Heights (South),MN1201,2017,479.2332268370607,49,453.2408424405514,5.734784238893608,452.90531292770936,5.8131165958642015,-73.94153592436278,40.84090302966362
Washington Heights (South),MN1201,2018,417.5744371822803,59,468.4992756435464,-10.869779551166657,479.2332268370607,-12.866134107964184,-73.94153592436278,40.84090302966362
Washington Heights (South),MN1201,2019,633.5777777777778,53,484.8484848484849,30.67541666666666,417.5744371822803,51.7281043478261,-73.94153592436278,40.84090302966362
Washington Heights (South),MN1201,2020,673.3230709558557,26,510.948905109489,31.77894388707463,633.5777777777778,6.2731513907386764,-73.94153592436278,40.84090302966362
Washington Heights (South),MN1201,2021,582.8341335862061,42,583.6909871244635,-0.14679917236321338,673.3230709558557,-13.439155922756457,-73.94153592436278,40.84090302966362
Washington Heights (South),MN1201,2022,493.19912948857456,37,614.297462406015,-19.71330508889543,582.8341335862061,-15.379161742999356,-73.94153592436278,40.84090302966362
Washington Heights (South),MN1201,2023,178.12600650356148,115,588.8157894736842,-69.7484324150376,493.19912948857456,-63.88355212867667,-73.94153592436278,40.84090302966362
Washington Heights (South),MN1201,2024,584.4272402170454,18,610.3286384976526,-4.243844487514867,178.12600650356148,228.0976493487829,-73.94153592436278,40.84090302966362
Washington Heights (South),MN1201,2025,530.6541315770315,30,643.3739350912779,-17.52010726052406,584.4272402170454,-9.200992859272535,-73.94153592436278,40.84090302966362
Washington Heights (North),MN1202,2003,129.82222222222222,15,217.5,-40.311621966794384,,,-73.93345184889216,40.856473745923125
Washington Heights (North),MN1202,2004,361.0510764035458,43,242.06349206349208,49.155526645399235,129.82222222222222,178.11192122833893,-73.93345184889216,40.856473745923125
Washington Heights (North),MN1202,2005,384.3983766784179,132,285.59771521827827,34.594345891257454,361.0510764035458,6.466481282215289,-73.93345184889216,40.856473745923125
Washington Heights (North),MN1202,2006,173.31123974915582,33,319.9301276108415,-45.82840914564659,384.3983766784179,-54.91363900994164,-73.93345184889216,40.856473745923125
Washington Heights (North),MN1202,2007,167.90667879277822,50,363.8791017154246,-53.856465512523066,173.31123974915582,-3.118413418656489,-73.93345184889216,40.856473745923125
Washington Heights (North),MN1202,2008,145.72449821281276,33,364.7209496043315,-60.04493342899486,167.90667879277822,-13.211017417205642,-73.93345184889216,40.856473745923125
Washington Heights (North),MN1202,2010,366.8338742992033,15,331.20603015075375,10.757003467670241,145.72449821281276,151.73109449550986,-73.93345184889216,40.856473745923125
Washington Heights (North),MN1202,2011,337.0467625112147,15,327.76517308054713,2.83178024786259,366.8338742992033,-8.120054846323464,-73.93345184889216,40.856473745923125
Washington Heights (North),MN1202,2012,158.61395802830648,31,337.05357142857144,-52.941024373058745,337.0467625112147,-52.940073701782296,-73.93345184889216,40.856473745923125
Washington Heights (North),MN1202,2013,106.24366861858525,89,346.18410700236035,-69.31006754222231,158.61395802830648,-33.017453230928865,-73.93345184889216,40.856473745923125
Washington Heights (North),MN1202,2014,250.6635210852256,65,352.1666317379394,-28.822466839574435,106.24366861858525,135.9326671833101,-73.93345184889216,40.856473745923125
Washington Heights (North),MN1202,2015,330.2975885069266,49,378.1408590172051,-12.65223510482946,250.6635210852256,31.76930854435155,-73.93345184889216,40.856473745923125
Washington Heights (North),MN1202,2016,415.7640210945535,55,412.8122109158187,0.7150491435769979,330.2975885069266,25.875584794296675,-73.93345184889216,40.856473745923125
Washington Heights (North),MN1202,2017,461.5232332100082,45,453.2408424405514,1.8273707914006354,415.7640210945535,11.006053865600855,-73.93345184889216,40.856473745923125
Washington Heights (North),MN1202,2018,431.1812809942759,30,468.4992756435464,-7.965432731568106,461.5232332100082,-6.574306564091373,-73.93345184889216,40.856473745923125
Washington Heights (North),MN1202,2019,711.5749525616699,39,484.8484848484849,46.762333965844405,431.1812809942759,65.02918469021301,-73.93345184889216,40.856473745923125
Washington Heights (North),MN1202,2020,685.5575322375215,16,510.948905109489,34.17340273791494,711.5749525616699,-3.6563148028869827,-73.93345184889216,40.856473745923125
Washington Heights (North),MN1202,2021,515.6767069629229,42,583.6909871244635,-11.6524465276757,685.5575322375215,-24.77995168693455,-73.93345184889216,40.856473745923125
Washington Heights (North),MN1202,2022,452.1963824289406,33,614.297462406015,-26.388043235955127,515.6767069629229,-12.31010120814834,-73.93345184889216,40.856473745923125
Washington Heights (North),MN1202,2023,428.3528811830699,23,588.8157894736842,-27.251801184551255,452.1963824289406,-5.272819989801119,-73.93345184889216,40.856473745923125
Washington Heights (North),MN1202,2024,440.3363050323437,24,610.3286384976526,-27.852590021623687,428.3528811830699,2.7975588295745224,-73.93345184889216,40.856473745923125
Washington Heights (North),MN1202,2025,303.2858345358345,14,643.3739350912779,-52.86009923718681,440.3363050323437,-31.12404517416354,-73.93345184889216,40.856473745923125
Inwood,MN1203,2003,119.09541014318212,11,217.5,-45.24348958934155,,,-73.91932408187948,40.86604715035084
Inwood,MN1203,2004,121.95079003237277,16,242.06349206349208,-49.620329363675516,119.09541014318212,2.397556619317043,-73.91932408187948,40.86604715035084
Inwood,MN1203,2005,179.2256723398727,29,285.59771521827827,-37.245411013567434,121.95079003237277,46.96556889241626,-73.91932408187948,40.86604715035084
Inwood,MN1203,2006,208.40401395857162,18,319.9301276108415,-34.85952213538597,179.2256723398727,16.280224388483198,-73.91932408187948,40.86604715035084
Inwood,MN1203,2007,247.42575342822633,36,363.8791017154246,-32.003307620087455,208.40401395857162,18.72408248212138,-73.91932408187948,40.86604715035084
Inwood,MN1203,2008,385.36702682596496,12,364.7209496043315,5.660787307126558,247.42575342822633,55.75057223691666,-73.91932408187948,40.86604715035084
Inwood,MN1203,2012,176.1056633980388,21,337.05357142857144,-47.751432316343454,385.36702682596496,-54.30183405972363,-73.91932408187948,40.86604715035084
Inwood,MN1203,2013,211.11769525191372,10,346.18410700236035,-39.0157748488222,176.1056633980388,19.881263997024192,-73.91932408187948,40.86604715035084
Inwood,MN1203,2014,195.9619952494062,29,352.1666317379394,-44.35532001361533,211.11769525191372,-7.178791898245748,-73.91932408187948,40.86604715035084
Inwood,MN1203,2015,247.34789884068755,26,378.1408590172051,-34.58842308563291,195.9619952494062,26.222382317490244,-73.91932408187948,40.86604715035084
Inwood,MN1203,2016,246.84154718239407,39,412.8122109158187,-40.204882352007175,247.34789884068755,-0.20471233459703436,-73.91932408187948,40.86604715035084
Inwood,MN1203,2017,390.24944783681957,18,453.2408424405514,-13.89799609950067,246.84154718239407,58.09714867346045,-73.91932408187948,40.86604715035084
Inwood,MN1203,2018,127.15173010380622,18,468.4992756435464,-72.85978085469901,390.24944783681957,-67.41783215617157,-73.91932408187948,40.86604715035084
Inwood,MN1203,2023,134.06493255409595,14,588.8157894736842,-77.2314304489133,127.15173010380622,5.436970810106804,-73.91932408187948,40.86604715035084
Astoria (North)-Ditmars-Steinway,QN0101,2003,240.33653846153845,223,217.5,10.499557913351012,,,-73.90525677776142,40.77740854934345
Astoria (North)-Ditmars-Steinway,QN0101,2004,285.7142857142857,205,242.06349206349208,18.032786885245898,240.33653846153845,18.880919040951056,-73.90525677776142,40.77740854934345
Astoria (North)-Ditmars-Steinway,QN0101,2005,359.2360407519982,218,285.59771521827827,25.783933697592502,285.7142857142857,25.73261426319936,-73.90525677776142,40.77740854934345
Astoria (North)-Ditmars-Steinway,QN0101,2006,368.5498368732938,184,319.9301276108415,15.196977423018017,359.2360407519982,2.5926675123684206,-73.90525677776142,40.77740854934345
Astoria (North)-Ditmars-Steinway,QN0101,2007,347.5467289719626,158,363.8791017154246,-4.48840635982303,368.5498368732938,-5.6988514984886685,-73.90525677776142,40.77740854934345
Astoria (North)-Ditmars-Steinway,QN0101,2008,346.64351851851853,152,364.7209496043315,-4.956510204698777,347.5467289719626,-0.25988173046995083,-73.90525677776142,40.77740854934345
Astoria (North)-Ditmars-Steinway,QN0101,2009,352.0833333333333,113,315.0431111065702,11.757191609955067,346.64351851851853,1.5692821368948149,-73.90525677776142,40.77740854934345
Astoria (North)-Ditmars-Steinway,QN0101,2010,380.38461538461536,129,331.20603015075375,14.848336309419604,352.0833333333333,8.038233955393718,-73.90525677776142,40.77740854934345
Astoria (North)-Ditmars-Steinway,QN0101,2011,359.83789260385004,118,327.76517308054713,9.785273774471808,380.38461538461536,-5.401565139533856,-73.90525677776142,40.77740854934345
Astoria (North)-Ditmars-Steinway,QN0101,2012,355.54209611645473,154,337.05357142857144,5.4853371259415304,359.83789260385004,-1.1938143746647056,-73.90525677776142,40.77740854934345
Astoria (North)-Ditmars-Steinway,QN0101,2013,375.53648068669526,151,346.18410700236035,8.478833398361289,355.54209611645473,5.623633541185947,-73.90525677776142,40.77740854934345
Astoria (North)-Ditmars-Steinway,QN0101,2014,403.0465265930382,158,352.1666317379394,14.447676261662545,375.53648068669526,7.325532224203323,-73.90525677776142,40.77740854934345
Astoria (North)-Ditmars-Steinway,QN0101,2015,416.58211912438844,160,378.1408590172051,10.16585729642992,403.0465265930382,3.358320104075059,-73.90525677776142,40.77740854934345
Astoria (North)-Ditmars-Steinway,QN0101,2016,506.5359477124183,151,412.8122109158187,22.703722011680487,416.58211912438844,21.59330044628495,-73.90525677776142,40.77740854934345
Astoria (North)-Ditmars-Steinway,QN0101,2017,546.1592670894996,131,453.2408424405514,20.500893994595323,506.5359477124183,7.822410147991538,-73.90525677776142,40.77740854934345
Astoria (North)-Ditmars-Steinway,QN0101,2018,578.7037037037037,155,468.4992756435464,23.52285986115491,546.1592670894996,5.958781362007172,-73.90525677776142,40.77740854934345
Astoria (North)-Ditmars-Steinway,QN0101,2019,618.6953597848017,139,484.8484848484849,27.60591795561534,578.7037037037037,6.910558170813729,-73.90525677776142,40.77740854934345
Astoria (North)-Ditmars-Steinway,QN0101,2020,622.0470837406322,96,510.948905109489,21.743500674952312,618.6953597848017,0.5417406002521677,-73.90525677776142,40.77740854934345
Astoria (North)-Ditmars-Steinway,QN0101,2021,634.9206349206349,213,583.6909871244635,8.776844070961724,622.0470837406322,2.0695461029394546,-73.90525677776142,40.77740854934345
Astoria (North)-Ditmars-Steinway,QN0101,2022,697.3622782446312,210,614.297462406015,13.521920717900526,634.9206349206349,9.834558823529406,-73.90525677776142,40.77740854934345
Astoria (North)-Ditmars-Steinway,QN0101,2023,637.2549019607843,141,588.8157894736842,8.226530835798014,697.3622782446312,-8.619246861924685,-73.90525677776142,40.77740854934345
Astoria (North)-Ditmars-Steinway,QN0101,2024,672.3992060435272,164,610.3286384976526,10.170023759439454,637.2549019607843,5.514952332984271,-73.90525677776142,40.77740854934345
Astoria (North)-Ditmars-Steinway,QN0101,2025,646.2333825701625,159,643.3739350912779,0.44444565173112116,672.3992060435272,-3.89141201211813,-73.90525677776142,40.77740854934345
Old Astoria-Hallets Point,QN0102,2003,282.8860015174507,82,217.5,30.062529433310676,,,-73.93141912300871,40.772088173258176
Old Astoria-Hallets Point,QN0102,2004,272.7703984819734,81,242.06349206349208,12.68547609419229,282.8860015174507,-3.5758584663841324,-73.93141912300871,40.772088173258176
Old Astoria-Hallets Point,QN0102,2005,402.542372881356,105,285.59771521827827,40.94733656174336,272.7703984819734,47.57553426676496,-73.93141912300871,40.772088173258176
Old Astoria-Hallets Point,QN0102,2006,514.5172981878089,131,319.9301276108415,60.821771313035114,402.542372881356,27.816928812971454,-73.93141912300871,40.772088173258176
Old Astoria-Hallets Point,QN0102,2007,536.9230769230769,94,363.8791017154246,47.555348573709274,514.5172981878089,4.3547182600436924,-73.93141912300871,40.772088173258176
Old Astoria-Hallets Point,QN0102,2008,494.3537414965986,79,364.7209496043315,35.54300679269989,536.9230769230769,-7.928386254215154,-73.93141912300871,40.772088173258176
Old Astoria-Hallets Point,QN0102,2009,450.8379799771892,62,315.0431111065702,43.10358299651358,494.3537414965986,-8.802555309416793,-73.93141912300871,40.772088173258176
Old Astoria-Hallets Point,QN0102,2010,390.0,51,331.20603015075375,17.751479289940836,450.8379799771892,-13.494422093779098,-73.93141912300871,40.772088173258176
Old Astoria-Hallets Point,QN0102,2011,461.5751445086705,91,327.76517308054713,40.82495103750393,390.0,18.352601156069365,-73.93141912300871,40.772088173258176
Old Astoria-Hallets Point,QN0102,2012,513.2655659447014,84,337.05357142857144,52.28011492928888,461.5751445086705,11.198701240954687,-73.93141912300871,40.772088173258176
Old Astoria-Hallets Point,QN0102,2013,519.047619047619,71,346.18410700236035,49.93398268398268,513.2655659447014,1.1265226982985637,-73.93141912300871,40.772088173258176
Old Astoria-Hallets Point,QN0102,2014,579.5700151214935,84,352.1666317379394,64.57266614423982,519.047619047619,11.66027814267306,-73.93141912300871,40.772088173258176
Old Astoria-Hallets Point,QN0102,2015,650.193842645382,79,378.1408590172051,71.94487904196534,579.5700151214935,12.185555788127488,-73.93141912300871,40.772088173258176
Old Astoria-Hallets Point,QN0102,2016,735.2444131490197,60,412.8122109158187,78.10626568382976,650.193842645382,13.080802204708753,-73.93141912300871,40.772088173258176
Old Astoria-Hallets Point,QN0102,2017,730.8126410835214,64,453.2408424405514,61.2415679814595,735.2444131490197,-0.6027617464670315,-73.93141912300871,40.772088173258176
Old Astoria-Hallets Point,QN0102,2018,856.8075117370892,89,468.4992756435464,82.883422938093,730.8126410835214,17.240379212210204,-73.93141912300871,40.772088173258176
Old Astoria-Hallets Point,QN0102,2019,815.5532491403762,70,484.8484848484849,68.2078576352026,856.8075117370892,-4.814881059232796,-73.93141912300871,40.772088173258176
Old Astoria-Hallets Point,QN0102,2020,736.1733931240658,43,510.948905109489,44.079649797138615,815.5532491403762,-9.733252378061124,-73.93141912300871,40.772088173258176
Old Astoria-Hallets Point,QN0102,2021,947.987404162103,170,583.6909871244635,62.412547918948526,736.1733931240658,28.772299164354692,-73.93141912300871,40.772088173258176
Old Astoria-Hallets Point,QN0102,2022,961.898,129,614.297462406015,56.58505184646867,947.987404162103,1.467381926893028,-73.93141912300871,40.772088173258176
Old Astoria-Hallets Point,QN0102,2023,900.6002234997293,92,588.8157894736842,52.9510994100099,961.898,-6.372585918701436,-73.93141912300871,40.772088173258176
Old Astoria-Hallets Point,QN0102,2024,963.4471718249732,127,610.3286384976526,57.85711353747638,900.6002234997293,6.978340298542335,-73.93141912300871,40.772088173258176
Old Astoria-Hallets Point,QN0102,2025,1077.951954397394,143,643.3739350912779,67.54672447904825,963.4471718249732,11.884905153182865,-73.93141912300871,40.772088173258176
Astoria (Central),QN0103,2003,225.76045627376425,93,217.5,3.797910930466321,,,-73.92305685616103,40.7642841066092
Astoria (Central),QN0103,2004,241.79653679653677,94,242.06349206349208,-0.11028315946350388,225.76045627376425,7.103139667350187,-73.92305685616103,40.7642841066092
Astoria (Central),QN0103,2005,305.6351480420248,111,285.59771521827827,7.015963978714682,241.79653679653677,26.401788913629463,-73.92305685616103,40.7642841066092
Astoria (Central),QN0103,2006,319.71882950252757,118,319.9301276108415,-0.06604507987161505,305.6351480420248,4.608004527858247,-73.92305685616103,40.7642841066092
Astoria (Central),QN0103,2007,390.29059657570895,104,363.8791017154246,7.258315944986507,319.71882950252757,22.073071887254443,-73.92305685616103,40.7642841066092
Astoria (Central),QN0103,2008,426.5908282971916,100,364.7209496043315,16.963620751695178,390.29059657570895,9.300821500689446,-73.92305685616103,40.7642841066092
Astoria (Central),QN0103,2009,302.34348272322956,50,315.0431111065702,-4.031076362448928,426.5908282971916,-29.1256485916296,-73.92305685616103,40.7642841066092
Astoria (Central),QN0103,2010,513.9336703553327,162,331.20603015075375,55.17038446474163,302.34348272322956,69.98337973959121,-73.92305685616103,40.7642841066092
Astoria (Central),QN0103,2011,463.3349282296651,163,327.76517308054713,41.36185485326172,513.9336703553327,-9.845383761426588,-73.92305685616103,40.7642841066092
Astoria (Central),QN0103,2012,477.10751445086703,187,337.05357142857144,41.552428128469145,463.3349282296651,2.972490391308288,-73.92305685616103,40.7642841066092
Astoria (Central),QN0103,2013,406.5697361335487,138,346.18410700236035,17.443212414940998,477.10751445086703,-14.784461820624367,-73.92305685616103,40.7642841066092
Astoria (Central),QN0103,2014,474.1060025542784,88,352.1666317379394,34.6254755070261,406.5697361335487,16.611237979244383,-73.92305685616103,40.7642841066092
Astoria (Central),QN0103,2015,483.4401709401709,116,378.1408590172051,27.84658399429265,474.1060025542784,1.9687935473510203,-73.92305685616103,40.7642841066092
Astoria (Central),QN0103,2016,753.1865585168018,133,412.8122109158187,82.45258706031659,483.4401709401709,55.797263816956146,-73.92305685616103,40.7642841066092
Astoria (Central),QN0103,2017,669.6428571428571,127,453.2408424405514,47.74547976238257,753.1865585168018,-11.092032967032967,-73.92305685616103,40.7642841066092
Astoria (Central),QN0103,2018,707.5471698113207,97,468.4992756435464,51.02417583024222,669.6428571428571,5.660377358490565,-73.92305685616103,40.7642841066092
Astoria (Central),QN0103,2019,659.1312056737588,138,484.8484848484849,35.94581117021275,707.5471698113207,-6.842789598108749,-73.92305685616103,40.7642841066092
Astoria (Central),QN0103,2020,808.1355725366989,104,510.948905109489,58.16367633932538,659.1312056737588,22.60617697665049,-73.92305685616103,40.7642841066092
Astoria (Central),QN0103,2021,654.1666666666666,131,583.6909871244635,12.074142156862742,808.1355725366989,-19.05236090359582,-73.92305685616103,40.7642841066092
Astoria (Central),QN0103,2022,726.5625,170,614.297462406015,18.27535428101513,654.1666666666666,11.066878980891726,-73.92305685616103,40.7642841066092
Astoria (Central),QN0103,2023,737.9339257735996,132,588.8157894736842,25.325091304566655,726.5625,1.5650994613126383,-73.92305685616103,40.7642841066092
Astoria (Central),QN0103,2024,739.6449704142012,115,610.3286384976526,21.187983614019117,737.9339257735996,0.23186962691921809,-73.92305685616103,40.7642841066092
Astoria (Central),QN0103,2025,831.6382978723404,141,643.3739350912779,29.262043815056447,739.6449704142012,12.437497872340423,-73.92305685616103,40.7642841066092
Astoria (East)-Woodside (North),QN0104,2003,241.71270718232043,119,217.5,11.132279164285256,,,-73.91031297254318,40.75955812859656
Astoria (East)-Woodside (North),QN0104,2004,263.25344952795933,129,242.06349206349208,8.753884067288112,241.71270718232043,8.911712833281467,-73.91031297254318,40.75955812859656
Astoria (East)-Woodside (North),QN0104,2005,287.037037037037,93,285.59771521827827,0.5039682539682395,263.25344952795933,9.03448275862068,-73.91031297254318,40.75955812859656
Astoria (East)-Woodside (North),QN0104,2006,325.8928571428571,120,319.9301276108415,1.8637599330028027,287.037037037037,13.536866359447004,-73.91031297254318,40.75955812859656
Astoria (East)-Woodside (North),QN0104,2007,327.27272727272725,91,363.8791017154246,-10.060037597686978,325.8928571428571,0.42341220423412573,-73.91031297254318,40.75955812859656
Astoria (East)-Woodside (North),QN0104,2008,333.3333333333333,103,364.7209496043315,-8.605926340411521,327.27272727272725,1.8518518518518525,-73.91031297254318,40.75955812859656
Astoria (East)-Woodside (North),QN0104,2009,328.2608695652174,83,315.0431111065702,4.195539592096003,333.3333333333333,-1.5217391304347814,-73.91031297254318,40.75955812859656
Astoria (East)-Woodside (North),QN0104,2010,326.5283671224265,92,331.20603015075375,-1.4123121569369126,328.2608695652174,-0.5277822011150965,-73.91031297254318,40.75955812859656
Astoria (East)-Woodside (North),QN0104,2011,323.1891348088531,79,327.76517308054713,-1.3961331610327838,326.5283671224265,-1.0226469274326213,-73.91031297254318,40.75955812859656
Astoria (East)-Woodside (North),QN0104,2012,321.19914346895075,81,337.05357142857144,-4.703830282059649,323.1891348088531,-0.6157358418250416,-73.91031297254318,40.75955812859656
Astoria (East)-Woodside (North),QN0104,2013,321.875,95,346.18410700236035,-7.022017045454547,321.19914346895075,0.21041666666666603,-73.91031297254318,40.75955812859656
Astoria (East)-Woodside (North),QN0104,2014,357.71065182829886,97,352.1666317379394,1.5742604752187306,321.875,11.1334063932579,-73.91031297254318,40.75955812859656
Astoria (East)-Woodside (North),QN0104,2015,446.6019417475728,73,378.1408590172051,18.104650978024246,357.71065182829886,24.85005393743259,-73.91031297254318,40.75955812859656
Astoria (East)-Woodside (North),QN0104,2016,453.125,71,412.8122109158187,9.765406162464982,446.6019417475728,1.4605978260869548,-73.91031297254318,40.75955812859656
Astoria (East)-Woodside (North),QN0104,2017,495.53739620537397,66,453.2408424405514,9.33202611156349,453.125,9.359977093599772,-73.91031297254318,40.75955812859656
Astoria (East)-Woodside (North),QN0104,2018,520.1525054466231,87,468.4992756435464,11.025252863438059,495.53739620537397,4.967356536507985,-73.91031297254318,40.75955812859656
Astoria (East)-Woodside (North),QN0104,2019,547.544641971783,84,484.8484848484849,12.931082406680236,520.1525054466231,5.266174100543833,-73.91031297254318,40.75955812859656
Astoria (East)-Woodside (North),QN0104,2020,565.8711217183771,59,510.948905109489,10.749062393453828,547.544641971783,3.3470293272522933,-73.91031297254318,40.75955812859656
Astoria (East)-Woodside (North),QN0104,2021,548.5714285714286,89,583.6909871244635,-6.0168067226890765,565.8711217183771,-3.057179008254516,-73.91031297254318,40.75955812859656
Astoria (East)-Woodside (North),QN0104,2022,545.0236966824644,125,614.297462406015,-11.276908983512069,548.5714285714286,-0.6467219589257489,-73.91031297254318,40.75955812859656
Astoria (East)-Woodside (North),QN0104,2023,587.1886120996442,105,588.8157894736842,-0.2763474422950618,545.0236966824644,7.736345350456451,-73.91031297254318,40.75955812859656
Astoria (East)-Woodside (North),QN0104,2024,598.7654320987655,83,610.3286384976526,-1.8945868945868916,587.1886120996442,1.971567527123084,-73.91031297254318,40.75955812859656
Astoria (East)-Woodside (North),QN0104,2025,612.2448979591836,101,643.3739350912779,-4.838405075840982,598.7654320987655,2.2512097622554013,-73.91031297254318,40.75955812859656
Queensbridge-Ravenswood-Dutch Kills,QN0105,2003,224.69630281690144,48,217.5,3.308644973288017,,,-73.93793239600953,40.758318651484636
Queensbridge-Ravenswood-Dutch Kills,QN0105,2004,240.0,55,242.06349206349208,-0.8524590163934485,224.69630281690144,6.810836222600915,-73.93793239600953,40.758318651484636
Queensbridge-Ravenswood-Dutch Kills,QN0105,2005,244.80578139114724,45,285.59771521827827,-14.283004258614021,240.0,2.0024089129780145,-73.93793239600953,40.758318651484636
Queensbridge-Ravenswood-Dutch Kills,QN0105,2006,347.2539784159502,48,319.9301276108415,8.540568220053672,244.80578139114724,41.84876535293612,-73.93793239600953,40.758318651484636
Queensbridge-Ravenswood-Dutch Kills,QN0105,2007,477.7012846715329,86,363.8791017154246,31.280219836621477,347.2539784159502,37.565388552389564,-73.93793239600953,40.758318651484636
Queensbridge-Ravenswood-Dutch Kills,QN0105,2008,587.855105169559,64,364.7209496043315,61.179418349095435,477.7012846715329,23.0591426133107,-73.93793239600953,40.758318651484636
Queensbridge-Ravenswood-Dutch Kills,QN0105,2009,308.2191780821918,13,315.0431111065702,-2.1660314997556327,587.855105169559,-47.568852363153326,-73.93793239600953,40.758318651484636
Queensbridge-Ravenswood-Dutch Kills,QN0105,2010,202.4291497975709,27,331.20603015075375,-38.88120041007949,308.2191780821918,-34.322986954565884,-73.93793239600953,40.758318651484636
Queensbridge-Ravenswood-Dutch Kills,QN0105,2011,338.69047619047615,16,327.76517308054713,3.3332715026572286,202.4291497975709,67.31309523809519,-73.93793239600953,40.758318651484636
Queensbridge-Ravenswood-Dutch Kills,QN0105,2012,294.4640753828033,29,337.05357142857144,-12.635823992386843,338.69047619047615,-13.058058586448226,-73.93793239600953,40.758318651484636
Queensbridge-Ravenswood-Dutch Kills,QN0105,2013,658.9584310743694,152,346.18410700236035,90.34912861261898,294.4640753828033,123.78228319285584,-73.93793239600953,40.758318651484636
Queensbridge-Ravenswood-Dutch Kills,QN0105,2014,358.4474885844749,35,352.1666317379394,1.783490052859225,658.9584310743694,-45.603930129543954,-73.93793239600953,40.758318651484636
Queensbridge-Ravenswood-Dutch Kills,QN0105,2015,427.78822055137846,42,378.1408590172051,13.12933007641854,358.4474885844749,19.344739236626594,-73.93793239600953,40.758318651484636
Queensbridge-Ravenswood-Dutch Kills,QN0105,2016,776.5356801967224,152,412.8122109158187,88.10869922524525,427.78822055137846,81.52339005404158,-73.93793239600953,40.758318651484636
Queensbridge-Ravenswood-Dutch Kills,QN0105,2017,472.2915691475529,24,453.2408424405514,4.203223744007638,776.5356801967224,-39.179669242254825,-73.93793239600953,40.758318651484636
Queensbridge-Ravenswood-Dutch Kills,QN0105,2018,572.9442970822281,31,468.4992756435464,22.293528905719757,472.2915691475529,21.311565674641418,-73.93793239600953,40.758318651484636
Queensbridge-Ravenswood-Dutch Kills,QN0105,2019,871.2955104174966,44,484.8484848484849,79.70469902360867,572.9442970822281,52.0733367719427,-73.93793239600953,40.758318651484636
Queensbridge-Ravenswood-Dutch Kills,QN0105,2020,586.3402317763373,20,510.948905109489,14.755159647654603,871.2955104174966,-32.70477986333454,-73.93793239600953,40.758318651484636
Queensbridge-Ravenswood-Dutch Kills,QN0105,2021,1126.4032602025381,90,583.6909871244635,92.97938207881721,586.3402317763373,92.10744874013879,-73.93793239600953,40.758318651484636
Queensbridge-Ravenswood-Dutch Kills,QN0105,2022,1126.418152350081,73,614.297462406015,83.36689003048232,1126.4032602025381,0.0013220973401875265,-73.93793239600953,40.758318651484636
Queensbridge-Ravenswood-Dutch Kills,QN0105,2023,1269.98765615186,218,588.8157894736842,115.6850544526064,1126.418152350081,12.745666740388137,-73.93793239600953,40.758318651484636
Queensbridge-Ravenswood-Dutch Kills,QN0105,2024,1331.0204225965094,118,610.3286384976526,118.0825769331204,1269.98765615186,4.80577635136884,-73.93793239600953,40.758318651484636
Queensbridge-Ravenswood-Dutch Kills,QN0105,2025,1408.249381437613,138,643.3739350912779,118.88505340798727,1331.0204225965094,5.8022369551962205,-73.93793239600953,40.758318651484636
Long Island City-Hunters Point,QN0201,2004,242.53211310596265,16,242.06349206349208,0.19359426672554836,,,-73.94890857670075,40.745379573963106
Long Island City-Hunters Point,QN0201,2005,216.93121693121694,14,285.59771521827827,-24.04308390022676,242.53211310596265,-10.555672750668133,-73.94890857670075,40.745379573963106
Long Island City-Hunters Point,QN0201,2006,282.03160828306346,24,319.9301276108415,-11.84587385089199,216.93121693121694,30.00969259877803,-73.94890857670075,40.745379573963106
Long Island City-Hunters Point,QN0201,2007,639.9353049907578,317,363.8791017154246,75.86481388294341,282.03160828306346,126.90198055690311,-73.94890857670075,40.745379573963106
Long Island City-Hunters Point,QN0201,2008,621.4149932341002,298,364.7209496043315,70.3809429944301,639.9353049907578,-2.8940912639481753,-73.94890857670075,40.745379573963106
Long Island City-Hunters Point,QN0201,2009,645.8500470748793,478,315.0431111065702,105.00370403478094,621.4149932341002,3.932163547198791,-73.94890857670075,40.745379573963106
Long Island City-Hunters Point,QN0201,2010,635.5421686746988,283,331.20603015075375,91.8872577245715,645.8500470748793,-1.5960172871188758,-73.94890857670075,40.745379573963106
Long Island City-Hunters Point,QN0201,2011,642.1378820184791,290,327.76517308054713,95.91400635499367,635.5421686746988,1.0378089242346238,-73.94890857670075,40.745379573963106
Long Island City-Hunters Point,QN0201,2012,696.9949916527546,265,337.05357142857144,106.7905670598901,642.1378820184791,8.542886375405718,-73.94890857670075,40.745379573963106
Long Island City-Hunters Point,QN0201,2013,791.1065149948294,277,346.18410700236035,128.52190467237,696.9949916527546,13.502467660335993,-73.94890857670075,40.745379573963106
Long Island City-Hunters Point,QN0201,2014,881.3216642754662,223,352.1666317379394,150.25700473839646,791.1065149948294,11.403666582271352,-73.94890857670075,40.745379573963106
Long Island City-Hunters Point,QN0201,2015,1035.0414522051979,158,378.1408590172051,173.71849074847114,881.3216642754662,17.441961789978752,-73.94890857670075,40.745379573963106
Long Island City-Hunters Point,QN0201,2016,1104.556963410364,246,412.8122109158187,167.5688688955974,1035.0414522051979,6.71620552559132,-73.94890857670075,40.745379573963106
Long Island City-Hunters Point,QN0201,2017,1162.1182236788445,314,453.2408424405514,156.40192031707113,1104.556963410364,5.211253215113308,-73.94890857670075,40.745379573963106
Long Island City-Hunters Point,QN0201,2018,1163.9118457300276,327,468.4992756435464,148.43407583314595,1162.1182236788445,0.15434075592628915,-73.94890857670075,40.745379573963106
Long Island City-Hunters Point,QN0201,2019,1258.8904694167852,375,484.8484848484849,159.64615931721193,1163.9118457300276,8.160293585394793,-73.94890857670075,40.745379573963106
Long Island City-Hunters Point,QN0201,2020,1224.062772449869,373,510.948905109489,139.5665711794744,1258.8904694167852,-2.766539092400233,-73.94890857670075,40.745379573963106
Long Island City-Hunters Point,QN0201,2021,1332.0194591667341,824,583.6909871244635,128.2062749895949,1224.062772449869,8.819538437624235,-73.94890857670075,40.745379573963106
Long Island City-Hunters Point,QN0201,2022,1408.957475177305,623,614.297462406015,129.3607838878009,1332.0194591667341,5.776042946001756,-73.94890857670075,40.745379573963106
Long Island City-Hunters Point,QN0201,2023,1465.3230543318648,403,588.8157894736842,148.85933436697593,1408.957475177305,4.000516704556087,-73.94890857670075,40.745379573963106
Long Island City-Hunters Point,QN0201,2024,1401.824690934066,330,610.3286384976526,129.68358397612002,1465.3230543318648,-4.333403696207578,-73.94890857670075,40.745379573963106
Long Island City-Hunters Point,QN0201,2025,1428.571428571429,259,643.3739350912779,122.04372148970444,1401.824690934066,1.9079944739410308,-73.94890857670075,40.745379573963106
Sunnyside,QN0202,2003,248.03654100529099,128,217.5,14.039788967949878,,,-73.92644449333991,40.738417859366926
Sunnyside,QN0202,2004,291.2142152023692,113,242.06349206349208,20.30488890327382,248.03654100529099,17.407787587296326,-73.92644449333991,40.738417859366926
Sunnyside,QN0202,2005,321.5078667977219,138,285.59771521827827,12.573683074459469,291.2142152023692,10.402531886810939,-73.92644449333991,40.738417859366926
Sunnyside,QN0202,2006,359.71874129768867,138,319.9301276108415,12.43665733639361,321.5078667977219,11.88489565762549,-73.92644449333991,40.738417859366926
Sunnyside,QN0202,2007,386.1559139784946,120,363.8791017154246,6.122036730895251,359.71874129768867,7.34940097517121,-73.92644449333991,40.738417859366926
Sunnyside,QN0202,2008,336.22841689203244,100,364.7209496043315,-7.812145900368287,386.1559139784946,-12.9293622806571,-73.92644449333991,40.738417859366926
Sunnyside,QN0202,2009,321.7375231053604,68,315.0431111065702,2.1249193404916795,336.22841689203244,-4.309836128849645,-73.92644449333991,40.738417859366926
Sunnyside,QN0202,2010,359.7883597883598,61,331.20603015075375,8.629773324053414,321.7375231053604,11.82667048460454,-73.92644449333991,40.738417859366926
Sunnyside,QN0202,2011,345.66403881140087,71,327.76517308054713,5.460880899159826,359.7883597883598,-3.9257303891841726,-73.92644449333991,40.738417859366926
Sunnyside,QN0202,2012,332.70676691729324,75,337.05357142857144,-1.2896479609620113,345.66403881140087,-3.748516026909384,-73.92644449333991,40.738417859366926
Sunnyside,QN0202,2013,332.6133909287257,115,346.18410700236035,-3.9200863930885483,332.70676691729324,-0.028065551366055607,-73.92644449333991,40.738417859366926
Sunnyside,QN0202,2014,379.87012987012986,95,352.1666317379394,7.866588039722544,332.6133909287257,14.207707876539036,-73.92644449333991,40.738417859366926
Sunnyside,QN0202,2015,420.35404547933786,102,378.1408590172051,11.163349703030127,379.87012987012986,10.657304280030823,-73.92644449333991,40.738417859366926
Sunnyside,QN0202,2016,481.93019278606965,86,412.8122109158187,16.743201882743143,420.35404547933786,14.648639157621362,-73.92644449333991,40.738417859366926
Sunnyside,QN0202,2017,509.80392156862746,89,453.2408424405514,12.479695965505378,481.93019278606965,5.7837689357908815,-73.92644449333991,40.738417859366926
Sunnyside,QN0202,2018,552.7638190954774,75,468.4992756435464,17.98605629350918,509.80392156862746,8.42674913026672,-73.92644449333991,40.738417859366926
Sunnyside,QN0202,2019,564.5584846841962,78,484.8484848484849,16.440187466115454,552.7638190954774,2.1337622292318503,-73.92644449333991,40.738417859366926
Sunnyside,QN0202,2020,590.7023646050434,56,510.948905109489,15.608891358415649,564.5584846841962,4.630854132937463,-73.92644449333991,40.738417859366926
Sunnyside,QN0202,2021,586.167128790614,80,583.6909871244635,0.4242213295684331,590.7023646050434,-0.7677700456577196,-73.92644449333991,40.738417859366926
Sunnyside,QN0202,2022,635.6954481699536,82,614.297462406015,3.483326413254125,586.167128790614,8.44952180814487,-73.92644449333991,40.738417859366926
Sunnyside,QN0202,2023,573.5177865612649,60,588.8157894736842,-2.5980965840086396,635.6954481699536,-9.78104559151499,-73.92644449333991,40.738417859366926
Sunnyside,QN0202,2024,597.9907722495393,68,610.3286384976526,-2.0215119314216405,573.5177865612649,4.267171177900366,-73.92644449333991,40.738417859366926
Sunnyside,QN0202,2025,726.5009096422074,85,643.3739350912779,12.920475949827834,597.9907722495393,21.490321148139937,-73.92644449333991,40.738417859366926
Woodside,QN0203,2003,236.3716216216216,263,217.5,8.67660764212488,,,-73.90141002214514,40.743104529075914
Woodside,QN0203,2004,278.6579683131407,243,242.06349206349208,15.117718057231894,236.3716216216216,17.889773062186855,-73.90141002214514,40.743104529075914
Woodside,QN0203,2005,310.2625298329356,255,285.59771521827827,8.636208660075026,278.6579683131407,11.3417038497458,-73.90141002214514,40.743104529075914
Woodside,QN0203,2006,357.4397339983375,247,319.9301276108415,11.724312013878897,310.2625298329356,15.205575804079519,-73.90141002214514,40.743104529075914
Woodside,QN0203,2007,388.2195448460509,229,363.8791017154246,6.689156650073842,357.4397339983375,8.611188941813774,-73.90141002214514,40.743104529075914
Woodside,QN0203,2008,334.5309192200557,158,364.7209496043315,-8.277569582177154,388.2195448460509,-13.829449428489108,-73.90141002214514,40.743104529075914
Woodside,QN0203,2009,315.6744948115784,125,315.0431111065702,0.20041184293492612,334.5309192200557,-5.636676111266546,-73.90141002214514,40.743104529075914
Woodside,QN0203,2010,337.8378378378378,133,331.20603015075375,2.002320937232178,315.6744948115784,7.020948283924035,-73.90141002214514,40.743104529075914
Woodside,QN0203,2011,309.2105263157895,155,327.76517308054713,-5.660957383107299,337.8378378378378,-8.473684210526306,-73.90141002214514,40.743104529075914
Woodside,QN0203,2012,334.8771514912627,144,337.05357142857144,-0.6457192926584945,309.2105263157895,8.300695801429631,-73.90141002214514,40.743104529075914
Woodside,QN0203,2013,242.306760358614,216,346.18410700236035,-30.00638808731854,334.8771514912627,-27.643089628664598,-73.90141002214514,40.743104529075914
Woodside,QN0203,2014,396.85019841269843,224,352.1666317379394,12.68818867200621,242.306760358614,63.78007688492063,-73.90141002214514,40.743104529075914
Woodside,QN0203,2015,350.737907444668,153,378.1408590172051,-7.246757635172746,396.85019841269843,-11.619571100749873,-73.90141002214514,40.743104529075914
Woodside,QN0203,2016,350.1207729468599,208,412.8122109158187,-15.186430127606599,350.737907444668,-0.17595317891478254,-73.90141002214514,40.743104529075914
Woodside,QN0203,2017,464.4294704699828,188,453.2408424405514,2.46858336269617,350.1207729468599,32.648362038339336,-73.90141002214514,40.743104529075914
Woodside,QN0203,2018,545.0581395348837,141,468.4992756435464,16.34129824132032,464.4294704699828,17.360799473665647,-73.90141002214514,40.743104529075914
Woodside,QN0203,2019,514.8632506061903,112,484.8484848484849,6.190545437526737,545.0581395348837,-5.539755622117624,-73.90141002214514,40.743104529075914
Woodside,QN0203,2020,513.7018612230895,84,510.948905109489,0.5387928393761043,514.8632506061903,-0.22557239844431637,-73.90141002214514,40.743104529075914
Woodside,QN0203,2021,531.25,159,583.6909871244635,-8.984374999999996,513.7018612230895,3.4160161956839232,-73.90141002214514,40.743104529075914
Woodside,QN0203,2022,642.8571428571429,206,614.297462406015,4.6491613914972625,531.25,21.008403361344545,-73.90141002214514,40.743104529075914
Woodside,QN0203,2023,535.8807082945013,113,588.8157894736842,-8.990091999146133,642.8571428571429,-16.64077870974424,-73.90141002214514,40.743104529075914
Woodside,QN0203,2024,681.1994720343178,200,610.3286384976526,11.611913494853598,535.8807082945013,27.117744955273572,-73.90141002214514,40.743104529075914
Woodside,QN0203,2025,603.1746031746031,193,643.3739350912779,-6.248206482124817,681.1994720343178,-11.454041299636216,-73.90141002214514,40.743104529075914
Jackson Heights,QN0301,2003,244.38131313131316,296,217.5,12.359224428189961,,,-73.88634479508866,40.75551879261331
Jackson Heights,QN0301,2004,284.4617949862684,352,242.06349206349208,17.51536448613054,244.38131313131316,16.400796501743496,-73.88634479508866,40.75551879261331
Jackson Heights,QN0301,2005,334.9966733200266,339,285.59771521827827,17.296692329626456,284.4617949862684,17.765084529610615,-73.88634479508866,40.75551879261331
Jackson Heights,QN0301,2006,368.9492325855962,327,319.9301276108415,15.321815841733047,334.9966733200266,10.135192964478858,-73.88634479508866,40.75551879261331
Jackson Heights,QN0301,2007,367.7839675195921,254,363.8791017154246,1.0731217554838735,368.9492325855962,-0.31583344348973874,-73.88634479508866,40.75551879261331
Jackson Heights,QN0301,2008,313.445144033303,224,364.7209496043315,-14.058914253939953,367.7839675195921,-14.774658028940443,-73.88634479508866,40.75551879261331
Jackson Heights,QN0301,2009,298.1524241116386,154,315.0431111065702,-5.361389092306793,313.445144033303,-4.87891428939782,-73.88634479508866,40.75551879261331
Jackson Heights,QN0301,2010,286.42056690837177,165,331.20603015075375,-13.521934737117302,298.1524241116386,-3.93485219455201,-73.88634479508866,40.75551879261331
Jackson Heights,QN0301,2011,286.952931461602,137,327.76517308054713,-12.451671187443592,286.42056690837177,0.18586813055242635,-73.88634479508866,40.75551879261331
Jackson Heights,QN0301,2012,307.8562191667003,178,337.05357142857144,-8.662525704184278,286.952931461602,7.284570190179582,-73.88634479508866,40.75551879261331
Jackson Heights,QN0301,2013,318.93004115226336,191,346.18410700236035,-7.872708567153018,307.8562191667003,3.597075938740965,-73.88634479508866,40.75551879261331
Jackson Heights,QN0301,2014,343.8636914867815,216,352.1666317379394,-2.357673755228588,318.93004115226336,7.817905846823102,-73.88634479508866,40.75551879261331
Jackson Heights,QN0301,2015,376.4619883040936,179,378.1408590172051,-0.44398024521204155,343.8636914867815,9.48000548600091,-73.88634479508866,40.75551879261331
Jackson Heights,QN0301,2016,422.9673460442691,140,412.8122109158187,2.4599890361579595,376.4619883040936,12.353267842438848,-73.88634479508866,40.75551879261331
Jackson Heights,QN0301,2017,454.1666666666667,179,453.2408424405514,0.20426760773147762,422.9673460442691,7.376295336787574,-73.88634479508866,40.75551879261331
Jackson Heights,QN0301,2018,501.36951314028045,190,468.4992756435464,7.0160700785678625,454.1666666666667,10.393287296942479,-73.88634479508866,40.75551879261331
Jackson Heights,QN0301,2019,487.30581706906395,174,484.8484848484849,0.5068247704944344,501.36951314028045,-2.805056091889168,-73.88634479508866,40.75551879261331
Jackson Heights,QN0301,2020,504.93421052631584,112,510.948905109489,-1.1771616541353145,487.30581706906395,3.61752165473401,-73.88634479508866,40.75551879261331
Jackson Heights,QN0301,2021,520.0258397932816,167,583.6909871244635,-10.907337741298068,504.93421052631584,2.988830812480525,-73.88634479508866,40.75551879261331
Jackson Heights,QN0301,2022,555.5555555555555,179,614.297462406015,-9.562453118459164,520.0258397932816,6.832298136645962,-73.88634479508866,40.75551879261331
Jackson Heights,QN0301,2023,521.8565098250613,146,588.8157894736842,-11.37185531462646,555.5555555555555,-6.06582823148897,-73.88634479508866,40.75551879261331
Jackson Heights,QN0301,2024,575.6886087768441,126,610.3286384976526,-5.675635638870924,521.8565098250613,10.315498214217675,-73.88634479508866,40.75551879261331
Jackson Heights,QN0301,2025,598.1093398799192,128,643.3739350912779,-7.035503420718599,575.6886087768441,3.8945934939918234,-73.88634479508866,40.75551879261331
East Elmhurst,QN0302,2003,237.44436201780417,328,217.5,9.169821617381226,,,-73.87220301153107,40.76407507142199
East Elmhurst,QN0302,2004,272.6851851851852,391,242.06349206349208,12.650273224043723,237.44436201780417,14.841718231548748,-73.87220301153107,40.76407507142199
East Elmhurst,QN0302,2005,329.6436416890408,408,285.59771521827827,15.422366539976998,272.6851851851852,20.887990840123607,-73.87220301153107,40.76407507142199
East Elmhurst,QN0302,2006,375.4438609652413,382,319.9301276108415,17.351830466534217,329.6436416890408,13.893857937476836,-73.87220301153107,40.76407507142199
East Elmhurst,QN0302,2007,363.6363636363636,217,363.8791017154246,-0.06670844187441695,375.4438609652413,-3.144943507272001,-73.87220301153107,40.76407507142199
East Elmhurst,QN0302,2008,305.62580131723377,211,364.7209496043315,-16.202839006425947,363.6363636363636,-15.952904637760712,-73.87220301153107,40.76407507142199
East Elmhurst,QN0302,2009,272.72727272727275,201,315.0431111065702,-13.431761205844369,305.62580131723377,-10.764316509983713,-73.87220301153107,40.76407507142199
East Elmhurst,QN0302,2010,252.75060587966703,176,331.20603015075375,-23.687800682667664,272.72727272727275,-7.324777844122095,-73.87220301153107,40.76407507142199
East Elmhurst,QN0302,2011,249.68827930174564,144,327.76517308054713,-23.820985324641057,252.75060587966703,-1.2116000938012987,-73.87220301153107,40.76407507142199
East Elmhurst,QN0302,2012,246.02021298375212,162,337.05357142857144,-27.008572571707983,249.68827930174564,-1.4690582706770556,-73.87220301153107,40.76407507142199
East Elmhurst,QN0302,2013,259.3057284883147,166,346.18410700236035,-25.096004338943644,246.02021298375212,5.400172344960933,-73.87220301153107,40.76407507142199
East Elmhurst,QN0302,2014,327.3542600896861,191,352.1666317379394,-7.045633916479951,259.3057284883147,26.24258707976747,-73.87220301153107,40.76407507142199
East Elmhurst,QN0302,2015,313.0088747760951,184,378.1408590172051,-17.224265161503357,327.3542600896861,-4.3822204451106614,-73.87220301153107,40.76407507142199
East Elmhurst,QN0302,2016,360.3603603603604,209,412.8122109158187,-12.705983294218582,313.0088747760951,15.127841221159386,-73.87220301153107,40.76407507142199
East Elmhurst,QN0302,2017,391.1111111111111,191,453.2408424405514,-13.707884531078957,360.3603603603604,8.533333333333314,-73.87220301153107,40.76407507142199
East Elmhurst,QN0302,2018,458.05791291739524,190,468.4992756435464,-2.2286827897030492,391.1111111111111,17.117080007288564,-73.87220301153107,40.76407507142199
East Elmhurst,QN0302,2019,454.8928525046382,174,484.8484848484849,-6.178349170918376,458.05791291739524,-0.6909738536331803,-73.87220301153107,40.76407507142199
East Elmhurst,QN0302,2020,483.5680751173709,143,510.948905109489,-5.358819584171685,454.8928525046382,6.303731187431727,-73.87220301153107,40.76407507142199
East Elmhurst,QN0302,2021,526.1321195144725,162,583.6909871244635,-9.861188347888167,483.5680751173709,8.802079084060818,-73.87220301153107,40.76407507142199
East Elmhurst,QN0302,2022,589.5304701864986,176,614.297462406015,-4.031758835941089,526.1321195144725,12.049891713612102,-73.87220301153107,40.76407507142199
East Elmhurst,QN0302,2023,559.0763403263404,132,588.8157894736842,-5.050722089828212,589.5304701864986,-5.165827959753127,-73.87220301153107,40.76407507142199
East Elmhurst,QN0302,2024,538.4179677458054,124,610.3286384976526,-11.78228682318727,559.0763403263404,-3.695089756163967,-73.87220301153107,40.76407507142199
East Elmhurst,QN0302,2025,573.6862264080006,122,643.3739350912779,-10.83160272468769,538.4179677458054,6.5503495007517705,-73.87220301153107,40.76407507142199
North Corona,QN0303,2003,204.28571428571428,209,217.5,-6.075533661740562,,,-73.862851675751,40.754052650954414
North Corona,QN0303,2004,228.35445468509985,288,242.06349206349208,-5.663405605499738,204.28571428571428,11.781900894804128,-73.862851675751,40.754052650954414
North Corona,QN0303,2005,298.6577181208054,293,285.59771521827827,4.572866730584852,228.35445468509985,30.786902551410055,-73.862851675751,40.754052650954414
North Corona,QN0303,2006,341.42988084326305,289,319.9301276108415,6.720140235924744,298.6577181208054,14.321465720553238,-73.862851675751,40.754052650954414
North Corona,QN0303,2007,357.17857694146335,192,363.8791017154246,-1.8414151135289647,341.42988084326305,4.6125711256742346,-73.862851675751,40.754052650954414
North Corona,QN0303,2008,297.84512828462914,130,364.7209496043315,-18.336161219215068,357.17857694146335,-16.611704197073987,-73.862851675751,40.754052650954414
North Corona,QN0303,2009,254.02490862573097,128,315.0431111065702,-19.36820718488858,297.84512828462914,-14.712417796211977,-73.862851675751,40.754052650954414
North Corona,QN0303,2010,250.0,109,331.20603015075375,-24.518282506448184,254.02490862573097,-1.5844543149353494,-73.862851675751,40.754052650954414
North Corona,QN0303,2011,254.49101796407183,119,327.76517308054713,-22.35568667280841,250.0,1.796407185628732,-73.862851675751,40.754052650954414
North Corona,QN0303,2012,264.52752916356303,118,337.05357142857144,-21.51766022167137,254.49101796407183,3.943758518388308,-73.862851675751,40.754052650954414
North Corona,QN0303,2013,263.24448831852584,159,346.18410700236035,-23.95823985162583,264.52752916356303,-0.48503112288319167,-73.862851675751,40.754052650954414
North Corona,QN0303,2014,292.57378660854647,142,352.1666317379394,-16.92177502317659,263.24448831852584,11.141467187921588,-73.862851675751,40.754052650954414
North Corona,QN0303,2015,380.02171552660155,146,378.1408590172051,0.49739573615102517,292.57378660854647,29.889187931609662,-73.862851675751,40.754052650954414
North Corona,QN0303,2016,316.6328758577667,228,412.8122109158187,-23.298568335631195,380.02171552660155,-16.680320381427684,-73.862851675751,40.754052650954414
North Corona,QN0303,2017,430.3030303030303,141,453.2408424405514,-5.0608440347097945,316.6328758577667,35.899669021205774,-73.862851675751,40.754052650954414
North Corona,QN0303,2018,482.0699493334645,142,468.4992756435464,2.8966263973998534,430.3030303030303,12.030340338058645,-73.862851675751,40.754052650954414
North Corona,QN0303,2019,483.1030619865571,100,484.8484848484849,-0.35999346527259846,482.0699493334645,0.21430762372163636,-73.862851675751,40.754052650954414
North Corona,QN0303,2020,486.19652777777776,62,510.948905109489,-4.844393849206339,483.1030619865571,0.6403324745034873,-73.862851675751,40.754052650954414
North Corona,QN0303,2021,532.1467376163147,86,583.6909871244635,-8.830742746616673,486.19652777777776,9.450953927737435,-73.862851675751,40.754052650954414
North Corona,QN0303,2022,496.71315354742444,106,614.297462406015,-19.141265600878256,532.1467376163147,-6.65861153778948,-73.862851675751,40.754052650954414
North Corona,QN0303,2023,523.1481481481482,67,588.8157894736842,-11.152493275398296,496.71315354742444,5.321984008663824,-73.862851675751,40.754052650954414
North Corona,QN0303,2024,454.16666666666663,80,610.3286384976526,-25.58653846153847,523.1481481481482,-13.18584070796461,-73.862851675751,40.754052650954414
North Corona,QN0303,2025,550.4021682112257,76,643.3739350912779,-14.450657978064024,454.16666666666663,21.189468229994652,-73.862851675751,40.754052650954414
Elmhurst,QN0401,2003,233.0402874397982,330,217.5,7.144959742435951,,,-73.87911138041684,40.73939955607332
Elmhurst,QN0401,2004,261.92946058091286,397,242.06349206349208,8.20692469900006,233.0402874397982,12.396643283654408,-73.87911138041684,40.73939955607332
Elmhurst,QN0401,2005,314.4282188399835,442,285.59771521827827,10.094794910971364,261.92946058091286,20.043090281878857,-73.87911138041684,40.73939955607332
Elmhurst,QN0401,2006,329.6633141762452,401,319.9301276108415,3.042285088337475,314.4282188399835,4.845333345864549,-73.87911138041684,40.73939955607332
Elmhurst,QN0401,2007,341.1880189793816,306,363.8791017154246,-6.235885113783979,329.6633141762452,3.4959015175631674,-73.87911138041684,40.73939955607332
Elmhurst,QN0401,2008,330.3336434207994,244,364.7209496043315,-9.428387982877675,341.1880189793816,-3.181347220530082,-73.87911138041684,40.73939955607332
Elmhurst,QN0401,2009,364.311377245509,297,315.0431111065702,15.63857910299543,330.3336434207994,10.285883530617765,-73.87911138041684,40.73939955607332
Elmhurst,QN0401,2010,351.9417475728156,305,331.20603015075375,6.260670257912769,364.311377245509,-3.395345422977973,-73.87911138041684,40.73939955607332
Elmhurst,QN0401,2011,306.6169868228179,206,327.76517308054713,-6.452237148616188,351.9417475728156,-12.878483744137265,-73.87911138041684,40.73939955607332
Elmhurst,QN0401,2012,326.9916765755053,199,337.05357142857144,-2.9852509232937896,306.6169868228179,6.6449970576682835,-73.87911138041684,40.73939955607332
Elmhurst,QN0401,2013,337.5796178343949,235,346.18410700236035,-2.485524030110013,326.9916765755053,3.2379849449913287,-73.87911138041684,40.73939955607332
Elmhurst,QN0401,2014,351.93165337200867,266,352.1666317379394,-0.06672363158630297,337.5796178343949,4.251452036613883,-73.87911138041684,40.73939955607332
Elmhurst,QN0401,2015,379.1878863214008,260,378.1408590172051,0.2768881699049759,351.93165337200867,7.744751768770568,-73.87911138041684,40.73939955607332
Elmhurst,QN0401,2016,441.6666666666667,203,412.8122109158187,6.9897292250233445,379.1878863214008,16.47699797358734,-73.87911138041684,40.73939955607332
Elmhurst,QN0401,2017,466.2379421221865,211,453.2408424405514,2.8675923404541512,441.6666666666667,5.563307650306372,-73.87911138041684,40.73939955607332
Elmhurst,QN0401,2018,512.4223602484471,231,468.4992756435464,9.37527268202635,466.2379421221865,9.905761405011768,-73.87911138041684,40.73939955607332
Elmhurst,QN0401,2019,506.6832452595586,183,484.8484848484849,4.5034193347839535,512.4223602484471,-1.1199969857103735,-73.87911138041684,40.73939955607332
Elmhurst,QN0401,2020,578.7171285027772,263,510.948905109489,13.263209435543555,506.6832452595586,14.216748613094127,-73.87911138041684,40.73939955607332
Elmhurst,QN0401,2021,619.7633944543828,282,583.6909871244635,6.180052138140589,578.7171285027772,7.092630221227095,-73.87911138041684,40.73939955607332
Elmhurst,QN0401,2022,633.6405529953917,239,614.297462406015,3.1488149916191523,619.7633944543828,2.2391058693012655,-73.87911138041684,40.73939955607332
Elmhurst,QN0401,2023,615.5378486055777,227,588.8157894736842,4.538271495025489,633.6405529953917,-2.856935892792463,-73.87911138041684,40.73939955607332
Elmhurst,QN0401,2024,496.56728862913553,278,610.3286384976526,-18.639359632303183,615.5378486055777,-19.327903271253707,-73.87911138041684,40.73939955607332
Elmhurst,QN0401,2025,569.467983490566,254,643.3739350912779,-11.487246773562031,496.56728862913553,14.680929761339314,-73.87911138041684,40.73939955607332
Corona,QN0402,2003,202.92207792207796,315,217.5,-6.702492909389443,,,-73.85928416154208,40.74324097664268
Corona,QN0402,2004,234.6480279580629,353,242.06349206349208,-3.0634376304395956,202.92207792207796,15.634548177733373,-73.85928416154208,40.74324097664268
Corona,QN0402,2005,290.59834244702665,356,285.59771521827827,1.7509339053803272,234.6480279580629,23.844357430083914,-73.85928416154208,40.74324097664268
Corona,QN0402,2006,321.05196574542623,336,319.9301276108415,0.3506509821261062,290.59834244702665,10.479627324079106,-73.85928416154208,40.74324097664268
Corona,QN0402,2007,338.69468326569915,302,363.8791017154246,-6.921095037060191,321.05196574542623,5.4952840669608225,-73.85928416154208,40.74324097664268
Corona,QN0402,2008,279.46495085670347,148,364.7209496043315,-23.375679088387503,338.69468326569915,-17.48764752900805,-73.85928416154208,40.74324097664268
Corona,QN0402,2009,261.81026345147177,134,315.0431111065702,-16.89700418083139,279.46495085670347,-6.317317198851241,-73.85928416154208,40.74324097664268
Corona,QN0402,2010,266.33663366336634,121,331.20603015075375,-19.585813838552717,261.81026345147177,1.728874243592656,-73.85928416154208,40.74324097664268
Corona,QN0402,2011,235.38344722854973,145,327.76517308054713,-28.185339212136157,266.33663366336634,-11.621828364001777,-73.85928416154208,40.74324097664268
Corona,QN0402,2012,234.25079405819884,120,337.05357142857144,-30.50042666352777,235.38344722854973,-0.4811949114039112,-73.85928416154208,40.74324097664268
Corona,QN0402,2013,255.4399243140965,147,346.18410700236035,-26.21269459017804,234.25079405819884,9.045489190800046,-73.85928416154208,40.74324097664268
Corona,QN0402,2014,285.42506241822036,192,352.1666317379394,-18.95170163917857,255.4399243140965,11.738626287429236,-73.85928416154208,40.74324097664268
Corona,QN0402,2015,301.22352765097656,194,378.1408590172051,-20.340920461792486,285.42506241822036,5.5350658764532135,-73.85928416154208,40.74324097664268
Corona,QN0402,2016,355.45454545454544,199,412.8122109158187,-13.894372294372301,301.22352765097656,18.003579676022383,-73.85928416154208,40.74324097664268
Corona,QN0402,2017,388.56490683044456,162,453.2408424405514,-14.26966185612232,355.45454545454544,9.314935425444764,-73.85928416154208,40.74324097664268
Corona,QN0402,2018,430.3825971177945,166,468.4992756435464,-8.135909809763007,388.56490683044456,10.76208621835158,-73.85928416154208,40.74324097664268
Corona,QN0402,2019,432.001566272923,162,484.8484848484849,-10.899676956209632,430.3825971177945,0.3761697536030756,-73.85928416154208,40.74324097664268
Corona,QN0402,2020,421.05263157894734,77,510.948905109489,-17.593984962406008,432.001566272923,-2.534466434563464,-73.85928416154208,40.74324097664268
Corona,QN0402,2021,462.7732240437159,131,583.6909871244635,-20.716057939569257,421.05263157894734,9.908640710382537,-73.85928416154208,40.74324097664268
Corona,QN0402,2022,475.50340323614205,160,614.297462406015,-22.59394961949853,462.7732240437159,2.7508461015072854,-73.85928416154208,40.74324097664268
Corona,QN0402,2023,484.5613365029402,88,588.8157894736842,-17.70578419167942,475.50340323614205,1.9049144980146135,-73.85928416154208,40.74324097664268
Corona,QN0402,2024,442.7083333333333,113,610.3286384976526,-27.463942307692314,484.5613365029402,-8.637297286584676,-73.85928416154208,40.74324097664268
Corona,QN0402,2025,500.27453409011105,122,643.3739350912779,-22.242026478872628,442.7083333333333,13.003188876825089,-73.85928416154208,40.74324097664268
Maspeth,QN0501,2003,229.7117516629712,325,217.5,5.61459846573389,,,-73.90512129442645,40.72306177256042
Maspeth,QN0501,2004,266.9270833333333,341,242.06349206349208,10.271516393442608,229.7117516629712,16.20088280244528,-73.90512129442645,40.72306177256042
Maspeth,QN0501,2005,303.81944444444446,425,285.59771521827827,6.380208333333333,266.9270833333333,13.821138211382127,-73.90512129442645,40.72306177256042
Maspeth,QN0501,2006,333.7779387903149,374,319.9301276108415,4.32838610195464,303.81944444444446,9.860624424697935,-73.90512129442645,40.72306177256042
Maspeth,QN0501,2007,330.4813688583936,352,363.8791017154246,-9.1782497812007,333.7779387903149,-0.9876536309945585,-73.90512129442645,40.72306177256042
Maspeth,QN0501,2008,311.3636363636364,261,364.7209496043315,-14.629626649793481,330.4813688583936,-5.784814000497823,-73.90512129442645,40.72306177256042
Maspeth,QN0501,2009,287.6481558226275,218,315.0431111065702,-8.695621112843762,311.3636363636364,-7.616650684703588,-73.90512129442645,40.72306177256042
Maspeth,QN0501,2010,284.1323731138546,236,331.20603015075375,-14.212801927390274,287.6481558226275,-1.2222510861292635,-73.90512129442645,40.72306177256042
Maspeth,QN0501,2011,268.427562686137,206,327.76517308054713,-18.103695959127464,284.1323731138546,-5.527286544509506,-73.90512129442645,40.72306177256042
Maspeth,QN0501,2012,285.7142857142857,229,337.05357142857144,-15.231788079470201,268.427562686137,6.439995526227501,-73.90512129442645,40.72306177256042
Maspeth,QN0501,2013,311.79138321995464,251,346.18410700236035,-9.93480725623583,285.7142857142857,9.126984126984121,-73.90512129442645,40.72306177256042
Maspeth,QN0501,2014,329.7546012269939,279,352.1666317379394,-6.364041476712974,311.79138321995464,5.761293920803133,-73.90512129442645,40.72306177256042
Maspeth,QN0501,2015,372.5490196078432,265,378.1408590172051,-1.4787715413497502,329.7546012269939,12.977656178750586,-73.90512129442645,40.72306177256042
Maspeth,QN0501,2016,392.69338118022335,264,412.8122109158187,-4.873603348835533,372.5490196078432,5.407170737849407,-73.90512129442645,40.72306177256042
Maspeth,QN0501,2017,450.0,229,453.2408424405514,-0.715037599678907,392.69338118022335,14.593222490163708,-73.90512129442645,40.72306177256042
Maspeth,QN0501,2018,473.8805970149254,239,468.4992756435464,1.1486296033194552,450.0,5.306799336650089,-73.90512129442645,40.72306177256042
Maspeth,QN0501,2019,475.8308157099698,225,484.8484848484849,-1.8598942598187371,473.8805970149254,0.4115422128125157,-73.90512129442645,40.72306177256042
Maspeth,QN0501,2020,483.8337182448037,175,510.948905109489,-5.306829429231258,475.8308157099698,1.681879834304783,-73.90512129442645,40.72306177256042
Maspeth,QN0501,2021,503.2679738562092,307,583.6909871244635,-13.77835447904651,483.8337182448037,4.016722042834643,-73.90512129442645,40.72306177256042
Maspeth,QN0501,2022,511.25,271,614.297462406015,-16.774847482262043,503.2679738562092,1.5860389610389491,-73.90512129442645,40.72306177256042
Maspeth,QN0501,2023,516.1626694473409,185,588.8157894736842,-12.338853903915275,511.25,0.9609133393331896,-73.90512129442645,40.72306177256042
Maspeth,QN0501,2024,517.7468244803695,178,610.3286384976526,-15.169174142831777,516.1626694473409,0.3069100356917914,-73.90512129442645,40.72306177256042
Maspeth,QN0501,2025,547.8025024435692,224,643.3739350912779,-14.854725601239904,517.7468244803695,5.805091705461404,-73.90512129442645,40.72306177256042
Ridgewood,QN0502,2003,158.20802005012533,293,217.5,-27.260680436723987,,,-73.90368884676863,40.70567300334719
Ridgewood,QN0502,2004,169.01828298887122,340,242.06349206349208,-30.176053584925338,158.20802005012533,6.832942435737997,-73.90368884676863,40.70567300334719
Ridgewood,QN0502,2005,200.3205128205128,381,285.59771521827827,-29.859203296703313,169.01828298887122,18.52002592743332,-73.90368884676863,40.70567300334719
Ridgewood,QN0502,2006,230.3921568627451,297,319.9301276108415,-27.986726794610956,200.3205128205128,15.011764705882378,-73.90368884676863,40.70567300334719
Ridgewood,QN0502,2007,229.0909090909091,241,363.8791017154246,-37.042026318380884,230.3921568627451,-0.5647969052224416,-73.90368884676863,40.70567300334719
Ridgewood,QN0502,2008,232.9457364341085,188,364.7209496043315,-36.130420616962006,229.0909090909091,1.682662729174349,-73.90368884676863,40.70567300334719
Ridgewood,QN0502,2009,200.0,133,315.0431111065702,-36.516624884285875,232.9457364341085,-14.14309484193011,-73.90368884676863,40.70567300334719
Ridgewood,QN0502,2010,203.51190476190476,174,331.20603015075375,-38.55428759274913,200.0,1.7559523809523796,-73.90368884676863,40.70567300334719
Ridgewood,QN0502,2011,211.5432098765432,194,327.76517308054713,-35.45891166888644,203.51190476190476,3.946356417839298,-73.90368884676863,40.70567300334719
Ridgewood,QN0502,2012,182.9268292682927,183,337.05357142857144,-45.72766919722177,211.5432098765432,-13.52743991402562,-73.90368884676863,40.70567300334719
Ridgewood,QN0502,2013,203.42312008978675,245,346.18410700236035,-41.23845781042751,182.9268292682927,11.204638982416752,-73.90368884676863,40.70567300334719
Ridgewood,QN0502,2014,236.53930610452352,270,352.1666317379394,-32.833129323694294,203.42312008978675,16.27946026986508,-73.90368884676863,40.70567300334719
Ridgewood,QN0502,2015,310.811336074353,316,378.1408590172051,-17.805408047636735,236.53930610452352,31.3994452731715,-73.90368884676863,40.70567300334719
Ridgewood,QN0502,2016,333.0,215,412.8122109158187,-19.333781512605043,310.811336074353,7.138949372277395,-73.90368884676863,40.70567300334719
Ridgewood,QN0502,2017,391.7041136377345,190,453.2408424405514,-13.577048456503174,333.0,17.628862954274627,-73.90368884676863,40.70567300334719
Ridgewood,QN0502,2018,397.36842105263156,184,468.4992756435464,-15.182703216180455,391.7041136377345,1.446067890963141,-73.90368884676863,40.70567300334719
Ridgewood,QN0502,2019,413.1710346553648,170,484.8484848484849,-14.783474102331015,397.36842105263156,3.9768166682375017,-73.90368884676863,40.70567300334719
Ridgewood,QN0502,2020,385.16483516483515,134,510.948905109489,-24.61773940345368,413.1710346553648,-6.778355001068803,-73.90368884676863,40.70567300334719
Ridgewood,QN0502,2021,389.92993772241994,230,583.6909871244635,-33.19582684608541,385.16483516483515,1.237159294551256,-73.90368884676863,40.70567300334719
Ridgewood,QN0502,2022,421.6666666666667,257,614.297462406015,-31.357901916910503,389.92993772241994,8.139084967320265,-73.90368884676863,40.70567300334719
Ridgewood,QN0502,2023,455.18984220907294,168,588.8157894736842,-22.69401562482783,421.6666666666667,7.950160207685276,-73.90368884676863,40.70567300334719
Ridgewood,QN0502,2024,442.3381168275762,158,610.3286384976526,-27.52460085825098,455.18984220907294,-2.823377015428616,-73.90368884676863,40.70567300334719
Ridgewood,QN0502,2025,435.3801169590643,175,643.3739350912779,-32.32860499745062,442.3381168275762,-1.5730048132442793,-73.90368884676863,40.70567300334719
Glendale,QN0503,2003,219.82142857142858,238,217.5,1.0673234811165901,,,-73.87574476631715,40.703537090935455
Glendale,QN0503,2004,244.173140954495,343,242.06349206349208,0.8715270828405561,219.82142857142858,11.077952018291795,-73.87574476631715,40.703537090935455
Glendale,QN0503,2005,282.59179499118636,350,285.59771521827827,-1.0525014966574657,244.173140954495,15.73418513048132,-73.87574476631715,40.703537090935455
Glendale,QN0503,2006,315.7894736842105,299,319.9301276108415,-1.2942369502842266,282.59179499118636,11.747573454515743,-73.87574476631715,40.703537090935455
Glendale,QN0503,2007,308.98324942212093,244,363.8791017154246,-15.086288834535914,315.7894736842105,-2.1553043496617024,-73.87574476631715,40.703537090935455
Glendale,QN0503,2008,278.03308823529414,171,364.7209496043315,-23.768270362061987,308.98324942212093,-10.016776393125403,-73.87574476631715,40.703537090935455
Glendale,QN0503,2009,251.2019230769231,154,315.0431111065702,-20.264270437594632,278.03308823529414,-9.650349650349654,-73.87574476631715,40.703537090935455
Glendale,QN0503,2010,254.49166218396988,174,331.20603015075375,-23.162129002260645,251.2019230769231,1.3095994914176674,-73.87574476631715,40.703537090935455
Glendale,QN0503,2011,264.23224085625657,116,327.76517308054713,-19.3836738745509,254.49166218396988,3.8274647541282922,-73.87574476631715,40.703537090935455
Glendale,QN0503,2012,253.19940476190476,166,337.05357142857144,-24.878587196467997,264.23224085625657,-4.175431453254682,-73.87574476631715,40.703537090935455
Glendale,QN0503,2013,272.50594064411746,162,346.18410700236035,-21.28294305484698,253.19940476190476,7.6250320968833,-73.87574476631715,40.703537090935455
Glendale,QN0503,2014,301.55120481927713,198,352.1666317379394,-14.37257887519767,272.50594064411746,10.658580178658086,-73.87574476631715,40.703537090935455
Glendale,QN0503,2015,328.7981859410431,199,378.1408590172051,-13.048754690092082,301.55120481927713,9.035606784623974,-73.87574476631715,40.703537090935455
Glendale,QN0503,2016,351.8187830687831,220,412.8122109158187,-14.775102633646048,328.7981859410431,7.001436781609207,-73.87574476631715,40.703537090935455
Glendale,QN0503,2017,393.44262295081967,207,453.2408424405514,-13.193475496987023,351.8187830687831,11.831045380513075,-73.87574476631715,40.703537090935455
Glendale,QN0503,2018,426.8292682926829,221,468.4992756435464,-8.894358970699406,393.44262295081967,8.485772357723574,-73.87574476631715,40.703537090935455
Glendale,QN0503,2019,439.8012232415902,208,484.8484848484849,-9.290997706422024,426.8292682926829,3.0391437308868525,-73.87574476631715,40.703537090935455
Glendale,QN0503,2020,442.8721174004193,167,510.948905109489,-13.323599880203634,439.8012232415902,0.6982459339687219,-73.87574476631715,40.703537090935455
Glendale,QN0503,2021,465.8239700374532,255,583.6909871244635,-20.193393368583383,442.8721174004193,5.182501163486466,-73.87574476631715,40.703537090935455
Glendale,QN0503,2022,491.07142857142856,237,614.297462406015,-20.059668381495154,465.8239700374532,5.41995692749461,-73.87574476631715,40.703537090935455
Glendale,QN0503,2023,501.22249388753056,159,588.8157894736842,-14.876179809045082,491.07142857142856,2.0671260280062267,-73.87574476631715,40.703537090935455
Glendale,QN0503,2024,493.05555555555554,193,610.3286384976526,-19.214743589743595,501.22249388753056,-1.6294037940379429,-73.87574476631715,40.703537090935455
Glendale,QN0503,2025,473.8805970149254,191,643.3739350912779,-26.344452087930144,493.05555555555554,-3.8890056758461142,-73.87574476631715,40.703537090935455
Middle Village,QN0504,2003,275.1196172248804,291,217.5,26.491778034427778,,,-73.8781270774703,40.71922221483197
Middle Village,QN0504,2004,285.9477124183006,321,242.06349206349208,18.129218900675006,275.1196172248804,3.935777209434476,-73.8781270774703,40.71922221483197
Middle Village,QN0504,2005,326.70454545454544,285,285.59771521827827,14.393262987012974,285.9477124183006,14.25324675324676,-73.8781270774703,40.71922221483197
Middle Village,QN0504,2006,366.6666666666667,259,319.9301276108415,14.608358207725544,326.70454545454544,12.231884057971024,-73.8781270774703,40.71922221483197
Middle Village,QN0504,2007,384.12698412698415,255,363.8791017154246,5.564453225289813,366.6666666666667,4.7619047619047645,-73.8781270774703,40.71922221483197
Middle Village,QN0504,2008,347.5845410628019,181,364.7209496043315,-4.69849855351607,384.12698412698415,-9.51311534315488,-73.8781270774703,40.71922221483197
Middle Village,QN0504,2009,331.47974101921466,200,315.0431111065702,5.217263711912871,347.5845410628019,-4.633347615041783,-73.8781270774703,40.71922221483197
Middle Village,QN0504,2010,345.2918069584736,180,331.20603015075375,4.2528745027101404,331.47974101921466,4.166790373610894,-73.8781270774703,40.71922221483197
Middle Village,QN0504,2011,309.37765567765564,158,327.76517308054713,-5.6099668033897006,345.2918069584736,-10.401101490698613,-73.8781270774703,40.71922221483197
Middle Village,QN0504,2012,336.53846153846155,177,337.05357142857144,-0.15282730514518816,309.37765567765564,8.779175018736675,-73.8781270774703,40.71922221483197
Middle Village,QN0504,2013,356.51948809495843,196,346.18410700236035,2.9855157656118556,336.53846153846155,5.937219319644789,-73.8781270774703,40.71922221483197
Middle Village,QN0504,2014,384.2683469430485,230,352.1666317379394,9.115490313970817,356.51948809495843,7.783265648776884,-73.8781270774703,40.71922221483197
Middle Village,QN0504,2015,401.90972222222223,233,378.1408590172051,6.2857167212220375,384.2683469430485,4.590899932173775,-73.8781270774703,40.71922221483197
Middle Village,QN0504,2016,449.1899852724595,211,412.8122109158187,8.812184667681509,401.90972222222223,11.76390130321239,-73.8781270774703,40.71922221483197
Middle Village,QN0504,2017,494.3502824858757,249,453.2408424405514,9.070109353773956,449.1899852724595,10.053718625544128,-73.8781270774703,40.71922221483197
Middle Village,QN0504,2018,516.2827640984908,217,468.4992756435464,10.19926623991198,494.3502824858757,4.4366277090661415,-73.8781270774703,40.71922221483197
Middle Village,QN0504,2019,483.69565217391306,227,484.8484848484849,-0.2377717391304362,516.2827640984908,-6.311872909698985,-73.8781270774703,40.71922221483197
Middle Village,QN0504,2020,605.0347222222222,243,510.948905109489,18.4139384920635,483.69565217391306,25.085830212234693,-73.8781270774703,40.71922221483197
Middle Village,QN0504,2021,540.6357233158751,336,583.6909871244635,-7.376379755441982,605.0347222222222,-10.643851756113603,-73.8781270774703,40.71922221483197
Middle Village,QN0504,2022,572.7500584994,318,614.297462406015,-6.7634015194994594,540.6357233158751,5.940106026763894,-73.8781270774703,40.71922221483197
Middle Village,QN0504,2023,550.9020618556701,209,588.8157894736842,-6.438979439037021,572.7500584994,-3.8145778109515014,-73.8781270774703,40.71922221483197
Middle Village,QN0504,2024,590.3165692512578,208,610.3286384976526,-3.278900576524694,550.9020618556701,7.154539821982691,-73.8781270774703,40.71922221483197
Middle Village,QN0504,2025,581.3953488372093,211,643.3739350912779,-9.633369161166812,590.3165692512578,-1.5112603776925793,-73.8781270774703,40.71922221483197
Rego Park,QN0601,2003,282.4858757062147,125,217.5,29.878563543087218,,,-73.86341982229943,40.72623647270697
Rego Park,QN0601,2004,312.8693853427896,138,242.06349206349208,29.250959190791757,282.4858757062147,10.755762411347513,-73.86341982229943,40.72623647270697
Rego Park,QN0601,2005,381.1195851896599,136,285.59771521827827,33.44630047140806,312.8693853427896,21.814278751528608,-73.86341982229943,40.72623647270697
Rego Park,QN0601,2006,374.04116351484777,126,319.9301276108415,16.913391779665766,381.1195851896599,-1.8572705129518994,-73.86341982229943,40.72623647270697
Rego Park,QN0601,2007,399.49058891849427,102,363.8791017154246,9.78662611707775,374.04116351484777,6.803910340909917,-73.86341982229943,40.72623647270697
Rego Park,QN0601,2008,444.2184676165259,84,364.7209496043315,21.79680605088287,399.49058891849427,11.196228381529462,-73.86341982229943,40.72623647270697
Rego Park,QN0601,2009,363.62617878575327,90,315.0431111065702,15.42108554874852,444.2184676165259,-18.142489496934736,-73.86341982229943,40.72623647270697
Rego Park,QN0601,2010,364.8068669527897,73,331.20603015075375,10.14499548415286,363.62617878575327,0.32469834019625504,-73.86341982229943,40.72623647270697
Rego Park,QN0601,2011,379.7466666666666,91,327.76517308054713,15.859370627319583,364.8068669527897,4.095262745098031,-73.86341982229943,40.72623647270697
Rego Park,QN0601,2012,366.0,92,337.05357142857144,8.58807947019867,379.7466666666666,-3.6199571644253927,-73.86341982229943,40.72623647270697
Rego Park,QN0601,2013,418.7746817082997,143,346.18410700236035,20.96877737528384,366.0,14.419311942158384,-73.86341982229943,40.72623647270697
Rego Park,QN0601,2014,470.24028116649237,172,352.1666317379394,33.52777883749533,418.7746817082997,12.289568043667309,-73.86341982229943,40.72623647270697
Rego Park,QN0601,2015,521.3629319132117,140,378.1408590172051,37.87532330366079,470.24028116649237,10.87160177343866,-73.86341982229943,40.72623647270697
Rego Park,QN0601,2016,529.1807296689167,124,412.8122109158187,28.189214290666424,521.3629319132117,1.4994924412858663,-73.86341982229943,40.72623647270697
Rego Park,QN0601,2017,554.3154761904761,109,453.2408424405514,22.30042491441668,529.1807296689167,4.7497471303017935,-73.86341982229943,40.72623647270697
Rego Park,QN0601,2018,710.5263157894736,195,468.4992756435464,51.66006709689588,554.3154761904761,28.180854821617807,-73.86341982229943,40.72623647270697
Rego Park,QN0601,2019,632.9270797977813,104,484.8484848484849,30.541210208292384,710.5263157894736,-10.921373954386333,-73.86341982229943,40.72623647270697
Rego Park,QN0601,2020,563.3572711909903,72,510.948905109489,10.257065933093838,632.9270797977813,-10.99175731729133,-73.86341982229943,40.72623647270697
Rego Park,QN0601,2021,655.0963081861959,154,583.6909871244635,12.233411623076208,563.3572711909903,16.28434417847498,-73.86341982229943,40.72623647270697
Rego Park,QN0601,2022,629.3706293706294,127,614.297462406015,2.453724439228096,655.0963081861959,-3.9270071429336313,-73.86341982229943,40.72623647270697
Rego Park,QN0601,2023,639.8893930799773,118,588.8157894736842,8.673952791236369,629.3706293706294,1.6713146782630406,-73.86341982229943,40.72623647270697
Rego Park,QN0601,2024,651.3157894736842,129,610.3286384976526,6.7155870445344,639.8893930799773,1.7856830441755376,-73.86341982229943,40.72623647270697
Rego Park,QN0601,2025,613.7557405281286,113,643.3739350912779,-4.6035739012254515,651.3157894736842,-5.766795393661052,-73.86341982229943,40.72623647270697
Forest Hills,QN0602,2003,311.2005365526492,301,217.5,43.08070646098815,,,-73.84767770032337,40.72145473073779
Forest Hills,QN0602,2004,358.3149760011462,366,242.06349206349208,48.0252032004735,311.2005365526492,15.13957526243728,-73.84767770032337,40.72145473073779
Forest Hills,QN0602,2005,427.82738095238096,380,285.59771521827827,49.80070153061224,358.3149760011462,19.39980453147803,-73.84767770032337,40.72145473073779
Forest Hills,QN0602,2006,466.6666666666667,319,319.9301276108415,45.86518317346888,427.82738095238096,9.078260869565218,-73.84767770032337,40.72145473073779
Forest Hills,QN0602,2007,440.084835630965,300,363.8791017154246,20.942597020902255,466.6666666666667,-5.6961066505075,-73.84767770032337,40.72145473073779
Forest Hills,QN0602,2008,452.82376554849867,212,364.7209496043315,24.156225750055142,440.084835630965,2.8946532318636713,-73.84767770032337,40.72145473073779
Forest Hills,QN0602,2009,434.63497453310697,263,315.0431111065702,37.96047563347042,452.82376554849867,-4.016748324452426,-73.84767770032337,40.72145473073779
Forest Hills,QN0602,2010,451.9736842105263,247,331.20603015075375,36.462999784394995,434.63497453310697,3.9892578124999947,-73.84767770032337,40.72145473073779
Forest Hills,QN0602,2011,428.3089915121673,230,327.76517308054713,30.675564913332604,451.9736842105263,-5.2358563175408515,-73.84767770032337,40.72145473073779
Forest Hills,QN0602,2012,430.9802560103736,288,337.05357142857144,27.86698986268037,428.3089915121673,0.623676960125263,-73.84767770032337,40.72145473073779
Forest Hills,QN0602,2013,477.75652173913045,264,346.18410700236035,38.00648616600791,430.9802560103736,10.853459079951676,-73.84767770032337,40.72145473073779
Forest Hills,QN0602,2014,521.8458214165546,250,352.1666317379394,48.18150681717056,477.75652173913045,9.228403521720683,-73.84767770032337,40.72145473073779
Forest Hills,QN0602,2015,631.2837295923223,382,378.1408590172051,66.94406714816273,521.8458214165546,20.971310621726857,-73.84767770032337,40.72145473073779
Forest Hills,QN0602,2016,597.883064516129,232,412.8122109158187,44.83172946597993,631.2837295923223,-5.290911758134988,-73.84767770032337,40.72145473073779
Forest Hills,QN0602,2017,634.4086021505376,259,453.2408424405514,39.97163157990309,597.883064516129,6.109144045411113,-73.84767770032337,40.72145473073779
Forest Hills,QN0602,2018,657.2368421052631,251,468.4992756435464,40.285562064628685,634.4086021505376,3.598349687778768,-73.84767770032337,40.72145473073779
Forest Hills,QN0602,2019,713.3058984910837,235,484.8484848484849,47.119341563786,657.2368421052631,8.531027598242966,-73.84767770032337,40.72145473073779
Forest Hills,QN0602,2020,686.6316408103152,188,510.948905109489,34.383621130018845,713.3058984910837,-3.7395257402462003,-73.84767770032337,40.72145473073779
Forest Hills,QN0602,2021,701.0521722265322,281,583.6909871244635,20.106732447633828,686.6316408103152,2.100184518033415,-73.84767770032337,40.72145473073779
Forest Hills,QN0602,2022,765.2841986723565,280,614.297462406015,24.578766071240583,701.0521722265322,9.16223199791597,-73.84767770032337,40.72145473073779
Forest Hills,QN0602,2023,745.4059769603206,234,588.8157894736842,26.594087707227636,765.2841986723565,-2.5974953809998205,-73.84767770032337,40.72145473073779
Forest Hills,QN0602,2024,743.6711922006039,198,610.3286384976526,21.84766456825278,745.4059769603206,-0.23273019177964863,-73.84767770032337,40.72145473073779
Forest Hills,QN0602,2025,810.2655850872499,314,643.3739350912779,25.940070135463984,743.6711922006039,8.954816804128981,-73.84767770032337,40.72145473073779
College Point,QN0701,2003,220.63667364178872,358,217.5,1.4421488008223993,,,-73.8398893424001,40.78260006847265
College Point,QN0701,2004,265.20132071061244,390,242.06349206349208,9.558578391925131,220.63667364178872,20.198204737792576,-73.8398893424001,40.78260006847265
College Point,QN0701,2005,311.53846153846155,351,285.59771521827827,9.08296703296703,265.20132071061244,17.472439693621354,-73.8398893424001,40.78260006847265
College Point,QN0701,2006,334.1194968553459,300,319.9301276108415,4.4351463084977585,311.53846153846155,7.248233558506093,-73.8398893424001,40.78260006847265
College Point,QN0701,2007,316.1342729482883,226,363.8791017154246,-13.12106920734229,334.1194968553459,-5.382871719947597,-73.8398893424001,40.78260006847265
College Point,QN0701,2008,318.74836473050766,206,364.7209496043315,-12.60486542483982,316.1342729482883,0.8268928761947181,-73.8398893424001,40.78260006847265
College Point,QN0701,2009,290.68666314305847,180,315.0431111065702,-7.7311476127699414,318.74836473050766,-8.80371625158753,-73.8398893424001,40.78260006847265
College Point,QN0701,2010,302.6049325980392,201,331.20603015075375,-8.635439861918055,290.68666314305847,4.100039997058725,-73.8398893424001,40.78260006847265
College Point,QN0701,2011,318.3567134268537,208,327.76517308054713,-2.870487906102629,302.6049325980392,5.205394602651137,-73.8398893424001,40.78260006847265
College Point,QN0701,2012,318.2579564489112,255,337.05357142857144,-5.576447358203829,318.3567134268537,-0.031020856095484273,-73.8398893424001,40.78260006847265
College Point,QN0701,2013,333.57938628392833,282,346.18410700236035,-3.64104546207434,318.2579564489112,4.814154532371167,-73.8398893424001,40.78260006847265
College Point,QN0701,2014,332.9166666666667,203,352.1666317379394,-5.4661524790904465,333.57938628392833,-0.19866923572356637,-73.8398893424001,40.78260006847265
College Point,QN0701,2015,367.4242424242424,235,378.1408590172051,-2.8340276744532225,332.9166666666667,10.365229263852523,-73.8398893424001,40.78260006847265
College Point,QN0701,2016,404.8582995951417,247,412.8122109158187,-1.9267626078771576,367.4242424242424,10.188238240327244,-73.8398893424001,40.78260006847265
College Point,QN0701,2017,431.76049097101725,238,453.2408424405514,-4.739279751107507,404.8582995951417,6.6448412698412564,-73.8398893424001,40.78260006847265
College Point,QN0701,2018,479.31717888824517,222,468.4992756435464,2.309054422728598,431.76049097101725,11.014599277083983,-73.8398893424001,40.78260006847265
College Point,QN0701,2019,456.1030235162374,197,484.8484848484849,-5.9287513997760435,479.31717888824517,-4.843171994346621,-73.8398893424001,40.78260006847265
College Point,QN0701,2020,476.8392370572207,163,510.948905109489,-6.675749318801075,456.1030235162374,4.546388090375181,-73.8398893424001,40.78260006847265
College Point,QN0701,2021,509.35582464244885,268,583.6909871244635,-12.735362395815747,476.8392370572207,6.8191929393021296,-73.8398893424001,40.78260006847265
College Point,QN0701,2022,545.004500450045,248,614.297462406015,-11.28003389181695,509.35582464244885,6.998776510039989,-73.8398893424001,40.78260006847265
College Point,QN0701,2023,512.9251778093883,166,588.8157894736842,-12.888684886003324,545.004500450045,-5.886065640589537,-73.8398893424001,40.78260006847265
College Point,QN0701,2024,525.3940455341506,179,610.3286384976526,-13.91620638555841,512.9251778093883,2.430933060844192,-73.8398893424001,40.78260006847265
College Point,QN0701,2025,537.636,183,643.3739350912779,-16.434911227212908,525.3940455341506,2.3300520000000033,-73.8398893424001,40.78260006847265
Whitestone-Beechhurst,QN0702,2003,270.18024032042723,246,217.5,24.220800147322866,,,-73.81088947926911,40.78837927904305
Whitestone-Beechhurst,QN0702,2004,314.5956607495069,267,242.06349206349208,29.964109030943835,270.18024032042723,16.439181627939952,-73.81088947926911,40.78837927904305
Whitestone-Beechhurst,QN0702,2005,362.7306814256464,302,285.59771521827827,27.007557167751333,314.5956607495069,15.30059904877914,-73.81088947926911,40.78837927904305
Whitestone-Beechhurst,QN0702,2006,382.0772409408773,222,319.9301276108415,19.42521443483142,362.7306814256464,5.333587839659099,-73.81088947926911,40.78837927904305
Whitestone-Beechhurst,QN0702,2007,390.625,233,363.8791017154246,7.35021554095522,382.0772409408773,2.237180900404741,-73.81088947926911,40.78837927904305
Whitestone-Beechhurst,QN0702,2008,405.2272762407378,202,364.7209496043315,11.106114600861206,390.625,3.7381827176288787,-73.81088947926911,40.78837927904305
Whitestone-Beechhurst,QN0702,2009,330.15381392704313,152,315.0431111065702,4.796392077070806,405.2272762407378,-18.526260870231983,-73.81088947926911,40.78837927904305
Whitestone-Beechhurst,QN0702,2010,388.6352105530188,153,331.20603015075375,17.33941268403997,330.15381392704313,17.71337908545221,-73.81088947926911,40.78837927904305
Whitestone-Beechhurst,QN0702,2011,373.6979166666667,117,327.76517308054713,14.01391830450264,388.6352105530188,-3.843525620104439,-73.81088947926911,40.78837927904305
Whitestone-Beechhurst,QN0702,2012,355.6231003039514,147,337.05357142857144,5.509370156404116,373.6979166666667,-4.8367452845175425,-73.81088947926911,40.78837927904305
Whitestone-Beechhurst,QN0702,2013,385.0,207,346.18410700236035,11.212499999999999,355.6231003039514,8.260683760683754,-73.81088947926911,40.78837927904305
Whitestone-Beechhurst,QN0702,2014,404.741641337386,211,352.1666317379394,14.929015091517725,385.0,5.127699048671689,-73.81088947926911,40.78837927904305
Whitestone-Beechhurst,QN0702,2015,445.47865482599997,186,378.1408590172051,17.80759582125216,404.741641337386,10.064942503570139,-73.81088947926911,40.78837927904305
Whitestone-Beechhurst,QN0702,2016,493.43356310910383,218,412.8122109158187,19.52978862093921,445.47865482599997,10.764804949371733,-73.81088947926911,40.78837927904305
Whitestone-Beechhurst,QN0702,2017,519.3317422434368,237,453.2408424405514,14.58185000429526,493.43356310910383,5.248564562805505,-73.81088947926911,40.78837927904305
Whitestone-Beechhurst,QN0702,2018,537.109375,253,468.4992756435464,14.644654308634403,519.3317422434368,3.4231746897977864,-73.81088947926911,40.78837927904305
Whitestone-Beechhurst,QN0702,2019,553.0451026435398,184,484.8484848484849,14.065552420230087,537.109375,2.96694274672451,-73.81088947926911,40.78837927904305
Whitestone-Beechhurst,QN0702,2020,555.6089743589744,178,510.948905109489,8.74061355311357,553.0451026435398,0.46359179444484405,-73.81088947926911,40.78837927904305
Whitestone-Beechhurst,QN0702,2021,572.6744186046511,293,583.6909871244635,-1.8873974008207979,555.6089743589744,3.0714846291613203,-73.81088947926911,40.78837927904305
Whitestone-Beechhurst,QN0702,2022,645.9150602296784,266,614.297462406015,5.146952373826663,572.6744186046511,12.789228791375319,-73.81088947926911,40.78837927904305
Whitestone-Beechhurst,QN0702,2023,607.976653696498,207,588.8157894736842,3.2541355998521886,645.9150602296784,-5.873590642040453,-73.81088947926911,40.78837927904305
Whitestone-Beechhurst,QN0702,2024,609.4808126410835,193,610.3286384976526,-0.13891300573016827,607.976653696498,0.24740406320541805,-73.81088947926911,40.78837927904305
Whitestone-Beechhurst,QN0702,2025,689.1109942135718,221,643.3739350912779,7.1089387722561375,609.4808126410835,13.065248309856406,-73.81088947926911,40.78837927904305
Bay Terrace-Clearview,QN0703,2003,345.0439146800502,160,217.5,58.64088031266675,,,-73.78757873957565,40.78186101792742
Bay Terrace-Clearview,QN0703,2004,421.00834318043474,166,242.06349206349208,73.92475816634352,345.0439146800502,22.01587255083872,-73.78757873957565,40.78186101792742
Bay Terrace-Clearview,QN0703,2005,454.9918166939444,167,285.59771521827827,59.3121346738368,421.00834318043474,8.071924004352827,-73.78757873957565,40.78186101792742
Bay Terrace-Clearview,QN0703,2006,447.4989234307285,134,319.9301276108415,39.87395522032857,454.9918166939444,-1.6468193466996044,-73.78757873957565,40.78186101792742
Bay Terrace-Clearview,QN0703,2007,489.24191750278703,154,363.8791017154246,34.45177675672171,447.4989234307285,9.328065808971768,-73.78757873957565,40.78186101792742
Bay Terrace-Clearview,QN0703,2008,484.0856065737529,96,364.7209496043315,32.72766675424443,489.24191750278703,-1.0539389092727856,-73.78757873957565,40.78186101792742
Bay Terrace-Clearview,QN0703,2009,379.7223958333333,75,315.0431111065702,20.530296472625892,484.0856065737529,-21.558833669746665,-73.78757873957565,40.78186101792742
Bay Terrace-Clearview,QN0703,2010,445.5807158509861,83,331.20603015075375,34.53279085775488,379.7223958333333,17.343807144459074,-73.78757873957565,40.78186101792742
Bay Terrace-Clearview,QN0703,2011,429.0617848970252,103,327.76517308054713,30.905239523902917,445.5807158509861,-3.7072813895036916,-73.78757873957565,40.78186101792742
Bay Terrace-Clearview,QN0703,2012,429.042904290429,101,337.05357142857144,27.292199418617347,429.0617848970252,-0.004400440044010702,-73.78757873957565,40.78186101792742
Bay Terrace-Clearview,QN0703,2013,447.20131326073033,152,346.18410700236035,29.180197535088237,429.042904290429,4.232306090770228,-73.78757873957565,40.78186101792742
Bay Terrace-Clearview,QN0703,2014,501.93798449612405,126,352.1666317379394,42.528547358125415,447.20131326073033,12.23982792811719,-73.78757873957565,40.78186101792742
Bay Terrace-Clearview,QN0703,2015,511.3636363636364,141,378.1408590172051,35.230992411843474,501.93798449612405,1.8778518778518771,-73.78757873957565,40.78186101792742
Bay Terrace-Clearview,QN0703,2016,553.9651408940749,128,412.8122109158187,34.193012281567505,511.3636363636364,8.330960885952427,-73.78757873957565,40.78186101792742
Bay Terrace-Clearview,QN0703,2017,602.0265709376534,148,453.2408424405514,32.82707879897592,553.9651408940749,8.675894292916976,-73.78757873957565,40.78186101792742
Bay Terrace-Clearview,QN0703,2018,649.4784742816239,116,468.4992756435464,38.62955783431647,602.0265709376534,7.882028075615392,-73.78757873957565,40.78186101792742
Bay Terrace-Clearview,QN0703,2019,586.9947275922672,121,484.8484848484849,21.0676625659051,649.4784742816239,-9.620603170639159,-73.78757873957565,40.78186101792742
Bay Terrace-Clearview,QN0703,2020,574.4755861096421,84,510.948905109489,12.433078995744259,586.9947275922672,-2.132751947189718,-73.78757873957565,40.78186101792742
Bay Terrace-Clearview,QN0703,2021,592.5324675324675,175,583.6909871244635,1.51475362872422,574.4755861096421,3.1431938727121405,-73.78757873957565,40.78186101792742
Bay Terrace-Clearview,QN0703,2022,602.0100502512563,167,614.297462406015,-2.0002381430378526,592.5324675324675,1.599504371170926,-73.78757873957565,40.78186101792742
Bay Terrace-Clearview,QN0703,2023,634.8797250859106,137,588.8157894736842,7.823148841406064,602.0100502512563,5.459987722951765,-73.78757873957565,40.78186101792742
Bay Terrace-Clearview,QN0703,2024,661.3352830765201,138,610.3286384976526,8.357242534845215,634.8797250859106,4.167018877005334,-73.78757873957565,40.78186101792742
Bay Terrace-Clearview,QN0703,2025,671.3780918727915,135,643.3739350912779,4.352703032263902,661.3352830765201,1.5185654014333594,-73.78757873957565,40.78186101792742
Murray Hill-Broadway Flushing,QN0704,2003,287.1368805146192,384,217.5,32.0169565584456,,,-73.8107694737283,40.76887101999592
Murray Hill-Broadway Flushing,QN0704,2004,307.7862438220758,354,242.06349206349208,27.15103843141491,287.1368805146192,7.191470239019079,-73.8107694737283,40.76887101999592
Murray Hill-Broadway Flushing,QN0704,2005,362.56753437738735,376,285.59771521827827,26.95043239413948,307.7862438220758,17.79848568767725,-73.8107694737283,40.76887101999592
Murray Hill-Broadway Flushing,QN0704,2006,372.76985038179066,314,319.9301276108415,16.516019658899598,362.56753437738735,2.81390776532793,-73.8107694737283,40.76887101999592
Murray Hill-Broadway Flushing,QN0704,2007,368.5897435897436,373,363.8791017154246,1.294562356593643,372.76985038179066,-1.121363969689557,-73.8107694737283,40.76887101999592
Murray Hill-Broadway Flushing,QN0704,2008,384.7789115646258,261,364.7209496043315,5.499536558581077,368.5897435897436,4.392191659272386,-73.8107694737283,40.76887101999592
Murray Hill-Broadway Flushing,QN0704,2009,370.4261954261954,208,315.0431111065702,17.579525584639956,384.7789115646258,-3.730120260506987,-73.8107694737283,40.76887101999592
Murray Hill-Broadway Flushing,QN0704,2010,350.0,263,331.20603015075375,5.674404490972544,370.4261954261954,-5.5142416163883805,-73.8107694737283,40.76887101999592
Murray Hill-Broadway Flushing,QN0704,2011,312.5,293,327.76517308054713,-4.657350546757378,350.0,-10.714285714285714,-73.8107694737283,40.76887101999592
Murray Hill-Broadway Flushing,QN0704,2012,348.6884197056942,259,337.05357142857144,3.4519284954642266,312.5,11.580294305822134,-73.8107694737283,40.76887101999592
Murray Hill-Broadway Flushing,QN0704,2013,386.21870201497916,288,346.18410700236035,11.564538695690569,348.6884197056942,10.763271788883015,-73.8107694737283,40.76887101999592
Murray Hill-Broadway Flushing,QN0704,2014,432.3849056603773,287,352.1666317379394,22.778499350310785,386.21870201497916,11.953383770526889,-73.8107694737283,40.76887101999592
Murray Hill-Broadway Flushing,QN0704,2015,444.6299109992199,292,378.1408590172051,17.583144057698764,432.3849056603773,2.8319687340012276,-73.8107694737283,40.76887101999592
Murray Hill-Broadway Flushing,QN0704,2016,486.9039623908664,283,412.8122109158187,17.94805229008999,444.6299109992199,9.507694004805877,-73.8107694737283,40.76887101999592
Murray Hill-Broadway Flushing,QN0704,2017,522.3753736772487,266,453.2408424405514,15.253376298665156,486.9039623908664,7.285093986954931,-73.8107694737283,40.76887101999592
Murray Hill-Broadway Flushing,QN0704,2018,572.9166666666666,239,468.4992756435464,22.287631262543357,522.3753736772487,9.675282476207428,-73.8107694737283,40.76887101999592
Murray Hill-Broadway Flushing,QN0704,2019,511.3753999623565,276,484.8484848484849,5.4711762422360195,572.9166666666666,-10.741748370206862,-73.8107694737283,40.76887101999592
Murray Hill-Broadway Flushing,QN0704,2020,550.0713229078614,216,510.948905109489,7.656816054824313,511.3753999623565,7.5670286346103826,-73.8107694737283,40.76887101999592
Murray Hill-Broadway Flushing,QN0704,2021,587.5912408759124,459,583.6909871244635,0.6682052382996965,550.0713229078614,6.820918743720022,-73.8107694737283,40.76887101999592
Murray Hill-Broadway Flushing,QN0704,2022,758.1774891774892,517,614.297462406015,23.42188199963258,587.5912408759124,29.03144846871556,-73.8107694737283,40.76887101999592
Murray Hill-Broadway Flushing,QN0704,2023,630.968622100955,299,588.8157894736842,7.158916826083991,758.1774891774892,-16.778243734793158,-73.8107694737283,40.76887101999592
Murray Hill-Broadway Flushing,QN0704,2024,660.8481896284277,316,610.3286384976526,8.27743414681161,630.968622100955,4.735507675164856,-73.8107694737283,40.76887101999592
Murray Hill-Broadway Flushing,QN0704,2025,726.6627906976744,379,643.3739350912779,12.945637220224038,660.8481896284277,9.959110443542562,-73.8107694737283,40.76887101999592
East Flushing,QN0705,2003,254.31034482758625,249,217.5,16.92429647245345,,,-73.8080654907777,40.75380324819657
East Flushing,QN0705,2004,297.3887814313346,281,242.06349206349208,22.855693312616918,254.31034482758625,16.939317444185797,-73.8080654907777,40.75380324819657
East Flushing,QN0705,2005,335.3465735547936,224,285.59771521827827,17.41920739754273,297.3887814313346,12.763693351433043,-73.8080654907777,40.75380324819657
East Flushing,QN0705,2006,366.585599387208,233,319.9301276108415,14.58301915008065,335.3465735547936,9.315445063675327,-73.8080654907777,40.75380324819657
East Flushing,QN0705,2007,377.7212808200203,266,363.8791017154246,3.8040599307132252,366.585599387208,3.0376756346749403,-73.8080654907777,40.75380324819657
East Flushing,QN0705,2008,354.83870967741933,201,364.7209496043315,-2.7095344914058135,377.7212808200203,-6.058057171924141,-73.8080654907777,40.75380324819657
East Flushing,QN0705,2009,339.7142333760762,144,315.0431111065702,7.8310305478034845,354.83870967741933,-4.262352412196698,-73.8080654907777,40.75380324819657
East Flushing,QN0705,2010,342.10526315789474,143,331.20603015075375,3.2907713069656466,339.7142333760762,0.7038356203260913,-73.8080654907777,40.75380324819657
East Flushing,QN0705,2011,324.77931749949556,134,327.76517308054713,-0.9109740223430643,342.10526315789474,-5.064507192455144,-73.8080654907777,40.75380324819657
East Flushing,QN0705,2012,339.50216450216453,156,337.05357142857144,0.726469997993181,324.77931749949556,4.533184907222991,-73.8080654907777,40.75380324819657
East Flushing,QN0705,2013,372.22222222222223,193,346.18410700236035,7.521464646464647,339.50216450216453,9.637658059717344,-73.8080654907777,40.75380324819657
East Flushing,QN0705,2014,412.0879120879121,179,352.1666317379394,17.015036335004744,372.22222222222223,10.710185337051016,-73.8080654907777,40.75380324819657
East Flushing,QN0705,2015,434.2173686947478,197,378.1408590172051,14.829529351386817,412.0879120879121,5.370081469925457,-73.8080654907777,40.75380324819657
East Flushing,QN0705,2016,470.3548068778217,226,412.8122109158187,13.939170024633112,434.2173686947478,8.322430374377385,-73.8080654907777,40.75380324819657
East Flushing,QN0705,2017,529.6296296296297,197,453.2408424405514,16.853906364163933,470.3548068778217,12.60215094755161,-73.8080654907777,40.75380324819657
East Flushing,QN0705,2018,541.3513086770981,166,468.4992756435464,15.550084454982285,529.6296296296297,2.213184155815722,-73.8080654907777,40.75380324819657
East Flushing,QN0705,2019,549.9438832772166,127,484.8484848484849,13.425925925925924,541.3513086770981,1.587245557993791,-73.8080654907777,40.75380324819657
East Flushing,QN0705,2020,542.0666290231508,105,510.948905109489,6.090183108816666,549.9438832772166,-1.4323741919127921,-73.8080654907777,40.75380324819657
East Flushing,QN0705,2021,549.8658771130681,162,583.6909871244635,-5.795037229893476,542.0666290231508,1.4387987882545428,-73.8080654907777,40.75380324819657
East Flushing,QN0705,2022,653.59477124183,195,614.297462406015,6.397113978283333,549.8658771130681,18.864399201013214,-73.8080654907777,40.75380324819657
East Flushing,QN0705,2023,659.3063816917029,168,588.8157894736842,11.97158661132832,653.59477124183,0.8738763988305482,-73.8080654907777,40.75380324819657
East Flushing,QN0705,2024,671.3913653210458,142,610.3286384976526,10.004892933371343,659.3063816917029,1.8329844765546253,-73.8080654907777,40.75380324819657
East Flushing,QN0705,2025,661.9623655913979,145,643.3739350912779,2.889210999429562,671.3913653210458,-1.4043969310119353,-73.8080654907777,40.75380324819657
Queensboro Hill,QN0706,2003,258.48765432098764,191,217.5,18.844898538385124,,,-73.81968393016572,40.74310092081313
Queensboro Hill,QN0706,2004,287.09551656920075,224,242.06349206349208,18.60339373022719,258.48765432098764,11.067399842890802,-73.81968393016572,40.74310092081313
Queensboro Hill,QN0706,2005,333.3333333333333,245,285.59771521827827,16.7142857142857,287.09551656920075,16.105377512221622,-73.81968393016572,40.74310092081313
Queensboro Hill,QN0706,2006,336.1441336441336,192,319.9301276108415,5.0679834857611725,333.3333333333333,0.8432400932400868,-73.81968393016572,40.74310092081313
Queensboro Hill,QN0706,2007,355.297157622739,199,363.8791017154246,-2.358460283162181,336.1441336441336,5.697860548975749,-73.81968393016572,40.74310092081313
Queensboro Hill,QN0706,2008,349.0458015267176,182,364.7209496043315,-4.297846914091212,355.297157622739,-1.7594725884802118,-73.81968393016572,40.74310092081313
Queensboro Hill,QN0706,2009,359.375,145,315.0431111065702,14.071689661048817,349.0458015267176,2.959267359212677,-73.81968393016572,40.74310092081313
Queensboro Hill,QN0706,2010,343.9962121212121,136,331.20603015075375,3.8616996087410365,359.375,-4.279314888010539,-73.81968393016572,40.74310092081313
Queensboro Hill,QN0706,2011,333.1332533013205,115,327.76517308054713,1.6377823703234609,343.9962121212121,-3.1578716384423133,-73.81968393016572,40.74310092081313
Queensboro Hill,QN0706,2012,353.1815406815407,126,337.05357142857144,4.784986904192202,333.1332533013205,6.018098518098529,-73.81968393016572,40.74310092081313
Queensboro Hill,QN0706,2013,369.0828402366864,153,346.18410700236035,6.614611350188282,353.1815406815407,4.502301995868954,-73.81968393016572,40.74310092081313
Queensboro Hill,QN0706,2014,395.1607579058559,154,352.1666317379394,12.208461078706089,369.0828402366864,7.0656001380194695,-73.81968393016572,40.74310092081313
Queensboro Hill,QN0706,2015,462.2641509433962,143,378.1408590172051,22.246549115276522,395.1607579058559,16.981289689075645,-73.81968393016572,40.74310092081313
Queensboro Hill,QN0706,2016,494.4072628121708,156,412.8122109158187,19.765658509794203,462.2641509433962,6.953407873653283,-73.81968393016572,40.74310092081313
Queensboro Hill,QN0706,2017,535.4352346999406,122,453.2408424405514,18.134815877757106,494.4072628121708,8.298416098178679,-73.81968393016572,40.74310092081313
Queensboro Hill,QN0706,2018,545.2982347513598,146,468.4992756435464,16.3925459654809,535.4352346999406,1.8420528594735648,-73.81968393016572,40.74310092081313
Queensboro Hill,QN0706,2019,538.8888888888889,115,484.8484848484849,11.145833333333332,545.2982347513598,-1.175383570679149,-73.81968393016572,40.74310092081313
Queensboro Hill,QN0706,2020,593.4771153267088,98,510.948905109489,16.1519497139416,538.8888888888889,10.129773978152148,-73.81968393016572,40.74310092081313
Queensboro Hill,QN0706,2021,596.7741935483871,157,583.6909871244635,2.241461100569259,593.4771153267088,0.5555527140862387,-73.81968393016572,40.74310092081313
Queensboro Hill,QN0706,2022,632.4110671936759,179,614.297462406015,2.948669967920005,596.7741935483871,5.971584232453799,-73.81968393016572,40.74310092081313
Queensboro Hill,QN0706,2023,608.5590891244601,107,588.8157894736842,3.3530520077295476,632.4110671936759,-3.7715940321947423,-73.81968393016572,40.74310092081313
Queensboro Hill,QN0706,2024,639.5348837209302,100,610.3286384976526,4.78533094812164,608.5590891244601,5.090022505626411,-73.81968393016572,40.74310092081313
Queensboro Hill,QN0706,2025,707.6476945244957,105,643.3739350912779,9.990109317079977,639.5348837209302,10.650366780193874,-73.81968393016572,40.74310092081313
Flushing-Willets Point,QN0707,2003,276.9515418502203,147,217.5,27.334042229986338,,,-73.83158365157792,40.76021312358899
Flushing-Willets Point,QN0707,2004,359.47712418300654,236,242.06349206349208,48.5053037608486,276.9515418502203,29.79784181068664,-73.83158365157792,40.76021312358899
Flushing-Willets Point,QN0707,2005,379.67615857063095,216,285.59771521827827,32.9408949509452,359.47712418300654,5.619004111466426,-73.83158365157792,40.76021312358899
Flushing-Willets Point,QN0707,2006,407.9737379310345,245,319.9301276108415,27.519637171303856,379.67615857063095,7.4530830344827645,-73.83158365157792,40.76021312358899
Flushing-Willets Point,QN0707,2007,478.9189189189189,395,363.8791017154246,31.614845881823232,407.9737379310345,17.389644085344834,-73.83158365157792,40.76021312358899
Flushing-Willets Point,QN0707,2008,388.6714204096941,418,364.7209496043315,6.566793278901402,478.9189189189189,-18.844003639059352,-73.83158365157792,40.76021312358899
Flushing-Willets Point,QN0707,2009,469.0092226855272,218,315.0431111065702,48.87144208237412,388.6714204096941,20.669850690629616,-73.83158365157792,40.76021312358899
Flushing-Willets Point,QN0707,2010,516.1226528547259,496,331.20603015075375,55.83129709921173,469.0092226855272,10.045309962015054,-73.83158365157792,40.76021312358899
Flushing-Willets Point,QN0707,2011,443.56823720552393,440,327.76517308054713,35.33110703513292,516.1226528547259,-14.057591785188311,-73.83158365157792,40.76021312358899
Flushing-Willets Point,QN0707,2012,523.0,377,337.05357142857144,55.1682119205298,443.56823720552393,17.907450563840076,-73.83158365157792,40.76021312358899
Flushing-Willets Point,QN0707,2013,616.9323557237465,638,346.18410700236035,78.20932366474585,523.0,17.9602974615194,-73.83158365157792,40.76021312358899
Flushing-Willets Point,QN0707,2014,544.973544973545,523,352.1666317379394,54.74877397784825,616.9323557237465,-11.66397094958391,-73.83158365157792,40.76021312358899
Flushing-Willets Point,QN0707,2015,542.8849902534113,425,378.1408590172051,43.56686861726054,544.973544973545,-0.38323965252939557,-73.83158365157792,40.76021312358899
Flushing-Willets Point,QN0707,2016,652.4902829250655,304,412.8122109158187,58.059831001007446,542.8849902534113,20.189412976861256,-73.83158365157792,40.76021312358899
Flushing-Willets Point,QN0707,2017,964.0877659574468,609,453.2408424405514,112.70981687487702,652.4902829250655,47.75511470232368,-73.83158365157792,40.76021312358899
Flushing-Willets Point,QN0707,2018,770.9995731707318,305,468.4992756435464,64.56793281305734,964.0877659574468,-20.02807209102554,-73.83158365157792,40.76021312358899
Flushing-Willets Point,QN0707,2019,808.5798816568047,268,484.8484848484849,66.76960059171596,770.9995731707318,4.874232074023606,-73.83158365157792,40.76021312358899
Flushing-Willets Point,QN0707,2020,862.9013862249346,392,510.948905109489,68.88212844688009,808.5798816568047,6.718137045015708,-73.83158365157792,40.76021312358899
Flushing-Willets Point,QN0707,2021,812.6999230955439,450,583.6909871244635,39.234619177398336,862.9013862249346,-5.817752054961306,-73.83158365157792,40.76021312358899
Flushing-Willets Point,QN0707,2022,893.939393939394,599,614.297462406015,45.52223452757027,812.6999230955439,9.99624443600437,-73.83158365157792,40.76021312358899
Flushing-Willets Point,QN0707,2023,977.1594444564755,524,588.8157894736842,65.95333581830647,893.939393939394,9.309361583266746,-73.83158365157792,40.76021312358899
Flushing-Willets Point,QN0707,2024,909.1071090295138,648,610.3286384976526,48.953703248681876,977.1594444564755,-6.964302070970042,-73.83158365157792,40.76021312358899
Flushing-Willets Point,QN0707,2025,957.8662737642586,727,643.3739350912779,48.88173448126439,909.1071090295138,5.363412545172588,-73.83158365157792,40.76021312358899
Kew Gardens Hills,QN0801,2003,279.1388888888889,122,217.5,28.339719029374212,,,-73.81979282486617,40.72664500543721
Kew Gardens Hills,QN0801,2004,297.36467236467234,155,242.06349206349208,22.84573350147119,279.1388888888889,6.5292885374485365,-73.81979282486617,40.72664500543721
Kew Gardens Hills,QN0801,2005,324.83660130718954,163,285.59771521827827,13.739215686274504,297.36467236467234,9.238464247974646,-73.81979282486617,40.72664500543721
Kew Gardens Hills,QN0801,2006,353.23714391416945,108,319.9301276108415,10.41071578724281,324.83660130718954,8.74302418283285,-73.81979282486617,40.72664500543721
Kew Gardens Hills,QN0801,2007,358.8618824987326,114,363.8791017154246,-1.378814884679962,353.23714391416945,1.592340636161938,-73.81979282486617,40.72664500543721
Kew Gardens Hills,QN0801,2008,328.1154415789304,90,364.7209496043315,-10.036579490460493,358.8618824987326,-8.567764485243364,-73.81979282486617,40.72664500543721
Kew Gardens Hills,QN0801,2009,307.87134997884044,89,315.0431111065702,-2.276438009559833,328.1154415789304,-6.169807645343664,-73.81979282486617,40.72664500543721
Kew Gardens Hills,QN0801,2010,320.49,82,331.20603015075375,-3.2354574419663087,307.87134997884044,4.098676288659802,-73.81979282486617,40.72664500543721
Kew Gardens Hills,QN0801,2011,297.8406552494416,81,327.76517308054713,-9.129865003610881,320.49,-7.067098739604476,-73.81979282486617,40.72664500543721
Kew Gardens Hills,QN0801,2012,342.7287581699346,80,337.05357142857144,1.6837640133315914,297.8406552494416,15.071180555555518,-73.81979282486617,40.72664500543721
Kew Gardens Hills,QN0801,2013,324.75961538461536,116,346.18410700236035,-6.188756555944065,342.7287581699346,-5.242963234619971,-73.81979282486617,40.72664500543721
Kew Gardens Hills,QN0801,2014,345.3453453453453,115,352.1666317379394,-1.936948528862905,324.75961538461536,6.3387591885001235,-73.81979282486617,40.72664500543721
Kew Gardens Hills,QN0801,2015,443.24164851125636,102,378.1408590172051,17.216015657035676,345.3453453453453,28.347364308042067,-73.81979282486617,40.72664500543721
Kew Gardens Hills,QN0801,2016,439.9235520931227,102,412.8122109158187,6.567475588272405,443.24164851125636,-0.7485976169609461,-73.81979282486617,40.72664500543721
Kew Gardens Hills,QN0801,2017,432.45904422375014,130,453.2408424405514,-4.585155676813713,439.9235520931227,-1.6967738676088109,-73.81979282486617,40.72664500543721
Kew Gardens Hills,QN0801,2018,539.2156862745098,81,468.4992756435464,15.094241188276115,432.45904422375014,24.685954306351572,-73.81979282486617,40.72664500543721
Kew Gardens Hills,QN0801,2019,517.3444976076555,85,484.8484848484849,6.702302631578943,539.2156862745098,-4.056111352762074,-73.81979282486617,40.72664500543721
Kew Gardens Hills,QN0801,2020,494.3064182194617,85,510.948905109489,-3.2571724341910526,517.3444976076555,-4.453140894457809,-73.81979282486617,40.72664500543721
Kew Gardens Hills,QN0801,2021,580.0653594771242,171,583.6909871244635,-0.6211553248750491,494.3064182194617,17.34934811620983,-73.81979282486617,40.72664500543721
Kew Gardens Hills,QN0801,2022,534.5948244842475,178,614.297462406015,-12.974599896538184,580.0653594771242,-7.838864060743806,-73.81979282486617,40.72664500543721
Kew Gardens Hills,QN0801,2023,554.7409579667644,98,588.8157894736842,-5.787010490560671,534.5948244842475,3.7684864424104703,-73.81979282486617,40.72664500543721
Kew Gardens Hills,QN0801,2024,527.8587209080868,78,610.3286384976526,-13.512378805059635,554.7409579667644,-4.8459081076700015,-73.81979282486617,40.72664500543721
Kew Gardens Hills,QN0801,2025,633.143408878703,100,643.3739350912779,-1.590136879126669,527.8587209080868,19.945618742358317,-73.81979282486617,40.72664500543721
Pomonok-Electchester-Hillcrest,QN0802,2003,260.7142857142857,223,217.5,19.868637110016422,,,-73.80342175852556,40.72706731100339
Pomonok-Electchester-Hillcrest,QN0802,2004,292.2271386680392,244,242.06349206349208,20.723342531714536,260.7142857142857,12.087121680891734,-73.80342175852556,40.72706731100339
Pomonok-Electchester-Hillcrest,QN0802,2005,343.3734939759036,249,285.59771521827827,20.22977624784853,292.2271386680392,17.502260584348083,-73.80342175852556,40.72706731100339
Pomonok-Electchester-Hillcrest,QN0802,2006,363.3214994548961,180,319.9301276108415,13.562765147530985,343.3734939759036,5.8094191394960655,-73.80342175852556,40.72706731100339
Pomonok-Electchester-Hillcrest,QN0802,2007,376.6982131343833,202,363.8791017154246,3.5229039971039655,363.3214994548961,3.681784232300244,-73.80342175852556,40.72706731100339
Pomonok-Electchester-Hillcrest,QN0802,2008,353.40965202741955,164,364.7209496043315,-3.101356691789448,376.6982131343833,-6.182286056837704,-73.80342175852556,40.72706731100339
Pomonok-Electchester-Hillcrest,QN0802,2009,353.1746031746032,213,315.0431111065702,12.103579073384072,353.40965202741955,-0.06650889455563763,-73.80342175852556,40.72706731100339
Pomonok-Electchester-Hillcrest,QN0802,2010,324.6753246753247,129,331.20603015075375,-1.9717954629197085,353.1746031746032,-8.069458631256381,-73.80342175852556,40.72706731100339
Pomonok-Electchester-Hillcrest,QN0802,2011,326.93464318436327,120,327.76517308054713,-0.2533917464073469,324.6753246753247,0.6958701007838779,-73.80342175852556,40.72706731100339
Pomonok-Electchester-Hillcrest,QN0802,2012,326.797385620915,121,337.05357142857144,-3.042894862139128,326.93464318436327,-0.04198318113717215,-73.80342175852556,40.72706731100339
Pomonok-Electchester-Hillcrest,QN0802,2013,367.6470588235294,183,346.18410700236035,6.199866310160421,326.797385620915,12.500000000000004,-73.80342175852556,40.72706731100339
Pomonok-Electchester-Hillcrest,QN0802,2014,396.24183006535947,185,352.1666317379394,12.515438532580259,367.6470588235294,7.77777777777778,-73.80342175852556,40.72706731100339
Pomonok-Electchester-Hillcrest,QN0802,2015,392.1985815602837,225,378.1408590172051,3.7175888846327907,396.24183006535947,-1.0203992103531454,-73.80342175852556,40.72706731100339
Pomonok-Electchester-Hillcrest,QN0802,2016,458.85416666666663,184,412.8122109158187,11.153244631185796,392.1985815602837,16.995366184448454,-73.80342175852556,40.72706731100339
Pomonok-Electchester-Hillcrest,QN0802,2017,500.0,187,453.2408424405514,10.316624889245658,458.85416666666663,8.967082860385934,-73.80342175852556,40.72706731100339
Pomonok-Electchester-Hillcrest,QN0802,2018,591.1330049261084,195,468.4992756435464,26.175863156694984,500.0,18.226600985221673,-73.80342175852556,40.72706731100339
Pomonok-Electchester-Hillcrest,QN0802,2019,578.125,175,484.8484848484849,19.238281249999993,591.1330049261084,-2.2005208333333304,-73.80342175852556,40.72706731100339
Pomonok-Electchester-Hillcrest,QN0802,2020,516.3817663817664,131,510.948905109489,1.0632885632885811,578.125,-10.679910679910677,-73.80342175852556,40.72706731100339
Pomonok-Electchester-Hillcrest,QN0802,2021,552.0977751369908,168,583.6909871244635,-5.412660583147901,516.3817663817664,6.916589833425521,-73.80342175852556,40.72706731100339
Pomonok-Electchester-Hillcrest,QN0802,2022,617.283950617284,159,614.297462406015,0.48616320171204364,552.0977751369908,11.806998400621824,-73.80342175852556,40.72706731100339
Pomonok-Electchester-Hillcrest,QN0802,2023,589.633698446648,116,588.8157894736842,0.1389074456877224,617.283950617284,-4.479340851643014,-73.80342175852556,40.72706731100339
Pomonok-Electchester-Hillcrest,QN0802,2024,614.7540983606557,123,610.3286384976526,0.7250945775535822,589.633698446648,4.2603399331119824,-73.80342175852556,40.72706731100339
Pomonok-Electchester-Hillcrest,QN0802,2025,679.0123456790124,153,643.3739350912779,5.539299720415054,614.7540983606557,10.452674897119351,-73.80342175852556,40.72706731100339
Fresh Meadows-Utopia,QN0803,2003,312.63528138528136,160,217.5,43.74035925760062,,,-73.78624448798527,40.734925674879335
Fresh Meadows-Utopia,QN0803,2004,333.3333333333333,165,242.06349206349208,37.70491803278687,312.63528138528136,6.620510601471227,-73.78624448798527,40.734925674879335
Fresh Meadows-Utopia,QN0803,2005,369.04761904761904,198,285.59771521827827,29.219387755102034,333.3333333333333,10.714285714285717,-73.78624448798527,40.734925674879335
Fresh Meadows-Utopia,QN0803,2006,388.1690140845071,145,319.9301276108415,21.329309303645964,369.04761904761904,5.181281235801934,-73.78624448798527,40.734925674879335
Fresh Meadows-Utopia,QN0803,2007,404.98442367601245,141,363.8791017154246,11.29642284121463,388.1690140845071,4.331981425968353,-73.78624448798527,40.734925674879335
Fresh Meadows-Utopia,QN0803,2008,392.3611111111111,127,364.7209496043315,7.5784408701406045,404.98442367601245,-3.116987179487184,-73.78624448798527,40.734925674879335
Fresh Meadows-Utopia,QN0803,2009,369.04761904761904,95,315.0431111065702,17.14194217780582,392.3611111111111,-5.9418457648546115,-73.78624448798527,40.734925674879335
Fresh Meadows-Utopia,QN0803,2010,366.6666666666667,99,331.20603015075375,10.706518990542673,369.04761904761904,-0.6451612903225725,-73.78624448798527,40.734925674879335
Fresh Meadows-Utopia,QN0803,2011,378.91268533772654,95,327.76517308054713,15.604925860933399,366.6666666666667,3.3398232739254157,-73.78624448798527,40.734925674879335
Fresh Meadows-Utopia,QN0803,2012,351.73160173160176,114,337.05357142857144,4.354806341561311,378.91268533772654,-7.173442499529455,-73.78624448798527,40.734925674879335
Fresh Meadows-Utopia,QN0803,2013,393.28379953379954,150,346.18410700236035,13.60538845624073,351.73160173160176,11.813609467455615,-73.78624448798527,40.734925674879335
Fresh Meadows-Utopia,QN0803,2014,416.6666666666667,121,352.1666317379394,18.31520340539368,393.28379953379954,5.945545471383594,-73.78624448798527,40.734925674879335
Fresh Meadows-Utopia,QN0803,2015,453.3205942575271,142,378.1408590172051,19.881410180247503,416.6666666666667,8.796942621806497,-73.78624448798527,40.734925674879335
Fresh Meadows-Utopia,QN0803,2016,494.9095022624434,123,412.8122109158187,19.887321444414862,453.3205942575271,9.174281630207622,-73.78624448798527,40.734925674879335
Fresh Meadows-Utopia,QN0803,2017,508.6580086580087,109,453.2408424405514,12.226869476072439,494.9095022624434,2.77798392084108,-73.78624448798527,40.734925674879335
Fresh Meadows-Utopia,QN0803,2018,551.0388437217706,99,468.4992756435464,17.61786460925581,508.6580086580087,8.33189182955659,-73.78624448798527,40.734925674879335
Fresh Meadows-Utopia,QN0803,2019,573.8993710691824,99,484.8484848484849,18.36674528301886,551.0388437217706,4.148623569440139,-73.78624448798527,40.734925674879335
Fresh Meadows-Utopia,QN0803,2020,607.6388888888889,87,510.948905109489,18.923611111111132,573.8993710691824,5.878995433789958,-73.78624448798527,40.734925674879335
Fresh Meadows-Utopia,QN0803,2021,620.1975850713502,149,583.6909871244635,6.2544392070769135,607.6388888888889,2.0668025717422007,-73.78624448798527,40.734925674879335
Fresh Meadows-Utopia,QN0803,2022,666.6666666666666,129,614.297462406015,8.525056257849,620.1975850713502,7.4926253687315505,-73.78624448798527,40.734925674879335
Fresh Meadows-Utopia,QN0803,2023,649.3506493506494,101,588.8157894736842,10.280780671842143,666.6666666666666,-2.5974025974025836,-73.78624448798527,40.734925674879335
Fresh Meadows-Utopia,QN0803,2024,707.1712427745665,90,610.3286384976526,15.86728823921743,649.3506493506494,8.904371387283232,-73.78624448798527,40.734925674879335
Fresh Meadows-Utopia,QN0803,2025,738.3100902378999,95,643.3739350912779,14.755984034875933,707.1712427745665,4.4032966246140015,-73.78624448798527,40.734925674879335
Jamaica Estates-Holliswood,QN0804,2003,258.1168831168831,129,217.5,18.674429019256607,,,-73.77761009476805,40.720732045905166
Jamaica Estates-Holliswood,QN0804,2004,299.5198447784655,152,242.06349206349208,23.736067023234913,258.1168831168831,16.040392694047004,-73.77761009476805,40.720732045905166
Jamaica Estates-Holliswood,QN0804,2005,319.98349530487553,170,285.59771521827827,12.039935284607127,299.5198447784655,6.832151820039043,-73.77761009476805,40.720732045905166
Jamaica Estates-Holliswood,QN0804,2006,355.6295069452964,108,319.9301276108415,11.158492512427307,319.98349530487553,11.13995320491698,-73.77761009476805,40.720732045905166
Jamaica Estates-Holliswood,QN0804,2007,381.9659934309616,138,363.8791017154246,4.970577213769759,355.6295069452964,7.4055965467782,-73.77761009476805,40.720732045905166
Jamaica Estates-Holliswood,QN0804,2008,333.62218370883886,85,364.7209496043315,-8.52672870292486,381.9659934309616,-12.656574290260902,-73.77761009476805,40.720732045905166
Jamaica Estates-Holliswood,QN0804,2009,318.7165775401069,79,315.0431111065702,1.1660202378759752,333.62218370883886,-4.467810264601728,-73.77761009476805,40.720732045905166
Jamaica Estates-Holliswood,QN0804,2010,279.44055944055947,95,331.20603015075375,-15.629386544270464,318.7165775401069,-12.323180175529153,-73.77761009476805,40.720732045905166
Jamaica Estates-Holliswood,QN0804,2011,326.70454545454544,101,327.76517308054713,-0.3235937534281729,279.44055944055947,16.91378878878877,-73.77761009476805,40.720732045905166
Jamaica Estates-Holliswood,QN0804,2012,323.0703854542976,90,337.05357142857144,-4.14865385196999,326.70454545454544,-1.112368973988906,-73.77761009476805,40.720732045905166
Jamaica Estates-Holliswood,QN0804,2013,328.0752196652328,112,346.18410700236035,-5.230999046702074,323.0703854542976,1.5491466987596105,-73.77761009476805,40.720732045905166
Jamaica Estates-Holliswood,QN0804,2014,353.62578334825423,107,352.1666317379394,0.4143355669769015,328.0752196652328,7.788019987944586,-73.77761009476805,40.720732045905166
Jamaica Estates-Holliswood,QN0804,2015,361.189083903443,112,378.1408590172051,-4.482926060362814,353.62578334825423,2.1387865114293363,-73.77761009476805,40.720732045905166
Jamaica Estates-Holliswood,QN0804,2016,411.4541929905304,118,412.8122109158187,-0.3289674794928127,361.189083903443,13.916563741036194,-73.77761009476805,40.720732045905166
Jamaica Estates-Holliswood,QN0804,2017,458.9879250726328,116,453.2408424405514,1.2679975178616452,411.4541929905304,11.552618223821671,-73.77761009476805,40.720732045905166
Jamaica Estates-Holliswood,QN0804,2018,489.36575734769474,114,468.4992756435464,4.453898391942106,458.9879250726328,6.618438223675451,-73.77761009476805,40.720732045905166
Jamaica Estates-Holliswood,QN0804,2019,438.8816644993498,99,484.8484848484849,-9.480656697009103,489.36575734769474,-10.316229137478437,-73.77761009476805,40.720732045905166
Jamaica Estates-Holliswood,QN0804,2020,488.2101169570308,90,510.948905109489,-4.450305681266819,438.8816644993498,11.239579241468638,-73.77761009476805,40.720732045905166
Jamaica Estates-Holliswood,QN0804,2021,499.4954591321897,113,583.6909871244635,-14.424675016323382,488.2101169570308,2.311574828784669,-73.77761009476805,40.720732045905166
Jamaica Estates-Holliswood,QN0804,2022,566.8934240362812,109,614.297462406015,-7.716788896386895,499.4954591321897,13.493208731303977,-73.77761009476805,40.720732045905166
Jamaica Estates-Holliswood,QN0804,2023,542.9162357807652,77,588.8157894736842,-7.795231465166127,566.8934240362812,-4.229576008273024,-73.77761009476805,40.720732045905166
Jamaica Estates-Holliswood,QN0804,2024,569.7876772971415,102,610.3286384976526,-6.642480565929897,542.9162357807652,4.9494636088258845,-73.77761009476805,40.720732045905166
Jamaica Estates-Holliswood,QN0804,2025,665.3349571278638,102,643.3739350912779,3.4134149425046694,569.7876772971415,16.76892702979515,-73.77761009476805,40.720732045905166
Jamaica Hills-Briarwood,QN0805,2003,230.26315789473685,155,217.5,5.868118572292804,,,-73.80885617164492,40.711886790622266
Jamaica Hills-Briarwood,QN0805,2004,265.80604788243363,186,242.06349206349208,9.808400108808641,230.26315789473685,15.435769366085458,-73.80885617164492,40.711886790622266
Jamaica Hills-Briarwood,QN0805,2005,310.7553366174056,212,285.59771521827827,8.808761435608723,265.80604788243363,16.910559068563064,-73.80885617164492,40.711886790622266
Jamaica Hills-Briarwood,QN0805,2006,350.0,163,319.9301276108415,9.39888738010165,310.7553366174056,12.628797886393656,-73.80885617164492,40.711886790622266
Jamaica Hills-Briarwood,QN0805,2007,342.9112554112554,118,363.8791017154246,-5.762311219666393,350.0,-2.0253555967841685,-73.80885617164492,40.711886790622266
Jamaica Hills-Briarwood,QN0805,2008,318.64748525243243,114,364.7209496043315,-12.632524784189666,342.9112554112554,-7.0758161990697275,-73.80885617164492,40.711886790622266
Jamaica Hills-Briarwood,QN0805,2009,264.8469681638944,92,315.0431111065702,-15.933102858959472,318.64748525243243,-16.884023749918274,-73.80885617164492,40.711886790622266
Jamaica Hills-Briarwood,QN0805,2010,307.27223412981925,106,331.20603015075375,-7.226256119201889,264.8469681638944,16.01878483263246,-73.80885617164492,40.711886790622266
Jamaica Hills-Briarwood,QN0805,2011,295.90238357626544,124,327.76517308054713,-9.7212248649894,307.27223412981925,-3.7002531601179998,-73.80885617164492,40.711886790622266
Jamaica Hills-Briarwood,QN0805,2012,335.87150320654575,118,337.05357142857144,-0.3507063334221918,295.90238357626544,13.507535541692835,-73.80885617164492,40.711886790622266
Jamaica Hills-Briarwood,QN0805,2013,291.1931818181818,85,346.18410700236035,-15.884878615702483,335.87150320654575,-13.302206636116074,-73.80885617164492,40.711886790622266
Jamaica Hills-Briarwood,QN0805,2014,314.96062992125985,99,352.1666317379394,-10.564885614820525,291.1931818181818,8.1620894949107,-73.80885617164492,40.711886790622266
Jamaica Hills-Briarwood,QN0805,2015,336.47688060731537,96,378.1408590172051,-11.018110689803578,314.96062992125985,6.8314095928226255,-73.80885617164492,40.711886790622266
Jamaica Hills-Briarwood,QN0805,2016,365.72052401746726,89,412.8122109158187,-11.407532445292528,336.47688060731537,8.691130088156227,-73.80885617164492,40.711886790622266
Jamaica Hills-Briarwood,QN0805,2017,414.6730462519936,119,453.2408424405514,-8.509338209876018,365.72052401746726,13.385226975171975,-73.80885617164492,40.711886790622266
Jamaica Hills-Briarwood,QN0805,2018,446.44347971280683,130,468.4992756435464,-4.7077545425108696,414.6730462519936,7.661562223049965,-73.80885617164492,40.711886790622266
Jamaica Hills-Briarwood,QN0805,2019,458.77322635135135,114,484.8484848484849,-5.378022065033788,446.44347971280683,2.761771018915124,-73.80885617164492,40.711886790622266
Jamaica Hills-Briarwood,QN0805,2020,457.912869945026,72,510.948905109489,-10.379909739330614,458.77322635135135,-0.18753413601918914,-73.80885617164492,40.711886790622266
Jamaica Hills-Briarwood,QN0805,2021,503.99508297480025,117,583.6909871244635,-13.653783578582013,457.912869945026,10.063533054947024,-73.80885617164492,40.711886790622266
Jamaica Hills-Briarwood,QN0805,2022,523.2,113,614.297462406015,-14.829535848840091,503.99508297480025,3.810536585365861,-73.80885617164492,40.711886790622266
Jamaica Hills-Briarwood,QN0805,2023,527.34375,73,588.8157894736842,-10.439944134078205,523.2,0.792001146788982,-73.80885617164492,40.711886790622266
Jamaica Hills-Briarwood,QN0805,2024,503.2051282051282,67,610.3286384976526,-17.551775147929003,527.34375,-4.57739791073125,-73.80885617164492,40.711886790622266
Jamaica Hills-Briarwood,QN0805,2025,571.4313035495716,82,643.3739350912779,-11.18208674889814,503.2051282051282,13.558322743609134,-73.80885617164492,40.711886790622266
Kew Gardens,QN0901,2003,227.7167277167277,87,217.5,4.697346076656409,,,-73.82875585724541,40.70803358086919
Kew Gardens,QN0901,2004,268.62026862026863,103,242.06349206349208,10.970996216897856,227.7167277167277,17.96246648793568,-73.82875585724541,40.70803358086919
Kew Gardens,QN0901,2005,288.29587290118366,122,285.59771521827827,0.944740640114444,268.62026862026863,7.3246908663951835,-73.82875585724541,40.70803358086919
Kew Gardens,QN0901,2006,437.6046986721144,147,319.9301276108415,36.781334705811325,288.29587290118366,51.790136386068866,-73.82875585724541,40.70803358086919
Kew Gardens,QN0901,2007,421.02092670861236,92,363.8791017154246,15.703519307320954,437.6046986721144,-3.7896695382441092,-73.82875585724541,40.70803358086919
Kew Gardens,QN0901,2008,391.705069124424,51,364.7209496043315,7.398565821175426,421.02092670861236,-6.963040486697179,-73.82875585724541,40.70803358086919
Kew Gardens,QN0901,2009,308.3491461100569,37,315.0431111065702,-2.124777454425579,391.705069124424,-21.280276816609017,-73.82875585724541,40.70803358086919
Kew Gardens,QN0901,2010,309.5876288659793,54,331.20603015075375,-6.527176233758331,308.3491461100569,0.40164948453606614,-73.82875585724541,40.70803358086919
Kew Gardens,QN0901,2011,315.85920797413786,87,327.76517308054713,-3.6324680241373355,309.5876288659793,2.0257847935110913,-73.82875585724541,40.70803358086919
Kew Gardens,QN0901,2012,319.9033149171271,63,337.05357142857144,-5.088288024587464,315.85920797413786,1.2803511314194005,-73.82875585724541,40.70803358086919
Kew Gardens,QN0901,2013,338.6207988029466,90,346.18410700236035,-2.184764709421568,319.9033149171271,5.850981535051729,-73.82875585724541,40.70803358086919
Kew Gardens,QN0901,2014,309.5876288659793,88,352.1666317379394,-12.090584125427519,338.6207988029466,-8.573947625072654,-73.82875585724541,40.70803358086919
Kew Gardens,QN0901,2015,426.3565891472868,63,378.1408590172051,12.750732691356134,309.5876288659793,37.71757957804473,-73.82875585724541,40.70803358086919
Kew Gardens,QN0901,2016,481.859410430839,93,412.8122109158187,16.7260555015657,426.3565891472868,13.017934446505874,-73.82875585724541,40.70803358086919
Kew Gardens,QN0901,2017,447.9768786127168,69,453.2408424405514,-1.1614054460515686,481.859410430839,-7.031621897313826,-73.82875585724541,40.70803358086919
Kew Gardens,QN0901,2018,428.2315622521808,59,468.4992756435464,-8.595042828199146,447.9768786127168,-4.407664168222871,-73.82875585724541,40.70803358086919
Kew Gardens,QN0901,2019,449.7991967871486,63,484.8484848484849,-7.228915662650602,428.2315622521808,5.0364420645545165,-73.82875585724541,40.70803358086919
Kew Gardens,QN0901,2020,463.44951313685465,54,510.948905109489,-9.296309571787004,449.7991967871486,3.0347578313185726,-73.82875585724541,40.70803358086919
Kew Gardens,QN0901,2021,494.04761904761904,91,583.6909871244635,-15.358018207282914,463.44951313685465,6.602252250447159,-73.82875585724541,40.70803358086919
Kew Gardens,QN0901,2022,546.4587370917822,78,614.297462406015,-11.043302221781833,494.04761904761904,10.60851545954145,-73.82875585724541,40.70803358086919
Kew Gardens,QN0901,2023,504.5955882352941,49,588.8157894736842,-14.303319093000328,546.4587370917822,-7.660806940205774,-73.82875585724541,40.70803358086919
Kew Gardens,QN0901,2024,712.775,85,610.3286384976526,16.7854423076923,504.5955882352941,41.256684881602915,-73.82875585724541,40.70803358086919
Kew Gardens,QN0901,2025,580.2047781569966,73,643.3739350912779,-9.818420282338494,712.775,-18.599168298972806,-73.82875585724541,40.70803358086919
Richmond Hill,QN0902,2003,201.23976162973855,310,217.5,-7.475971664488022,,,-73.83276769338855,40.69747661304921
Richmond Hill,QN0902,2004,230.13002432306376,382,242.06349206349208,-4.929891591127761,201.23976162973855,14.356140386650063,-73.83276769338855,40.69747661304921
Richmond Hill,QN0902,2005,279.0014684287812,361,285.59771521827827,-2.3096286972938986,230.13002432306376,21.236448503177566,-73.83276769338855,40.69747661304921
Richmond Hill,QN0902,2006,304.8475762118941,353,319.9301276108415,-4.71432669113727,279.0014684287812,9.26378915805256,-73.83276769338855,40.69747661304921
Richmond Hill,QN0902,2007,294.81400424587935,168,363.8791017154246,-18.98023193526468,304.8475762118941,-3.2913405744254884,-73.83276769338855,40.69747661304921
Richmond Hill,QN0902,2008,249.17827055984952,134,364.7209496043315,-31.67974835825273,294.81400424587935,-15.479499965669518,-73.83276769338855,40.69747661304921
Richmond Hill,QN0902,2009,223.15653298835704,137,315.0431111065702,-29.166350533889485,249.17827055984952,-10.44302037775095,-73.83276769338855,40.69747661304921
Richmond Hill,QN0902,2010,215.64685314685315,138,331.20603015075375,-34.8904206095831,223.15653298835704,-3.3652072565116007,-73.83276769338855,40.69747661304921
Richmond Hill,QN0902,2011,208.2383759105554,112,327.76517308054713,-36.467204873111534,215.64685314685315,-3.4354673523812864,-73.83276769338855,40.69747661304921
Richmond Hill,QN0902,2012,214.60373998219055,131,337.05357142857144,-36.32948641587989,208.2383759105554,3.056768015886404,-73.83276769338855,40.69747661304921
Richmond Hill,QN0902,2013,225.0,139,346.18410700236035,-35.00568181818181,214.60373998219055,4.844398340248969,-73.83276769338855,40.69747661304921
Richmond Hill,QN0902,2014,231.25,153,352.1666317379394,-34.33506211000651,225.0,2.7777777777777777,-73.83276769338855,40.69747661304921
Richmond Hill,QN0902,2015,266.2831458718771,156,378.1408590172051,-29.58096446812128,231.25,15.149468485136037,-73.83276769338855,40.69747661304921
Richmond Hill,QN0902,2016,300.20571883326056,166,412.8122109158187,-27.277897577870103,266.2831458718771,12.739286540390141,-73.83276769338855,40.69747661304921
Richmond Hill,QN0902,2017,331.26293995859214,151,453.2408424405514,-26.91238102575857,300.20571883326056,10.34531295607373,-73.83276769338855,40.69747661304921
Richmond Hill,QN0902,2018,351.85185185185185,171,468.4992756435464,-24.898101204417813,331.26293995859214,6.215277777777774,-73.83276769338855,40.69747661304921
Richmond Hill,QN0902,2019,372.1417682926829,149,484.8484848484849,-23.245760289634156,351.85185185185185,5.766607830551987,-73.83276769338855,40.69747661304921
Richmond Hill,QN0902,2020,385.7591720883511,120,510.948905109489,-24.501419176994137,372.1417682926829,3.659197906792962,-73.83276769338855,40.69747661304921
Richmond Hill,QN0902,2021,407.2504708097928,153,583.6909871244635,-30.228411986263442,385.7591720883511,5.5711698584109115,-73.83276769338855,40.69747661304921
Richmond Hill,QN0902,2022,445.9338695263628,147,614.297462406015,-27.40750258355677,407.2504708097928,9.498675014334653,-73.83276769338855,40.69747661304921
Richmond Hill,QN0902,2023,411.5853658536585,89,588.8157894736842,-30.099468592451284,445.9338695263628,-7.702600322596412,-73.83276769338855,40.69747661304921
Richmond Hill,QN0902,2024,431.4002828854314,113,610.3286384976526,-29.316722881079315,411.5853658536585,4.814290952904822,-73.83276769338855,40.69747661304921
Richmond Hill,QN0902,2025,462.5439919557567,109,643.3739350912779,-28.10650747140792,431.4002828854314,7.219213873022951,-73.83276769338855,40.69747661304921
South Richmond Hill,QN0903,2003,205.48023897058823,252,217.5,-5.526326910074377,,,-73.82486691536347,40.691328561987916
South Richmond Hill,QN0903,2004,240.56603773584905,255,242.06349206349208,-0.618620476337775,205.48023897058823,17.07502334094661,-73.82486691536347,40.691328561987916
South Richmond Hill,QN0903,2005,291.20451086204514,270,285.59771521827827,1.9631794461246577,240.56603773584905,21.049718240693277,-73.82486691536347,40.691328561987916
South Richmond Hill,QN0903,2006,308.5136623671961,264,319.9301276108415,-3.568424558481167,291.20451086204514,5.943984677267236,-73.82486691536347,40.691328561987916
South Richmond Hill,QN0903,2007,317.79100529100526,167,363.8791017154246,-12.665771737686384,308.5136623671961,3.007109264667563,-73.82486691536347,40.691328561987916
South Richmond Hill,QN0903,2008,290.7193317819149,114,364.7209496043315,-20.289927930571984,317.79100529100526,-8.518703505878179,-73.82486691536347,40.691328561987916
South Richmond Hill,QN0903,2009,247.48767137675014,84,315.0431111065702,-21.443236607375926,290.7193317819149,-14.870583301146025,-73.82486691536347,40.691328561987916
South Richmond Hill,QN0903,2010,197.62005949851252,101,331.20603015075375,-40.33319399149751,247.48767137675014,-20.149533752864894,-73.82486691536347,40.691328561987916
South Richmond Hill,QN0903,2011,219.94134897360703,71,327.76517308054713,-32.89666900651545,197.62005949851252,11.295052502128474,-73.82486691536347,40.691328561987916
South Richmond Hill,QN0903,2012,223.50951047730308,76,337.05357142857144,-33.68724457362134,219.94134897360703,1.6223240970138026,-73.82486691536347,40.691328561987916
South Richmond Hill,QN0903,2013,240.75792536115569,90,346.18410700236035,-30.45379019681162,223.50951047730308,7.717083200181831,-73.82486691536347,40.691328561987916
South Richmond Hill,QN0903,2014,251.44736842105263,103,352.1666317379394,-28.599888302829267,240.75792536115569,4.439913263026314,-73.82486691536347,40.691328561987916
South Richmond Hill,QN0903,2015,287.59057971014494,129,378.1408590172051,-23.946176972888352,251.44736842105263,14.37406623742028,-73.82486691536347,40.691328561987916
South Richmond Hill,QN0903,2016,281.6901408450704,123,412.8122109158187,-31.763127786325807,287.59057971014494,-2.0516801596983574,-73.82486691536347,40.691328561987916
South Richmond Hill,QN0903,2017,323.22654462242565,117,453.2408424405514,-28.685477045281694,281.6901408450704,14.745423340961114,-73.82486691536347,40.691328561987916
South Richmond Hill,QN0903,2018,352.45194501483,112,468.4992756435464,-24.770012817908814,323.22654462242565,9.041769891313775,-73.82486691536347,40.691328561987916
South Richmond Hill,QN0903,2019,392.5879396984925,123,484.8484848484849,-19.028737437185924,352.45194501483,11.38765021766973,-73.82486691536347,40.691328561987916
South Richmond Hill,QN0903,2020,401.7800254858235,78,510.948905109489,-21.365909297774532,392.5879396984925,2.341408091748951,-73.82486691536347,40.691328561987916
South Richmond Hill,QN0903,2021,444.6199547340626,92,583.6909871244635,-23.826140108061328,401.7800254858235,10.662533359252498,-73.82486691536347,40.691328561987916
South Richmond Hill,QN0903,2022,447.76119402985074,105,614.297462406015,-27.110036841743206,444.6199547340626,0.706499846068981,-73.82486691536347,40.691328561987916
South Richmond Hill,QN0903,2023,466.8770080669394,74,588.8157894736842,-20.709156171871733,447.76119402985074,4.269198468283139,-73.82486691536347,40.691328561987916
South Richmond Hill,QN0903,2024,444.0582423711258,86,610.3286384976526,-27.242764903807853,466.8770080669394,-4.887532541020297,-73.82486691536347,40.691328561987916
South Richmond Hill,QN0903,2025,464.95327102803736,81,643.3739350912779,-27.732031767486397,444.0582423711258,4.705470288162864,-73.82486691536347,40.691328561987916
Ozone Park (North),QN0904,2003,197.18554623707053,256,217.5,-9.33997874157677,,,-73.84936725461918,40.6845629670643
Ozone Park (North),QN0904,2004,231.3125969842855,296,242.06349206349208,-4.441353376983699,197.18554623707053,17.30707518804903,-73.84936725461918,40.6845629670643
Ozone Park (North),QN0904,2005,276.984126984127,318,285.59771521827827,-3.0159863945578262,231.3125969842855,19.74450617704328,-73.84936725461918,40.6845629670643
Ozone Park (North),QN0904,2006,317.73015873015873,284,319.9301276108415,-0.6876404223358377,276.984126984127,14.710601719197708,-73.84936725461918,40.6845629670643
Ozone Park (North),QN0904,2007,303.8028213141026,188,363.8791017154246,-16.50995622395081,317.73015873015873,-4.3833854084605,-73.84936725461918,40.6845629670643
Ozone Park (North),QN0904,2008,258.62068965517244,149,364.7209496043315,-29.09080491928479,303.8028213141026,-14.872189620719881,-73.84936725461918,40.6845629670643
Ozone Park (North),QN0904,2009,231.70731707317077,155,315.0431111065702,-26.452187365940944,258.62068965517244,-10.406504065040645,-73.84936725461918,40.6845629670643
Ozone Park (North),QN0904,2010,210.25345622119812,139,331.20603015075375,-36.51883206187463,231.70731707317077,-9.259034683482932,-73.84936725461918,40.6845629670643
Ozone Park (North),QN0904,2011,197.45850933915239,124,327.76517308054713,-39.75610420005555,210.25345622119812,-6.085487064994904,-73.84936725461918,40.6845629670643
Ozone Park (North),QN0904,2012,220.125786163522,97,337.05357142857144,-34.69115748261069,197.45850933915239,11.479513797724755,-73.84936725461918,40.6845629670643
Ozone Park (North),QN0904,2013,214.119534697152,100,346.18410700236035,-38.14865259089086,220.125786163522,-2.7285542375795155,-73.84936725461918,40.6845629670643
Ozone Park (North),QN0904,2014,236.57870791628756,143,352.1666317379394,-32.82194092359813,214.119534697152,10.489081835014037,-73.84936725461918,40.6845629670643
Ozone Park (North),QN0904,2015,275.43651667033487,142,378.1408590172051,-27.16033983045384,236.57870791628756,16.424896854114614,-73.84936725461918,40.6845629670643
Ozone Park (North),QN0904,2016,290.04329004329,147,412.8122109158187,-29.739653437132436,275.43651667033487,5.303136109014097,-73.84936725461918,40.6845629670643
Ozone Park (North),QN0904,2017,329.7587368383829,150,453.2408424405514,-27.244258248497278,290.04329004329,13.692937626367844,-73.84936725461918,40.6845629670643
Ozone Park (North),QN0904,2018,363.0681818181818,152,468.4992756435464,-22.504003593290705,329.7587368383829,10.101156166219823,-73.84936725461918,40.6845629670643
Ozone Park (North),QN0904,2019,377.4038461538461,155,484.8484848484849,-22.16045673076925,363.0681818181818,3.9484771879137877,-73.84936725461918,40.6845629670643
Ozone Park (North),QN0904,2020,396.2838345864662,101,510.948905109489,-22.441592373791607,377.4038461538461,5.002595661127367,-73.84936725461918,40.6845629670643
Ozone Park (North),QN0904,2021,402.7747998856489,122,583.6909871244635,-30.995199725473384,396.2838345864662,1.6379586378930258,-73.84936725461918,40.6845629670643
Ozone Park (North),QN0904,2022,424.1071428571428,137,614.297462406015,-30.960622693109464,402.7747998856489,5.296344999128616,-73.84936725461918,40.6845629670643
Ozone Park (North),QN0904,2023,415.1291512915129,101,588.8157894736842,-29.497618998536346,424.1071428571428,-2.116915906001144,-73.84936725461918,40.6845629670643
Ozone Park (North),QN0904,2024,414.89280313940094,110,610.3286384976526,-32.0214099471597,415.1291512915129,-0.05693364375319854,-73.84936725461918,40.6845629670643
Ozone Park (North),QN0904,2025,465.7794676806084,115,643.3739350912779,-27.603615521892955,414.89280313940094,12.265015000539764,-73.84936725461918,40.6845629670643
Woodhaven,QN0905,2003,207.06676398846923,476,217.5,-4.796890120244031,,,-73.85741210478415,40.69147537008393
Woodhaven,QN0905,2004,240.61433447098975,515,242.06349206349208,-0.5986683824763728,207.06676398846923,16.201330351783856,-73.85741210478415,40.69147537008393
Woodhaven,QN0905,2005,284.72222222222223,557,285.59771521827827,-0.3065476190476216,240.61433447098975,18.3313632781718,-73.85741210478415,40.69147537008393
Woodhaven,QN0905,2006,318.8731330876444,464,319.9301276108415,-0.33038292801320784,284.72222222222223,11.994466255172672,-73.85741210478415,40.69147537008393
Woodhaven,QN0905,2007,311.62686809616633,266,363.8791017154246,-14.359778666300729,318.8731330876444,-2.272460185438828,-73.85741210478415,40.69147537008393
Woodhaven,QN0905,2008,264.9144836684717,196,364.7209496043315,-27.365158498335546,311.62686809616633,-14.989844974881775,-73.85741210478415,40.69147537008393
Woodhaven,QN0905,2009,215.68705861581918,218,315.0431111065702,-31.537287751434658,264.9144836684717,-18.582383405755333,-73.85741210478415,40.69147537008393
Woodhaven,QN0905,2010,222.8515074668921,240,331.20603015075375,-32.71514188148759,215.68705861581918,3.3216869371074274,-73.85741210478415,40.69147537008393
Woodhaven,QN0905,2011,205.9567991175826,206,327.76517308054713,-37.163305917505326,222.8515074668921,-7.581150579301986,-73.85741210478415,40.69147537008393
Woodhaven,QN0905,2012,220.29220779220782,174,337.05357142857144,-34.6417820590006,205.9567991175826,6.960395935480146,-73.85741210478415,40.69147537008393
Woodhaven,QN0905,2013,243.68285939968405,202,346.18410700236035,-29.60888311431854,220.29220779220782,10.61801134134514,-73.85741210478415,40.69147537008393
Woodhaven,QN0905,2014,259.8937705320684,214,352.1666317379394,-26.201477621688685,243.68285939968405,6.652462619783823,-73.85741210478415,40.69147537008393
Woodhaven,QN0905,2015,285.10411447370456,248,378.1408590172051,-24.603726977641276,259.8937705320684,9.70024940960462,-73.85741210478415,40.69147537008393
Woodhaven,QN0905,2016,320.58714902807776,262,412.8122109158187,-22.340681658408503,285.10411447370456,12.445640996754483,-73.85741210478415,40.69147537008393
Woodhaven,QN0905,2017,355.9870550161812,285,453.2408424405514,-21.457419172705357,320.58714902807776,11.04220992495337,-73.85741210478415,40.69147537008393
Woodhaven,QN0905,2018,400.0,241,468.4992756435464,-14.620999263969725,355.9870550161812,12.363636363636369,-73.85741210478415,40.69147537008393
Woodhaven,QN0905,2019,406.5040650406504,225,484.8484848484849,-16.15853658536586,400.0,1.6260162601626007,-73.85741210478415,40.69147537008393
Woodhaven,QN0905,2020,418.7192118226601,177,510.948905109489,-18.050668543279368,406.5040650406504,3.0049261083743852,-73.85741210478415,40.69147537008393
Woodhaven,QN0905,2021,453.6921151439299,253,583.6909871244635,-22.27186556725318,418.7192118226601,8.352352204962088,-73.85741210478415,40.69147537008393
Woodhaven,QN0905,2022,470.9072978303748,219,614.297462406015,-23.34213851609038,453.6921151439299,3.7944637148881197,-73.85741210478415,40.69147537008393
Woodhaven,QN0905,2023,459.70568527395494,158,588.8157894736842,-21.927079149004296,470.9072978303748,-2.3787298706198343,-73.85741210478415,40.69147537008393
Woodhaven,QN0905,2024,459.12330497300445,166,610.3286384976526,-24.774412339038506,459.70568527395494,-0.12668546846520484,-73.85741210478415,40.69147537008393
Woodhaven,QN0905,2025,486.28257887517145,151,643.3739350912779,-24.416804543662355,459.12330497300445,5.915464017615903,-73.85741210478415,40.69147537008393
South Ozone Park,QN1001,2003,219.41385135135133,975,217.5,0.879931655793713,,,-73.81951959005721,40.676199157615955
South Ozone Park,QN1001,2004,257.3529411764706,1153,242.06349206349208,6.316297010607524,219.41385135135133,17.291109741456907,-73.81951959005721,40.676199157615955
South Ozone Park,QN1001,2005,312.5,1096,285.59771521827827,9.41964285714285,257.3529411764706,21.42857142857142,-73.81951959005721,40.676199157615955
South Ozone Park,QN1001,2006,349.70238095238096,1050,319.9301276108415,9.305861115322656,312.5,11.904761904761909,-73.81951959005721,40.676199157615955
South Ozone Park,QN1001,2007,346.61647690199663,646,363.8791017154246,-4.744055025981786,349.70238095238096,-0.8824372433439442,-73.81951959005721,40.676199157615955
South Ozone Park,QN1001,2008,299.7502081598668,473,364.7209496043315,-17.813822187880454,346.61647690199663,-13.5210735395539,-73.81951959005721,40.676199157615955
South Ozone Park,QN1001,2009,247.96015037593983,505,315.0431111065702,-21.293263799676645,299.7502081598668,-17.27773872180453,-73.81951959005721,40.676199157615955
South Ozone Park,QN1001,2010,241.2808641975309,431,331.20603015075375,-27.15082388816773,247.96015037593983,-2.6936933891523607,-73.81951959005721,40.676199157615955
South Ozone Park,QN1001,2011,234.375,395,327.76517308054713,-28.493012910068032,241.2808641975309,-2.8621682123441095,-73.81951959005721,40.676199157615955
South Ozone Park,QN1001,2012,239.4278606965174,355,337.05357142857144,-28.96444927679484,234.375,2.1558872305140904,-73.81951959005721,40.676199157615955
South Ozone Park,QN1001,2013,251.22549019607845,417,346.18410700236035,-27.4300913547237,239.4278606965174,4.927425515660825,-73.81951959005721,40.676199157615955
South Ozone Park,QN1001,2014,273.20799231913077,416,352.1666317379394,-22.420817960278743,251.22549019607845,8.750108162151554,-73.81951959005721,40.676199157615955
South Ozone Park,QN1001,2015,301.5075376884422,440,378.1408590172051,-20.265813519315078,273.20799231913077,10.358242132336706,-73.81951959005721,40.676199157615955
South Ozone Park,QN1001,2016,319.46902654867256,493,412.8122109158187,-22.611536650058255,301.5075376884422,5.95722713864307,-73.81951959005721,40.676199157615955
South Ozone Park,QN1001,2017,348.11282467532465,566,453.2408424405514,-23.194736202312942,319.46902654867256,8.966064233550377,-73.81951959005721,40.676199157615955
South Ozone Park,QN1001,2018,379.0087463556851,543,468.4992756435464,-19.101529914840125,348.11282467532465,8.875260975856389,-73.81951959005721,40.676199157615955
South Ozone Park,QN1001,2019,403.6458333333333,543,484.8484848484849,-16.748046875000007,379.0087463556851,6.500400641025643,-73.81951959005721,40.676199157615955
South Ozone Park,QN1001,2020,436.3411443521784,348,510.948905109489,-14.601804605359359,403.6458333333333,8.099999633055813,-73.81951959005721,40.676199157615955
South Ozone Park,QN1001,2021,464.1555285540705,475,583.6909871244635,-20.47923665213351,436.3411443521784,6.374458279240939,-73.81951959005721,40.676199157615955
South Ozone Park,QN1001,2022,490.5753968253968,443,614.297462406015,-20.140416191210814,464.1555285540705,5.692029211335488,-73.81951959005721,40.676199157615955
South Ozone Park,QN1001,2023,488.7218045112782,309,588.8157894736842,-16.999201915403024,490.5753968253968,-0.3778404555372193,-73.81951959005721,40.676199157615955
South Ozone Park,QN1001,2024,518.2481751824818,365,610.3286384976526,-15.087029758562606,488.7218045112782,6.041549691184726,-73.81951959005721,40.676199157615955
South Ozone Park,QN1001,2025,523.8816179906541,340,643.3739350912779,-18.572763144915236,518.2481751824818,1.0870164291825597,-73.81951959005721,40.676199157615955
Ozone Park,QN1002,2003,229.26848556741797,222,217.5,5.41079796203125,,,-73.84701411498173,40.67557060336785
Ozone Park,QN1002,2004,269.2644483362522,269,242.06349206349208,11.237116361861558,229.26848556741797,17.44503291407364,-73.84701411498173,40.67557060336785
Ozone Park,QN1002,2005,306.20805369127515,293,285.59771521827827,7.216562799616481,269.2644483362522,13.720194248922347,-73.84701411498173,40.67557060336785
Ozone Park,QN1002,2006,348.57771677394925,288,319.9301276108415,8.95432680161784,306.20805369127515,13.836887231382883,-73.84701411498173,40.67557060336785
Ozone Park,QN1002,2007,331.25,162,363.8791017154246,-8.967017221269973,348.57771677394925,-4.970976611561828,-73.84701411498173,40.67557060336785
Ozone Park,QN1002,2008,306.3411607064405,144,364.7209496043315,-16.006700180295226,331.25,-7.519649598055693,-73.84701411498173,40.67557060336785
Ozone Park,QN1002,2009,260.6060606060606,155,315.0431111065702,-17.27923848558462,306.3411607064405,-14.929466218288164,-73.84701411498173,40.67557060336785
Ozone Park,QN1002,2010,268.2432432432432,119,331.20603015075375,-19.010157175837648,260.6060606060606,2.93054682589565,-73.84701411498173,40.67557060336785
Ozone Park,QN1002,2011,251.52439024390245,107,327.76517308054713,-23.260794342512035,268.2432432432432,-6.232721017386488,-73.84701411498173,40.67557060336785
Ozone Park,QN1002,2012,247.88135593220335,97,337.05357142857144,-26.456392412167485,251.52439024390245,-1.448382126348247,-73.84701411498173,40.67557060336785
Ozone Park,QN1002,2013,264.6014305269383,136,346.18410700236035,-23.5662685909685,247.88135593220335,6.745192486081115,-73.84701411498173,40.67557060336785
Ozone Park,QN1002,2014,291.10519410357335,140,352.1666317379394,-17.338791393445867,264.6014305269383,10.016485369657428,-73.84701411498173,40.67557060336785
Ozone Park,QN1002,2015,317.6691729323308,175,378.1408590172051,-15.991841305391146,291.10519410357335,9.125216370858077,-73.84701411498173,40.67557060336785
Ozone Park,QN1002,2016,323.92334777898157,148,412.8122109158187,-21.53251788255931,317.6691729323308,1.9687698333835515,-73.84701411498173,40.67557060336785
Ozone Park,QN1002,2017,316.4953628948785,232,453.2408424405514,-30.170599544680023,323.92334777898157,-2.2931304381218327,-73.84701411498173,40.67557060336785
Ozone Park,QN1002,2018,411.3924050632912,189,468.4992756435464,-12.189318863259983,316.4953628948785,29.98370696506288,-73.84701411498173,40.67557060336785
Ozone Park,QN1002,2019,424.40076796706455,172,484.8484848484849,-12.46734160679294,411.3924050632912,3.162032828917209,-73.84701411498173,40.67557060336785
Ozone Park,QN1002,2020,449.5868259913203,130,510.948905109489,-12.009435484555867,424.40076796706455,5.934498692097166,-73.84701411498173,40.67557060336785
Ozone Park,QN1002,2021,470.34438775510205,176,583.6909871244635,-19.41893945078031,449.5868259913203,4.617030696576164,-73.84701411498173,40.67557060336785
Ozone Park,QN1002,2022,491.85071341833634,190,614.297462406015,-19.93281048371782,470.34438775510205,4.572463544400185,-73.84701411498173,40.67557060336785
Ozone Park,QN1002,2023,465.3173051480316,124,588.8157894736842,-20.974044265362224,491.85071341833634,-5.394606035213196,-73.84701411498173,40.67557060336785
Ozone Park,QN1002,2024,523.4375,133,610.3286384976526,-14.23677884615385,465.3173051480316,12.490443447719741,-73.84701411498173,40.67557060336785
Ozone Park,QN1002,2025,521.7391304347826,115,643.3739350912779,-18.905771282021,523.4375,-0.3244646333549615,-73.84701411498173,40.67557060336785
Howard Beach-Lindenwood,QN1003,2003,224.1161616161616,189,217.5,3.041913386740968,,,-73.8440426968173,40.66003651765844
Howard Beach-Lindenwood,QN1003,2004,272.87137681159425,206,242.06349206349208,12.727191732002863,224.1161616161616,21.754439681567693,-73.8440426968173,40.66003651765844
Howard Beach-Lindenwood,QN1003,2005,306.1868686868687,209,285.59771521827827,7.209145021645023,272.87137681159425,12.209229221677344,-73.8440426968173,40.66003651765844
Howard Beach-Lindenwood,QN1003,2006,302.77777777777777,211,319.9301276108415,-5.3612799648327005,306.1868686868687,-1.1134020618556786,-73.8440426968173,40.66003651765844
Howard Beach-Lindenwood,QN1003,2007,297.6190476190476,163,363.8791017154246,-18.20935958784365,302.77777777777777,-1.7038007863696005,-73.8440426968173,40.66003651765844
Howard Beach-Lindenwood,QN1003,2008,288.78205128205127,122,364.7209496043315,-20.82109580068344,297.6190476190476,-2.9692307692307645,-73.8440426968173,40.66003651765844
Howard Beach-Lindenwood,QN1003,2009,269.2307692307692,103,315.0431111065702,-14.541610421154067,288.78205128205127,-6.770255271920086,-73.8440426968173,40.66003651765844
Howard Beach-Lindenwood,QN1003,2010,268.8685636856369,112,331.20603015075375,-18.82135613193484,269.2307692307692,-0.1345334881920069,-73.8440426968173,40.66003651765844
Howard Beach-Lindenwood,QN1003,2011,268.4805389221557,108,327.76517308054713,-18.087533096087196,268.8685636856369,-0.14431763913273757,-73.8440426968173,40.66003651765844
Howard Beach-Lindenwood,QN1003,2012,260.16869728209934,136,337.05357142857144,-22.810876567959934,268.4805389221557,-3.0958823583359654,-73.8440426968173,40.66003651765844
Howard Beach-Lindenwood,QN1003,2013,246.72232529375384,128,346.18410700236035,-28.730891943554287,260.16869728209934,-5.168328138171705,-73.8440426968173,40.66003651765844
Howard Beach-Lindenwood,QN1003,2014,260.8695652173913,181,352.1666317379394,-25.924394389666567,246.72232529375384,5.734073682547135,-73.8440426968173,40.66003651765844
Howard Beach-Lindenwood,QN1003,2015,267.0598290598291,172,378.1408590172051,-29.37556926434176,260.8695652173913,2.372934472934485,-73.8440426968173,40.66003651765844
Howard Beach-Lindenwood,QN1003,2016,296.25779625779626,201,412.8122109158187,-28.234245881304705,267.0598290598291,10.933118358068736,-73.8440426968173,40.66003651765844
Howard Beach-Lindenwood,QN1003,2017,309.6344033722438,216,453.2408424405514,-31.684355340757598,296.25779625779626,4.515191594420543,-73.8440426968173,40.66003651765844
Howard Beach-Lindenwood,QN1003,2018,334.15221201675575,156,468.4992756435464,-28.676045110688165,309.6344033722438,7.918308940313887,-73.8440426968173,40.66003651765844
Howard Beach-Lindenwood,QN1003,2019,336.7496339677892,187,484.8484848484849,-30.545387994143486,334.15221201675575,0.7773170003444957,-73.8440426968173,40.66003651765844
Howard Beach-Lindenwood,QN1003,2020,377.96382328582774,158,510.948905109489,-26.027080299773704,336.7496339677892,12.238822306182756,-73.8440426968173,40.66003651765844
Howard Beach-Lindenwood,QN1003,2021,396.70301776708055,244,583.6909871244635,-32.035438867845755,377.96382328582774,4.957933359426746,-73.8440426968173,40.66003651765844
Howard Beach-Lindenwood,QN1003,2022,435.5396341463415,201,614.297462406015,-29.099555052617976,396.70301776708055,9.78984646949759,-73.8440426968173,40.66003651765844
Howard Beach-Lindenwood,QN1003,2023,417.1466973886329,136,588.8157894736842,-29.154974298243346,435.5396341463415,-4.223022502592393,-73.8440426968173,40.66003651765844
Howard Beach-Lindenwood,QN1003,2024,450.52312606473595,182,610.3286384976526,-26.183518575547115,417.1466973886329,8.001124996324265,-73.8440426968173,40.66003651765844
Howard Beach-Lindenwood,QN1003,2025,475.47542094280686,160,643.3739350912779,-26.0965676398828,450.52312606473595,5.538515879534563,-73.8440426968173,40.66003651765844
Auburndale,QN1101,2003,299.33141762452107,352,217.5,37.623640287136126,,,-73.78600458030087,40.75525691540987
Auburndale,QN1101,2004,322.4806201550388,397,242.06349206349208,33.22150209683571,299.33141762452107,7.733636086124421,-73.78600458030087,40.75525691540987
Auburndale,QN1101,2005,377.9196222126426,382,285.59771521827827,32.325856291883845,322.4806201550388,17.191421311131936,-73.78600458030087,40.75525691540987
Auburndale,QN1101,2006,390.625,337,319.9301276108415,22.09697252243488,377.9196222126426,3.361925933607258,-73.78600458030087,40.75525691540987
Auburndale,QN1101,2007,392.038027332145,370,363.8791017154246,7.738538839953053,390.625,0.36173499702912526,-73.78600458030087,40.75525691540987
Auburndale,QN1101,2008,403.84615384615387,281,364.7209496043315,10.72743539527067,392.038027332145,3.0119849837946178,-73.78600458030087,40.75525691540987
Auburndale,QN1101,2009,374.16851441241687,217,315.0431111065702,18.767400784664733,403.84615384615387,-7.348748812163447,-73.78600458030087,40.75525691540987
Auburndale,QN1101,2010,375.0,243,331.20603015075375,13.222576240327728,374.16851441241687,0.22222222222221757,-73.78600458030087,40.75525691540987
Auburndale,QN1101,2011,364.6296296296296,189,327.76517308054713,11.24721586573909,375.0,-2.765432098765435,-73.78600458030087,40.75525691540987
Auburndale,QN1101,2012,382.6725211758844,242,337.05357142857144,13.534628799202785,364.6296296296296,4.948279042649868,-73.78600458030087,40.75525691540987
Auburndale,QN1101,2013,412.9793510324484,283,346.18410700236035,19.294717082327708,382.6725211758844,7.919782105973143,-73.78600458030087,40.75525691540987
Auburndale,QN1101,2014,425.9259259259259,295,352.1666317379394,20.94443014773576,412.9793510324484,3.134920634920631,-73.78600458030087,40.75525691540987
Auburndale,QN1101,2015,463.2352941176471,293,378.1408590172051,22.503369596611147,425.9259259259259,8.759590792838878,-73.78600458030087,40.75525691540987
Auburndale,QN1101,2016,502.0997675728976,290,412.8122109158187,21.629097758275016,463.2352941176471,8.389791095101696,-73.78600458030087,40.75525691540987
Auburndale,QN1101,2017,556.031202435312,294,453.2408424405514,22.67897117154507,502.0997675728976,10.741179013707548,-73.78600458030087,40.75525691540987
Auburndale,QN1101,2018,598.721590909091,276,468.4992756435464,27.795627877261243,556.031202435312,7.677696554942079,-73.78600458030087,40.75525691540987
Auburndale,QN1101,2019,587.9832420448618,262,484.8484848484849,21.27154367175273,598.721590909091,-1.793546287169011,-73.78600458030087,40.75525691540987
Auburndale,QN1101,2020,588.768115942029,227,510.948905109489,15.230331262939977,587.9832420448618,0.13348575963451703,-73.78600458030087,40.75525691540987
Auburndale,QN1101,2021,618.0555555555555,336,583.6909871244635,5.887459150326798,588.768115942029,4.97435897435897,-73.78600458030087,40.75525691540987
Auburndale,QN1101,2022,656.1479591836735,310,614.297462406015,6.81274127582147,618.0555555555555,6.1632653061224545,-73.78600458030087,40.75525691540987
Auburndale,QN1101,2023,646.4542651593011,217,588.8157894736842,9.788880786831042,656.1479591836735,-1.477364043992831,-73.78600458030087,40.75525691540987
Auburndale,QN1101,2024,655.8245305164319,240,610.3286384976526,7.454326923076911,646.4542651593011,1.449486199123721,-73.78600458030087,40.75525691540987
Auburndale,QN1101,2025,738.3040935672515,229,643.3739350912779,14.755051968728807,655.8245305164319,12.576468127209377,-73.78600458030087,40.75525691540987
Bayside,QN1102,2003,301.5873015873016,379,217.5,38.660828316000746,,,-73.76759761817736,40.76176178787685
Bayside,QN1102,2004,337.8378378378378,445,242.06349206349208,39.5657953035002,301.5873015873016,12.019914651493576,-73.76759761817736,40.76176178787685
Bayside,QN1102,2005,378.18326577880714,356,285.59771521827827,32.418169203408034,337.8378378378378,11.942246670526922,-73.76759761817736,40.76176178787685
Bayside,QN1102,2006,387.6221498371336,311,319.9301276108415,21.158376903044182,378.18326577880714,2.4958492118599125,-73.76759761817736,40.76176178787685
Bayside,QN1102,2007,398.93617021276594,312,363.8791017154246,9.634262680124476,387.6221498371336,2.9188271053101986,-73.76759761817736,40.76176178787685
Bayside,QN1102,2008,396.8253968253968,237,364.7209496043315,8.802468642367238,398.93617021276594,-0.5291005291005301,-73.76759761817736,40.76176178787685
Bayside,QN1102,2009,375.28868360277136,239,315.0431111065702,19.122961389186433,396.8253968253968,-5.427251732101614,-73.76759761817736,40.76176178787685
Bayside,QN1102,2010,361.9791666666667,243,331.20603015075375,9.291236787538576,375.28868360277136,-3.5464743589743524,-73.76759761817736,40.76176178787685
Bayside,QN1102,2011,363.68701550387595,220,327.76517308054713,10.95962761562259,361.9791666666667,0.47180859963191324,-73.76759761817736,40.76176178787685
Bayside,QN1102,2012,361.6133518776078,239,337.05357142857144,7.28661035838959,363.68701550387595,-0.5701780756167996,-73.76759761817736,40.76176178787685
Bayside,QN1102,2013,396.0086244028185,282,346.18410700236035,14.392491276359614,361.6133518776078,9.511615748317887,-73.76759761817736,40.76176178787685
Bayside,QN1102,2014,431.0,271,352.1666317379394,22.38524640253922,396.0086244028185,8.836013521157158,-73.76759761817736,40.76176178787685
Bayside,QN1102,2015,457.54567154984886,260,378.1408590172051,20.998739130973117,431.0,6.159088526647068,-73.76759761817736,40.76176178787685
Bayside,QN1102,2016,488.7954752334489,274,412.8122109158187,18.406254056550864,457.54567154984886,6.829876365729187,-73.76759761817736,40.76176178787685
Bayside,QN1102,2017,516.1461090524086,281,453.2408424405514,13.878993400756492,488.7954752334489,5.595516980982093,-73.76759761817736,40.76176178787685
Bayside,QN1102,2018,563.5055304172952,268,468.4992756435464,20.27884774063844,516.1461090524086,9.175584303412379,-73.76759761817736,40.76176178787685
Bayside,QN1102,2019,525.1442351273272,242,484.8484848484849,8.310998495011228,563.5055304172952,-6.807616468566001,-73.76759761817736,40.76176178787685
Bayside,QN1102,2020,537.4280230326295,225,510.948905109489,5.182341650671797,525.1442351273272,2.33912648823499,-73.76759761817736,40.76176178787685
Bayside,QN1102,2021,590.761223162004,357,583.6909871244635,1.2112977917256784,537.4280230326295,9.923784738358595,-73.76759761817736,40.76176178787685
Bayside,QN1102,2022,589.6346644010196,321,614.297462406015,-4.014797311452148,590.761223162004,-0.19069612506971287,-73.76759761817736,40.76176178787685
Bayside,QN1102,2023,625.0,204,588.8157894736842,6.145251396648053,589.6346644010196,5.997838616714693,-73.76759761817736,40.76176178787685
Bayside,QN1102,2024,662.0428751576293,209,610.3286384976526,8.473178775826948,625.0,5.926860025220685,-73.76759761817736,40.76176178787685
Bayside,QN1102,2025,698.7305290522008,280,643.3739350912779,8.604108892454482,662.0428751576293,5.541582769218141,-73.76759761817736,40.76176178787685
Douglaston-Little Neck,QN1103,2003,317.0115079011686,248,217.5,45.752417425824646,,,-73.73688792373812,40.7636891250598
Douglaston-Little Neck,QN1103,2004,333.9973439575033,264,242.06349206349208,37.97923061850955,317.0115079011686,5.358113391148619,-73.73688792373812,40.7636891250598
Douglaston-Little Neck,QN1103,2005,362.48901581722316,248,285.59771521827827,26.922939681144847,333.9973439575033,8.530508513069211,-73.73688792373812,40.7636891250598
Douglaston-Little Neck,QN1103,2006,387.9491911247035,228,319.9301276108415,21.260599625865616,362.48901581722316,7.023709463328408,-73.73688792373812,40.7636891250598
Douglaston-Little Neck,QN1103,2007,408.4715334500195,216,363.8791017154246,12.254738325002473,387.9491911247035,5.289956209425179,-73.73688792373812,40.7636891250598
Douglaston-Little Neck,QN1103,2008,406.479217603912,175,364.7209496043315,11.449374664351486,408.4715334500195,-0.4877490064681012,-73.73688792373812,40.7636891250598
Douglaston-Little Neck,QN1103,2009,378.7528868360277,153,315.0431111065702,20.22255795585584,406.479217603912,-6.821094306204316,-73.73688792373812,40.7636891250598
Douglaston-Little Neck,QN1103,2010,393.4010152284264,136,331.20603015075375,18.778337172594227,378.7528868360277,3.867463167017459,-73.73688792373812,40.7636891250598
Douglaston-Little Neck,QN1103,2011,382.2368421052632,113,327.76517308054713,16.619114383860982,393.4010152284264,-2.8378607809847125,-73.73688792373812,40.7636891250598
Douglaston-Little Neck,QN1103,2012,376.5432098765432,143,337.05357142857144,11.716131142179695,382.2368421052632,-1.4895561080300148,-73.73688792373812,40.7636891250598
Douglaston-Little Neck,QN1103,2013,403.11987088302874,184,346.18410700236035,16.446671793711253,376.5432098765432,7.058064070574852,-73.73688792373812,40.7636891250598
Douglaston-Little Neck,QN1103,2014,414.2300194931774,169,352.1666317379394,17.62330163109313,403.11987088302874,2.7560409229671614,-73.73688792373812,40.7636891250598
Douglaston-Little Neck,QN1103,2015,439.43533697632057,173,378.1408590172051,16.20943003049734,414.2300194931774,6.084860173577623,-73.73688792373812,40.7636891250598
Douglaston-Little Neck,QN1103,2016,454.73194721288047,198,412.8122109158187,10.154674495714012,439.43533697632057,3.4809695419156004,-73.73688792373812,40.7636891250598
Douglaston-Little Neck,QN1103,2017,524.40186493238,190,453.2408424405514,15.700487649932468,454.73194721288047,15.321095899796969,-73.73688792373812,40.7636891250598
Douglaston-Little Neck,QN1103,2018,527.1176112126752,163,468.4992756435464,12.511937289253797,524.40186493238,0.5178750233173548,-73.73688792373812,40.7636891250598
Douglaston-Little Neck,QN1103,2019,524.070302913827,166,484.8484848484849,8.089499975976823,527.1176112126752,-0.5781078518392904,-73.73688792373812,40.7636891250598
Douglaston-Little Neck,QN1103,2020,548.7362091503269,162,510.948905109489,7.395515219421135,524.070302913827,4.706602549191889,-73.73688792373812,40.7636891250598
Douglaston-Little Neck,QN1103,2021,552.1164021164021,249,583.6909871244635,-5.409469343292868,548.7362091503269,0.6159959757912084,-73.73688792373812,40.7636891250598
Douglaston-Little Neck,QN1103,2022,599.7076023391812,202,614.297462406015,-2.3750480768209252,552.1164021164021,8.619776561672495,-73.73688792373812,40.7636891250598
Douglaston-Little Neck,QN1103,2023,583.3333333333334,151,588.8157894736842,-0.9310986964618104,599.7076023391812,-2.7303754266211433,-73.73688792373812,40.7636891250598
Douglaston-Little Neck,QN1103,2024,648.612332649272,154,610.3286384976526,6.272636041765339,583.3333333333334,11.190685597018058,-73.73688792373812,40.7636891250598
Douglaston-Little Neck,QN1103,2025,653.5264023387539,150,643.3739350912779,1.5780041269523364,648.612332649272,0.7576281612485233,-73.73688792373812,40.7636891250598
Oakland Gardens-Hollis Hills,QN1104,2003,310.2103279025064,106,217.5,42.62543811609489,,,-73.75457787899656,40.73930601204641
Oakland Gardens-Hollis Hills,QN1104,2004,318.6936936936937,156,242.06349206349208,31.657066902968545,310.2103279025064,2.7347141691083574,-73.75457787899656,40.73930601204641
Oakland Gardens-Hollis Hills,QN1104,2005,382.84619272237205,146,285.59771521827827,34.050859766076265,318.6936936936937,20.129830083910374,-73.75457787899656,40.73930601204641
Oakland Gardens-Hollis Hills,QN1104,2006,393.35664335664336,109,319.9301276108415,22.95079750510925,382.84619272237205,2.7453454766084495,-73.75457787899656,40.73930601204641
Oakland Gardens-Hollis Hills,QN1104,2007,395.88676267508384,134,363.8791017154246,8.796235015631964,393.35664335664336,0.6432125556213141,-73.75457787899656,40.73930601204641
Oakland Gardens-Hollis Hills,QN1104,2008,399.0494345332228,114,364.7209496043315,9.412260240639487,395.88676267508384,0.7988829524806909,-73.75457787899656,40.73930601204641
Oakland Gardens-Hollis Hills,QN1104,2009,407.2348913043478,97,315.0431111065702,29.263226824404896,399.0494345332228,2.051238784663292,-73.75457787899656,40.73930601204641
Oakland Gardens-Hollis Hills,QN1104,2010,382.85673159965455,86,331.20603015075375,15.59473462043887,407.2348913043478,-5.986264984960284,-73.75457787899656,40.73930601204641
Oakland Gardens-Hollis Hills,QN1104,2011,402.36952444868155,110,327.76517308054713,22.761524864571463,382.85673159965455,5.096630472578741,-73.75457787899656,40.73930601204641
Oakland Gardens-Hollis Hills,QN1104,2012,338.77873200303105,110,337.05357142857144,0.5118357201045723,402.36952444868155,-15.804077739928562,-73.75457787899656,40.73930601204641
Oakland Gardens-Hollis Hills,QN1104,2013,414.0786474164134,115,346.18410700236035,19.61226383324123,338.77873200303105,22.22687208496566,-73.75457787899656,40.73930601204641
Oakland Gardens-Hollis Hills,QN1104,2014,461.00640295543485,106,352.1666317379394,30.905759208466772,414.0786474164134,11.33305371620119,-73.75457787899656,40.73930601204641
Oakland Gardens-Hollis Hills,QN1104,2015,435.4231339390809,98,378.1408590172051,15.148396042351376,461.00640295543485,-5.549438977928264,-73.75457787899656,40.73930601204641
Oakland Gardens-Hollis Hills,QN1104,2016,481.94444444444446,98,412.8122109158187,16.746654217242455,435.4231339390809,10.684161423511373,-73.75457787899656,40.73930601204641
Oakland Gardens-Hollis Hills,QN1104,2017,510.2591792656588,101,453.2408424405514,12.58014095068808,481.94444444444446,5.875103478753411,-73.75457787899656,40.73930601204641
Oakland Gardens-Hollis Hills,QN1104,2018,538.0200860832138,91,468.4992756435464,14.83904331424445,510.2591792656588,5.440550203821348,-73.75457787899656,40.73930601204641
Oakland Gardens-Hollis Hills,QN1104,2019,560.2240896358544,99,484.8484848484849,15.546218487394963,538.0200860832138,4.126984126984141,-73.75457787899656,40.73930601204641
Oakland Gardens-Hollis Hills,QN1104,2020,550.772585688959,80,510.948905109489,7.794063199124849,560.2240896358544,-1.687093454520829,-73.75457787899656,40.73930601204641
Oakland Gardens-Hollis Hills,QN1104,2021,631.3125,129,583.6909871244635,8.158685661764709,550.772585688959,14.623079725417702,-73.75457787899656,40.73930601204641
Oakland Gardens-Hollis Hills,QN1104,2022,630.3879310344828,103,614.297462406015,2.6193285196794274,631.3125,-0.14645187058979664,-73.75457787899656,40.73930601204641
Oakland Gardens-Hollis Hills,QN1104,2023,587.6494023904382,81,588.8157894736842,-0.1980903202831064,630.3879310344828,-6.7797187319099725,-73.75457787899656,40.73930601204641
Oakland Gardens-Hollis Hills,QN1104,2024,670.7974137931035,97,610.3286384976526,9.907576259946952,587.6494023904382,14.14925482174168,-73.75457787899656,40.73930601204641
Oakland Gardens-Hollis Hills,QN1104,2025,755.3317535545024,93,643.3739350912779,17.401671463010175,670.7974137931035,12.60206703591617,-73.75457787899656,40.73930601204641
Jamaica,QN1201,2003,178.57142857142858,239,217.5,-17.89819376026272,,,-73.79558190152396,40.70402089296867
Jamaica,QN1201,2004,220.0132538104705,287,242.06349206349208,-9.109278753707272,178.57142857142858,23.207422133863474,-73.79558190152396,40.70402089296867
Jamaica,QN1201,2005,271.4836639970877,322,285.59771521827827,-4.941934220448291,220.0132538104705,23.39423161795343,-73.79558190152396,40.70402089296867
Jamaica,QN1201,2006,295.19211375554664,232,319.9301276108415,-7.7323176907508495,271.4836639970877,8.732919472721296,-73.79558190152396,40.70402089296867
Jamaica,QN1201,2007,281.7492215988159,194,363.8791017154246,-22.570650452149142,295.19211375554664,-4.553946914673684,-73.79558190152396,40.70402089296867
Jamaica,QN1201,2008,254.14692164179104,130,364.7209496043315,-30.31743256933746,281.7492215988159,-9.796761744501962,-73.79558190152396,40.70402089296867
Jamaica,QN1201,2009,207.29695893580106,110,315.0431111065702,-34.20044697765877,254.14692164179104,-18.43420427968943,-73.79558190152396,40.70402089296867
Jamaica,QN1201,2010,219.15066026410565,139,331.20603015075375,-33.8325270936777,207.29695893580106,5.71822249065199,-73.79558190152396,40.70402089296867
Jamaica,QN1201,2011,201.20967741935485,111,327.76517308054713,-38.611636029460556,219.15066026410565,-8.186597668986959,-73.79558190152396,40.70402089296867
Jamaica,QN1201,2012,224.22037037037038,120,337.05357142857144,-33.476340446406674,201.20967741935485,11.436176055815332,-73.79558190152396,40.70402089296867
Jamaica,QN1201,2013,227.69897182025898,80,346.18410700236035,-34.22604700373883,224.22037037037038,1.5514207938121756,-73.79558190152396,40.70402089296867
Jamaica,QN1201,2014,238.6900689018665,93,352.1666317379394,-32.22240627286776,227.69897182025898,4.827029737439345,-73.79558190152396,40.70402089296867
Jamaica,QN1201,2015,280.9917355371901,147,378.1408590172051,-25.691252654502172,238.6900689018665,17.72242424242427,-73.79558190152396,40.70402089296867
Jamaica,QN1201,2016,284.61538461538464,133,412.8122109158187,-31.05451411333764,280.9917355371901,1.2895927601810002,-73.79558190152396,40.70402089296867
Jamaica,QN1201,2017,327.65885600187926,134,453.2408424405514,-27.707561781602653,284.61538461538464,15.123381838498107,-73.79558190152396,40.70402089296867
Jamaica,QN1201,2018,363.3713662790698,135,468.4992756435464,-22.439289627517436,327.65885600187926,10.899296516186851,-73.79558190152396,40.70402089296867
Jamaica,QN1201,2019,385.1993402508524,110,484.8484848484849,-20.552636073261695,363.3713662790698,6.007070451175481,-73.79558190152396,40.70402089296867
Jamaica,QN1201,2020,443.4360587002096,96,510.948905109489,-13.213228511530389,385.1993402508524,15.118592469922683,-73.79558190152396,40.70402089296867
Jamaica,QN1201,2021,427.90408122032534,120,583.6909871244635,-26.68996255563544,443.4360587002096,-3.502641964979414,-73.79558190152396,40.70402089296867
Jamaica,QN1201,2022,463.50418658623835,104,614.297462406015,-24.54727311246991,427.90408122032534,8.319646137607815,-73.79558190152396,40.70402089296867
Jamaica,QN1201,2023,437.5821287779238,89,588.8157894736842,-25.68437589469897,463.50418658623835,-5.59262646562774,-73.79558190152396,40.70402089296867
Jamaica,QN1201,2024,400.1317842734262,86,610.3286384976526,-34.43994611520017,437.5821287779238,-8.5584721224993,-73.79558190152396,40.70402089296867
Jamaica,QN1201,2025,542.3507462686567,93,643.3739350912779,-15.702095362052335,400.1317842734262,35.543030467693754,-73.79558190152396,40.70402089296867
South Jamaica,QN1202,2003,173.33333333333334,559,217.5,-20.30651340996168,,,-73.79172978902626,40.69430646869901
South Jamaica,QN1202,2004,208.5765336509827,688,242.06349206349208,-13.833956590085842,173.33333333333334,20.332615567874626,-73.79172978902626,40.69430646869901
South Jamaica,QN1202,2005,256.0923590504451,730,285.59771521827827,-10.331089709622724,208.5765336509827,22.781002525898746,-73.79172978902626,40.69430646869901
South Jamaica,QN1202,2006,299.03846153846155,791,319.9301276108415,-6.530071496671389,256.0923590504451,16.769771127594208,-73.79172978902626,40.69430646869901
South Jamaica,QN1202,2007,298.7605065879146,498,363.8791017154246,-17.895667770015727,299.03846153846155,-0.09294956545620732,-73.79172978902626,40.69430646869901
South Jamaica,QN1202,2008,267.9997866716617,396,364.7209496043315,-26.519223268528453,298.7605065879146,-10.296113186968752,-73.79172978902626,40.69430646869901
South Jamaica,QN1202,2009,216.8057829301075,416,315.0431111065702,-31.182185774959475,267.9997866716617,-19.102255407491874,-73.79172978902626,40.69430646869901
South Jamaica,QN1202,2010,197.55784889713462,424,331.20603015075375,-40.35197704365075,216.8057829301075,-8.877961543663215,-73.79172978902626,40.69430646869901
South Jamaica,QN1202,2011,191.44698503251135,280,327.76517308054713,-41.590199094928266,197.55784889713462,-3.093202268974443,-73.79172978902626,40.69430646869901
South Jamaica,QN1202,2012,195.1530612244898,231,337.05357142857144,-42.10028382213813,191.44698503251135,1.9358237432410215,-73.79172978902626,40.69430646869901
South Jamaica,QN1202,2013,205.8823529411765,259,346.18410700236035,-40.528074866310156,195.1530612244898,5.497885428681291,-73.79172978902626,40.69430646869901
South Jamaica,QN1202,2014,221.0569679849341,294,352.1666317379394,-37.22943968483902,205.8823529411765,7.370527306967975,-73.79172978902626,40.69430646869901
South Jamaica,QN1202,2015,230.28215861889927,302,378.1408590172051,-39.101487414661634,221.0569679849341,4.1732186585468405,-73.79172978902626,40.69430646869901
South Jamaica,QN1202,2016,262.8968253968254,319,412.8122109158187,-36.31563736605753,230.28215861889927,14.162915170471853,-73.79172978902626,40.69430646869901
South Jamaica,QN1202,2017,303.2392894461859,368,453.2408424405514,-33.09533010896744,262.8968253968254,15.34535991009637,-73.79172978902626,40.69430646869901
South Jamaica,QN1202,2018,333.9945652173913,403,468.4992756435464,-28.70969442618559,303.2392894461859,10.142246351841338,-73.79172978902626,40.69430646869901
South Jamaica,QN1202,2019,354.25830889540566,346,484.8484848484849,-26.934223790322587,333.9945652173913,6.067087847619625,-73.79172978902626,40.69430646869901
South Jamaica,QN1202,2020,377.0250979294908,225,510.948905109489,-26.210802262371075,354.25830889540566,6.426606931273704,-73.79172978902626,40.69430646869901
South Jamaica,QN1202,2021,436.2378704432206,264,583.6909871244635,-25.262188372595297,377.0250979294908,15.705260164086852,-73.79172978902626,40.69430646869901
South Jamaica,QN1202,2022,458.32895013675574,224,614.297462406015,-25.389737352711567,436.2378704432206,5.063998609540818,-73.79172978902626,40.69430646869901
South Jamaica,QN1202,2023,452.0353177850518,230,588.8157894736842,-23.229756085667177,458.32895013675574,-1.37316928154463,-73.79172978902626,40.69430646869901
South Jamaica,QN1202,2024,450.9493670886076,201,610.3286384976526,-26.1136806231743,452.0353177850518,-0.24023580762789234,-73.79172978902626,40.69430646869901
South Jamaica,QN1202,2025,475.44416243654825,240,643.3739350912779,-26.101426168423313,450.9493670886076,5.431828301718776,-73.79172978902626,40.69430646869901
Baisley Park,QN1203,2003,192.4175252625322,624,217.5,-11.532172293088646,,,-73.78990897193596,40.679533186725045
Baisley Park,QN1203,2004,225.82799145299145,862,242.06349206349208,-6.707124842370749,192.4175252625322,17.36352556497877,-73.78990897193596,40.679533186725045
Baisley Park,QN1203,2005,277.80203227124184,908,285.59771521827827,-2.7296027004551826,225.82799145299145,23.014879813545765,-73.78990897193596,40.679533186725045
Baisley Park,QN1203,2006,311.53846153846155,919,319.9301276108415,-2.6229683759534725,277.80203227124184,12.144054163822657,-73.78990897193596,40.679533186725045
Baisley Park,QN1203,2007,322.06632653061223,581,363.8791017154246,-11.490842696845089,311.53846153846155,3.37931468883849,-73.78990897193596,40.679533186725045
Baisley Park,QN1203,2008,285.53299492385787,445,364.7209496043315,-21.711929289058087,322.06632653061223,-11.343418605819968,-73.78990897193596,40.679533186725045
Baisley Park,QN1203,2009,219.31297709923663,449,315.0431111065702,-30.386360035325698,285.53299492385787,-23.191721798134015,-73.78990897193596,40.679533186725045
Baisley Park,QN1203,2010,203.82165605095545,511,331.20603015075375,-38.460765355575575,219.31297709923663,-7.063567898798588,-73.78990897193596,40.679533186725045
Baisley Park,QN1203,2011,205.5175576874136,320,327.76517308054713,-37.29731693095154,203.82165605095545,0.8320517403872846,-73.78990897193596,40.679533186725045
Baisley Park,QN1203,2012,205.23533163265307,351,337.05357142857144,-39.10898770104068,205.5175576874136,-0.13732454683497178,-73.78990897193596,40.679533186725045
Baisley Park,QN1203,2013,230.7692307692308,375,346.18410700236035,-33.33916083916083,205.23533163265307,12.441278474546666,-73.78990897193596,40.679533186725045
Baisley Park,QN1203,2014,247.25274725274724,339,352.1666317379394,-29.790978198997166,230.7692307692308,7.142857142857123,-73.78990897193596,40.679533186725045
Baisley Park,QN1203,2015,273.4375,399,378.1408590172051,-27.68898322422259,247.25274725274724,10.590277777777784,-73.78990897193596,40.679533186725045
Baisley Park,QN1203,2016,279.52261306532665,431,412.8122109158187,-32.28819165857297,273.4375,2.2254127781766044,-73.78990897193596,40.679533186725045
Baisley Park,QN1203,2017,316.31963366904233,504,453.2408424405514,-30.20937125485731,279.52261306532665,13.16423748339671,-73.78990897193596,40.679533186725045
Baisley Park,QN1203,2018,347.4869791666667,550,468.4992756435464,-25.829772374920566,316.31963366904233,9.853117600102559,-73.78990897193596,40.679533186725045
Baisley Park,QN1203,2019,375.9686203556481,456,484.8484848484849,-22.45647205164758,347.4869791666667,8.196462859496286,-73.78990897193596,40.679533186725045
Baisley Park,QN1203,2020,398.8095238095238,347,510.948905109489,-21.947278911564617,375.9686203556481,6.07521538161065,-73.78990897193596,40.679533186725045
Baisley Park,QN1203,2021,463.3730711219399,368,583.6909871244635,-20.613290021020585,398.8095238095238,16.189068579829712,-73.78990897193596,40.679533186725045
Baisley Park,QN1203,2022,490.32738095238096,335,614.297462406015,-20.18079009606864,463.3730711219399,5.816978048633263,-73.78990897193596,40.679533186725045
Baisley Park,QN1203,2023,460.5263157894737,271,588.8157894736842,-21.787709497206695,490.32738095238096,-6.077789313952558,-73.78990897193596,40.679533186725045
Baisley Park,QN1203,2024,481.1542343524799,318,610.3286384976526,-21.164729294555222,460.5263157894737,4.479205173681341,-73.78990897193596,40.679533186725045
Baisley Park,QN1203,2025,524.8434601113172,316,643.3739350912779,-18.423263442144933,481.1542343524799,9.080087556047951,-73.78990897193596,40.679533186725045
Springfield Gardens (North)-Rochdale Village,QN1204,2003,191.45299145299143,199,217.5,-11.97563611356716,,,-73.77205282253382,40.67333058884922
Springfield Gardens (North)-Rochdale Village,QN1204,2004,204.0,279,242.06349206349208,-15.724590163934431,191.45299145299143,6.553571428571443,-73.77205282253382,40.67333058884922
Springfield Gardens (North)-Rochdale Village,QN1204,2005,259.0425531914894,303,285.59771521827827,-9.298100303951362,204.0,26.981643721318328,-73.77205282253382,40.67333058884922
Springfield Gardens (North)-Rochdale Village,QN1204,2006,299.53917050691246,367,319.9301276108415,-6.37356577081491,259.0425531914894,15.63319107864381,-73.77205282253382,40.67333058884922
Springfield Gardens (North)-Rochdale Village,QN1204,2007,307.623432150638,228,363.8791017154246,-15.459989128142329,299.53917050691246,2.698899656443757,-73.77205282253382,40.67333058884922
Springfield Gardens (North)-Rochdale Village,QN1204,2008,271.35531558185403,207,364.7209496043315,-25.59919689937346,307.623432150638,-11.789776973499237,-73.77205282253382,40.67333058884922
Springfield Gardens (North)-Rochdale Village,QN1204,2009,235.899204,179,315.0431111065702,-25.121611714848154,271.35531558185403,-13.066304415606236,-73.77205282253382,40.67333058884922
Springfield Gardens (North)-Rochdale Village,QN1204,2010,215.56084939585136,170,331.20603015075375,-34.91638745292911,235.899204,-8.621629178599786,-73.77205282253382,40.67333058884922
Springfield Gardens (North)-Rochdale Village,QN1204,2011,222.29595222295956,135,327.76517308054713,-32.178287847461114,215.56084939585136,3.1244555057119827,-73.77205282253382,40.67333058884922
Springfield Gardens (North)-Rochdale Village,QN1204,2012,216.7983983916147,108,337.05357142857144,-35.67835597387855,222.29595222295956,-2.4730786936825915,-73.77205282253382,40.67333058884922
Springfield Gardens (North)-Rochdale Village,QN1204,2013,232.34200743494424,145,346.18410700236035,-32.884842852314975,216.7983983916147,7.169614332321893,-73.77205282253382,40.67333058884922
Springfield Gardens (North)-Rochdale Village,QN1204,2014,235.27568922305767,134,352.1666317379394,-33.19194153575138,232.34200743494424,1.2626566416040212,-73.77205282253382,40.67333058884922
Springfield Gardens (North)-Rochdale Village,QN1204,2015,258.5855072463768,162,378.1408590172051,-31.616618230982716,235.27568922305767,9.907448619232301,-73.77205282253382,40.67333058884922
Springfield Gardens (North)-Rochdale Village,QN1204,2016,279.9232897384306,170,412.8122109158187,-32.191131382130315,258.5855072463768,8.251731784691033,-73.77205282253382,40.67333058884922
Springfield Gardens (North)-Rochdale Village,QN1204,2017,297.5968258055024,188,453.2408424405514,-34.340245198768415,279.9232897384306,6.313706902911352,-73.77205282253382,40.67333058884922
Springfield Gardens (North)-Rochdale Village,QN1204,2018,327.0289619744922,204,468.4992756435464,-30.19648503719154,297.5968258055024,9.889936187768832,-73.77205282253382,40.67333058884922
Springfield Gardens (North)-Rochdale Village,QN1204,2019,345.07042253521126,197,484.8484848484849,-28.82922535211268,327.0289619744922,5.516777612536439,-73.77205282253382,40.67333058884922
Springfield Gardens (North)-Rochdale Village,QN1204,2020,394.0568475452196,155,510.948905109489,-22.87744555186415,345.07042253521126,14.196066023308546,-73.77205282253382,40.67333058884922
Springfield Gardens (North)-Rochdale Village,QN1204,2021,417.5084175084175,159,583.6909871244635,-28.470984353337297,394.0568475452196,5.951316443119722,-73.77205282253382,40.67333058884922
Springfield Gardens (North)-Rochdale Village,QN1204,2022,456.9461334405145,144,614.297462406015,-25.614842742342383,417.5084175084175,9.44596905792968,-73.77205282253382,40.67333058884922
Springfield Gardens (North)-Rochdale Village,QN1204,2023,438.8489208633093,111,588.8157894736842,-25.46923355170613,456.9461334405145,-3.96046957240773,-73.77205282253382,40.67333058884922
Springfield Gardens (North)-Rochdale Village,QN1204,2024,447.30392156862746,117,610.3286384976526,-26.710972850678733,438.8489208633093,1.9266313082610294,-73.77205282253382,40.67333058884922
Springfield Gardens (North)-Rochdale Village,QN1204,2025,476.6162353103015,150,643.3739350912779,-25.919250172501602,447.30392156862746,6.553109044713971,-73.77205282253382,40.67333058884922
St. Albans,QN1205,2003,188.4469696969697,623,217.5,-13.357715081853016,,,-73.76222149923005,40.69323896542469
St. Albans,QN1205,2004,212.4183006535948,797,242.06349206349208,-12.246865959498548,188.4469696969697,12.72046507045031,-73.76222149923005,40.69323896542469
St. Albans,QN1205,2005,257.8125,873,285.59771521827827,-9.728794642857148,212.4183006535948,21.370192307692292,-73.76222149923005,40.69323896542469
St. Albans,QN1205,2006,294.44444444444446,943,319.9301276108415,-7.966015378644639,257.8125,14.208754208754213,-73.76222149923005,40.69323896542469
St. Albans,QN1205,2007,289.77871443624866,545,363.8791017154246,-20.364012917984752,294.44444444444446,-1.5845875499532887,-73.76222149923005,40.69323896542469
St. Albans,QN1205,2008,261.6404428904429,508,364.7209496043315,-28.26284227043052,289.77871443624866,-9.710261707988971,-73.76222149923005,40.69323896542469
St. Albans,QN1205,2009,227.93148880105403,441,315.0431111065702,-27.65069897879747,261.6404428904429,-12.88369401801688,-73.76222149923005,40.69323896542469
St. Albans,QN1205,2010,222.16483011937558,446,331.20603015075375,-32.922468223705444,227.93148880105403,-2.529996496759505,-73.76222149923005,40.69323896542469
St. Albans,QN1205,2011,194.44444444444449,369,327.76517308054713,-40.67568478464902,222.16483011937558,-12.477396021699803,-73.76222149923005,40.69323896542469
St. Albans,QN1205,2012,218.95386019822638,372,337.05357142857144,-35.038854722645425,194.44444444444449,12.604842387659257,-73.76222149923005,40.69323896542469
St. Albans,QN1205,2013,230.04365225815383,414,346.18410700236035,-33.54875408633784,218.95386019822638,5.064899084166628,-73.76222149923005,40.69323896542469
St. Albans,QN1205,2014,236.50941388286031,426,352.1666317379394,-32.84161741398146,230.04365225815383,2.810667263033471,-73.76222149923005,40.69323896542469
St. Albans,QN1205,2015,246.56285072951738,456,378.1408590172051,-34.796030407732545,236.50941388286031,4.250755469562994,-73.76222149923005,40.69323896542469
St. Albans,QN1205,2016,269.44444444444446,495,412.8122109158187,-34.72953625894802,246.56285072951738,9.280227596017083,-73.76222149923005,40.69323896542469
St. Albans,QN1205,2017,288.501304023845,534,453.2408424405514,-36.34701972788654,269.44444444444446,7.072648916066189,-73.76222149923005,40.69323896542469
St. Albans,QN1205,2018,328.94736842105266,595,468.4992756435464,-29.78700597365931,288.501304023845,14.019369698885214,-73.76222149923005,40.69323896542469
St. Albans,QN1205,2019,346.4664500280399,626,484.8484848484849,-28.54129468171677,328.94736842105266,5.3258008085241215,-73.76222149923005,40.69323896542469
St. Albans,QN1205,2020,375.0,460,510.948905109489,-26.607142857142847,346.4664500280399,8.235588170124654,-73.76222149923005,40.69323896542469
St. Albans,QN1205,2021,397.7272727272728,499,583.6909871244635,-31.859959893048114,375.0,6.060606060606082,-73.76222149923005,40.69323896542469
St. Albans,QN1205,2022,433.1348132106118,457,614.297462406015,-29.491030043628147,397.7272727272728,8.902467321525235,-73.76222149923005,40.69323896542469
St. Albans,QN1205,2023,430.69948186528495,393,588.8157894736842,-26.853272353605227,433.1348132106118,-0.5622571243523384,-73.76222149923005,40.69323896542469
St. Albans,QN1205,2024,449.2825776143791,396,610.3286384976526,-26.38677766779789,430.69948186528495,4.31463155437614,-73.76222149923005,40.69323896542469
St. Albans,QN1205,2025,476.18462966245227,406,643.3739350912779,-25.98633489948669,449.2825776143791,5.987779938166959,-73.76222149923005,40.69323896542469
Hollis,QN1206,2003,180.97449784054294,224,217.5,-16.793334326187153,,,-73.76211292183692,40.71186479469822
Hollis,QN1206,2004,212.48622264210363,266,242.06349206349208,-12.218806383917851,180.97449784054294,17.4122460222687,-73.76211292183692,40.71186479469822
Hollis,QN1206,2005,251.24548781090834,268,285.59771521827827,-12.028187053637668,212.48622264210363,18.24083683490765,-73.76211292183692,40.71186479469822
Hollis,QN1206,2006,280.36111294827504,278,319.9301276108415,-12.368017653747716,251.24548781090834,11.588516630109437,-73.76211292183692,40.71186479469822
Hollis,QN1206,2007,296.2962962962963,155,363.8791017154246,-18.572873545231,280.36111294827504,5.683806566626527,-73.76211292183692,40.71186479469822
Hollis,QN1206,2008,255.70145127850725,143,364.7209496043315,-29.891208180965297,296.2962962962963,-13.700760193503806,-73.76211292183692,40.71186479469822
Hollis,QN1206,2009,231.2353151862464,99,315.0431111065702,-26.602008730155667,255.70145127850725,-9.568242952838231,-73.76211292183692,40.71186479469822
Hollis,QN1206,2010,219.86022131624927,113,331.20603015075375,-33.61829154614838,231.2353151862464,-4.919271894448806,-73.76211292183692,40.71186479469822
Hollis,QN1206,2011,209.46790100876512,118,327.76517308054713,-36.092081095727295,219.86022131624927,-4.72678515707292,-73.76211292183692,40.71186479469822
Hollis,QN1206,2012,212.96296296296296,105,337.05357142857144,-36.81628648516066,209.46790100876512,1.6685429783590504,-73.76211292183692,40.71186479469822
Hollis,QN1206,2013,224.7191011235955,117,346.18410700236035,-35.08682328907049,212.96296296296296,5.520273571079624,-73.76211292183692,40.71186479469822
Hollis,QN1206,2014,228.84615384615384,113,352.1666317379394,-35.0176498219607,224.7191011235955,1.8365384615384641,-73.76211292183692,40.71186479469822
Hollis,QN1206,2015,246.8292682926829,153,378.1408590172051,-34.72557582531636,228.84615384615384,7.858167657306822,-73.76211292183692,40.71186479469822
Hollis,QN1206,2016,243.8020346499141,162,412.8122109158187,-40.941176592368144,246.8292682926829,-1.2264484125842001,-73.76211292183692,40.71186479469822
Hollis,QN1206,2017,281.5644478697657,164,453.2408424405514,-37.877520844406995,243.8020346499141,15.48896557572879,-73.76211292183692,40.71186479469822
Hollis,QN1206,2018,316.358024691358,167,468.4992756435464,-32.47416994256865,281.5644478697657,12.357233693681993,-73.76211292183692,40.71186479469822
Hollis,QN1206,2019,346.28194936752845,164,484.8484848484849,-28.57934794294726,316.358024691358,9.458879604955335,-73.76211292183692,40.71186479469822
Hollis,QN1206,2020,381.578947368421,67,510.948905109489,-25.31954887218045,346.28194936752845,10.19313829824547,-73.76211292183692,40.71186479469822
Hollis,QN1206,2021,407.2697545846818,166,583.6909871244635,-30.225108221889073,381.578947368421,6.7327632704683475,-73.76211292183692,40.71186479469822
Hollis,QN1206,2022,430.6034482758621,113,614.297462406015,-29.903104826557435,407.2697545846818,5.729296965588601,-73.76211292183692,40.71186479469822
Hollis,QN1206,2023,437.7321140774998,112,588.8157894736842,-25.6589035309721,430.6034482758621,1.6555059719518939,-73.76211292183692,40.71186479469822
Hollis,QN1206,2024,449.5556304739224,114,610.3286384976526,-26.342039006965024,437.7321140774998,2.701084982384751,-73.76211292183692,40.71186479469822
Hollis,QN1206,2025,479.5792079207921,113,643.3739350912779,-25.458713546927818,449.5556304739224,6.67850103784014,-73.76211292183692,40.71186479469822
Glen Oaks-Floral Park-New Hyde Park,QN1301,2003,285.0728455408259,150,217.5,31.067974961299257,,,-73.71096181486824,40.74595135522069
Glen Oaks-Floral Park-New Hyde Park,QN1301,2004,358.3814122663991,156,242.06349206349208,48.052649001856665,285.0728455408259,25.71573121476929,-73.71096181486824,40.74595135522069
Glen Oaks-Floral Park-New Hyde Park,QN1301,2005,381.31435006435004,208,285.59771521827827,33.514496001103126,358.3814122663991,6.3990310359355345,-73.71096181486824,40.74595135522069
Glen Oaks-Floral Park-New Hyde Park,QN1301,2006,395.8333333333333,157,319.9301276108415,23.72493215606734,381.31435006435004,3.8076152304609243,-73.71096181486824,40.74595135522069
Glen Oaks-Floral Park-New Hyde Park,QN1301,2007,388.081358818686,156,363.8791017154246,6.651180842528574,395.8333333333333,-1.9583935615951114,-73.71096181486824,40.74595135522069
Glen Oaks-Floral Park-New Hyde Park,QN1301,2008,350.1157407407408,133,364.7209496043315,-4.0044886040780465,388.081358818686,-9.782901758928068,-73.71096181486824,40.74595135522069
Glen Oaks-Floral Park-New Hyde Park,QN1301,2009,337.17105263157896,135,315.0431111065702,7.023782061853584,350.1157407407408,-3.6972596781209397,-73.71096181486824,40.74595135522069
Glen Oaks-Floral Park-New Hyde Park,QN1301,2010,377.35849056603774,111,331.20603015075375,13.934667914795199,337.17105263157896,11.919005982512655,-73.71096181486824,40.74595135522069
Glen Oaks-Floral Park-New Hyde Park,QN1301,2011,345.74468085106383,109,327.76517308054713,5.485484501459923,377.35849056603774,-8.377659574468087,-73.71096181486824,40.74595135522069
Glen Oaks-Floral Park-New Hyde Park,QN1301,2012,339.5473428473401,118,337.05357142857144,0.7398739043763886,345.74468085106383,-1.7924608380001021,-73.71096181486824,40.74595135522069
Glen Oaks-Floral Park-New Hyde Park,QN1301,2013,357.71033397101195,120,346.18410700236035,3.3295078357173145,339.5473428473401,5.34917781166025,-73.71096181486824,40.74595135522069
Glen Oaks-Floral Park-New Hyde Park,QN1301,2014,373.5632183908046,109,352.1666317379394,6.075699604835709,357.71033397101195,4.431765849145785,-73.71096181486824,40.74595135522069
Glen Oaks-Floral Park-New Hyde Park,QN1301,2015,400.66836148925705,122,378.1408590172051,5.957436742118087,373.5632183908046,7.255838306354965,-73.71096181486824,40.74595135522069
Glen Oaks-Floral Park-New Hyde Park,QN1301,2016,412.2182680901542,141,412.8122109158187,-0.14387724247469424,400.66836148925705,2.8826600028928984,-73.71096181486824,40.74595135522069
Glen Oaks-Floral Park-New Hyde Park,QN1301,2017,460.3424242371688,146,453.2408424405514,1.5668450703554822,412.2182680901542,11.67443557753477,-73.71096181486824,40.74595135522069
Glen Oaks-Floral Park-New Hyde Park,QN1301,2018,506.166555019798,132,468.4992756435464,8.039986683973108,460.3424242371688,9.954357532561579,-73.71096181486824,40.74595135522069
Glen Oaks-Floral Park-New Hyde Park,QN1301,2019,504.22705314009664,131,484.8484848484849,3.9968297101449273,506.166555019798,-0.3831746409293097,-73.71096181486824,40.74595135522069
Glen Oaks-Floral Park-New Hyde Park,QN1301,2020,511.3636363636364,103,510.948905109489,0.0811688311688479,504.22705314009664,1.4153511159499155,-73.71096181486824,40.74595135522069
Glen Oaks-Floral Park-New Hyde Park,QN1301,2021,561.7476851851852,152,583.6909871244635,-3.759403935185177,511.3636363636364,9.852880658436218,-73.71096181486824,40.74595135522069
Glen Oaks-Floral Park-New Hyde Park,QN1301,2022,582.3863636363636,129,614.297462406015,-5.194730683839293,561.7476851851852,3.6740121936371986,-73.71096181486824,40.74595135522069
Glen Oaks-Floral Park-New Hyde Park,QN1301,2023,576.9090909090909,101,588.8157894736842,-2.0221432199085805,582.3863636363636,-0.9404878048780523,-73.71096181486824,40.74595135522069
Glen Oaks-Floral Park-New Hyde Park,QN1301,2024,603.4782608695652,121,610.3286384976526,-1.1224080267558518,576.9090909090909,4.605434440044407,-73.71096181486824,40.74595135522069
Glen Oaks-Floral Park-New Hyde Park,QN1301,2025,672.5060660613651,102,643.3739350912779,4.528024742866551,603.4782608695652,11.438325067805453,-73.71096181486824,40.74595135522069
Bellerose,QN1302,2003,256.1947601010101,258,217.5,17.790694299314993,,,-73.72669154952,40.73549232115787
Bellerose,QN1302,2004,281.9731738849386,290,242.06349206349208,16.487278391810694,256.1947601010101,10.06203787062812,-73.72669154952,40.73549232115787
Bellerose,QN1302,2005,324.5192307692308,309,285.59771521827827,13.628090659340655,281.9731738849386,15.088689572169525,-73.72669154952,40.73549232115787
Bellerose,QN1302,2006,341.93870752831447,250,319.9301276108415,6.87918330225026,324.5192307692308,5.367779505021345,-73.72669154952,40.73549232115787
Bellerose,QN1302,2007,350.96427885479204,202,363.8791017154246,-3.549207085471135,341.93870752831447,2.6395289938709867,-73.72669154952,40.73549232115787
Bellerose,QN1302,2008,320.1210171568627,180,364.7209496043315,-12.228508533949903,350.96427885479204,-8.788148411733498,-73.72669154952,40.73549232115787
Bellerose,QN1302,2009,310.445580715851,169,315.0431111065702,-1.459333731999618,320.1210171568627,-3.0224308690955555,-73.72669154952,40.73549232115787
Bellerose,QN1302,2010,314.545160571874,150,331.20603015075375,-5.030364202999644,310.445580715851,1.3205470171518832,-73.72669154952,40.73549232115787
Bellerose,QN1302,2011,288.0,133,327.76517308054713,-12.1322142638916,314.545160571874,-8.43922078585228,-73.72669154952,40.73549232115787
Bellerose,QN1302,2012,306.25,155,337.05357142857144,-9.139072847682124,288.0,6.336805555555555,-73.72669154952,40.73549232115787
Bellerose,QN1302,2013,307.345349756064,172,346.18410700236035,-11.219104650009688,306.25,0.3576652264698855,-73.72669154952,40.73549232115787
Bellerose,QN1302,2014,322.8346456692913,179,352.1666317379394,-8.329007755191046,307.345349756064,5.039704009031191,-73.72669154952,40.73549232115787
Bellerose,QN1302,2015,345.679012345679,179,378.1408590172051,-8.58459113778264,322.8346456692913,7.076181872929838,-73.72669154952,40.73549232115787
Bellerose,QN1302,2016,379.6169630642955,221,412.8122109158187,-8.041246594396997,345.679012345679,9.817764315028343,-73.72669154952,40.73549232115787
Bellerose,QN1302,2017,401.3002364066194,203,453.2408424405514,-11.459824704730732,379.6169630642955,5.711882094860819,-73.72669154952,40.73549232115787
Bellerose,QN1302,2018,424.38271604938274,201,468.4992756435464,-9.416569435153061,401.3002364066194,5.751922762232048,-73.72669154952,40.73549232115787
Bellerose,QN1302,2019,438.1720430107527,159,484.8484848484849,-9.62701612903226,424.38271604938274,3.249266862170087,-73.72669154952,40.73549232115787
Bellerose,QN1302,2020,445.5463378790531,144,510.948905109489,-12.800216729385305,438.1720430107527,1.6829679085937133,-73.72669154952,40.73549232115787
Bellerose,QN1302,2021,485.7705286839145,222,583.6909871244635,-16.77607854165288,445.5463378790531,9.028060020949056,-73.72669154952,40.73549232115787
Bellerose,QN1302,2022,509.7230406599882,177,614.297462406015,-17.023417504679383,485.7705286839145,4.930828562401187,-73.72669154952,40.73549232115787
Bellerose,QN1302,2023,515.9420289855072,143,588.8157894736842,-12.37632580357865,509.7230406599882,1.220072044902405,-73.72669154952,40.73549232115787
Bellerose,QN1302,2024,545.7284524803858,148,610.3286384976526,-10.584492016675247,515.9420289855072,5.773211295355682,-73.72669154952,40.73549232115787
Bellerose,QN1302,2025,589.0839484589485,164,643.3739350912779,-8.438325470028103,545.7284524803858,7.9445181539478025,-73.72669154952,40.73549232115787
Queens Village,QN1303,2003,214.64646464646464,633,217.5,-1.3119702774875235,,,-73.7417546990428,40.7160828789679
Queens Village,QN1303,2004,239.81900452488688,753,242.06349206349208,-0.9272309175877215,214.64646464646464,11.72744210806495,-73.7417546990428,40.7160828789679
Queens Village,QN1303,2005,284.3450479233227,743,285.59771521827827,-0.438612505705163,239.81900452488688,18.566519983121342,-73.7417546990428,40.7160828789679
Queens Village,QN1303,2006,318.2481874328679,656,319.9301276108415,-0.5257210974577248,284.3450479233227,11.923238951109722,-73.7417546990428,40.7160828789679
Queens Village,QN1303,2007,322.24349983817024,428,363.8791017154246,-11.442152539393682,318.2481874328679,1.2554077487543034,-73.7417546990428,40.7160828789679
Queens Village,QN1303,2008,276.24372451790634,361,364.7209496043315,-24.258882080234194,322.24349983817024,-14.274849715623386,-73.7417546990428,40.7160828789679
Queens Village,QN1303,2009,244.7718631178707,343,315.0431111065702,-22.305279979579915,276.24372451790634,-11.39278781987158,-73.7417546990428,40.7160828789679
Queens Village,QN1303,2010,240.35003235466735,332,331.20603015075375,-27.431867032955843,244.7718631178707,-1.8065110535494893,-73.7417546990428,40.7160828789679
Queens Village,QN1303,2011,225.31798909751663,257,327.76517308054713,-31.256275039890973,240.35003235466735,-6.254229762269809,-73.7417546990428,40.7160828789679
Queens Village,QN1303,2012,237.82392026578077,309,337.05357142857144,-29.440320344986898,225.31798909751663,5.550347408280672,-73.7417546990428,40.7160828789679
Queens Village,QN1303,2013,243.04391844714428,298,346.18410700236035,-29.793449921290822,237.82392026578077,2.1949004017467564,-73.7417546990428,40.7160828789679
Queens Village,QN1303,2014,260.7913669064748,335,352.1666317379394,-25.946599307415468,243.04391844714428,7.3021569816362835,-73.7417546990428,40.7160828789679
Queens Village,QN1303,2015,280.4955248026165,430,378.1408590172051,-25.822476435995462,260.7913669064748,7.5555253725895,-73.7417546990428,40.7160828789679
Queens Village,QN1303,2016,300.94043887147336,385,412.8122109158187,-27.09991833724085,280.4955248026165,7.288855707499739,-73.7417546990428,40.7160828789679
Queens Village,QN1303,2017,324.43746729461014,419,453.2408424405514,-28.41830724088717,300.94043887147336,7.80786673643816,-73.7417546990428,40.7160828789679
Queens Village,QN1303,2018,362.3271889400922,429,468.4992756435464,-22.66216667200022,324.43746729461014,11.678590010405836,-73.7417546990428,40.7160828789679
Queens Village,QN1303,2019,374.52821504188535,442,484.8484848484849,-22.75355564761115,362.3271889400922,3.3674056141038036,-73.7417546990428,40.7160828789679
Queens Village,QN1303,2020,408.0902469641027,338,510.948905109489,-20.13090880845418,374.52821504188535,8.9611491402494,-73.7417546990428,40.7160828789679
Queens Village,QN1303,2021,434.0876992809709,414,583.6909871244635,-25.6305632849513,408.0902469641027,6.370515470602534,-73.7417546990428,40.7160828789679
Queens Village,QN1303,2022,468.5129310344828,376,614.297462406015,-23.731911702929533,434.0876992809709,7.930478520938122,-73.7417546990428,40.7160828789679
Queens Village,QN1303,2023,446.0130890052356,309,588.8157894736842,-24.25252566614993,468.5129310344828,-4.802395097093102,-73.7417546990428,40.7160828789679
Queens Village,QN1303,2024,474.0618808709452,296,610.3286384976526,-22.326784134222063,446.0130890052356,6.288782225711838,-73.7417546990428,40.7160828789679
Queens Village,QN1303,2025,522.3880597014926,297,643.3739350912779,-18.804907813466297,474.0618808709452,10.194065538820098,-73.7417546990428,40.7160828789679
Cambria Heights,QN1304,2003,218.22358346094947,235,217.5,0.3326820510112507,,,-73.7355529673867,40.69434196630024
Cambria Heights,QN1304,2004,262.0087336244541,271,242.06349206349208,8.239673562889237,218.22358346094947,20.06435302229371,-73.7355529673867,40.69434196630024
Cambria Heights,QN1304,2005,298.4784240204882,264,285.59771521827827,4.510088182030937,262.0087336244541,13.919265167819676,-73.7355529673867,40.69434196630024
Cambria Heights,QN1304,2006,332.69687097812096,246,319.9301276108415,3.990478628136182,298.4784240204882,11.464294972049277,-73.7355529673867,40.69434196630024
Cambria Heights,QN1304,2007,345.9915611814346,179,363.8791017154246,-4.915792209462793,332.69687097812096,3.9960370424367215,-73.7355529673867,40.69434196630024
Cambria Heights,QN1304,2008,302.5034770514604,123,364.7209496043315,-17.058924808231588,345.9915611814346,-12.569116998541324,-73.7355529673867,40.69434196630024
Cambria Heights,QN1304,2009,270.58725761772854,125,315.0431111065702,-14.111038115606824,302.5034770514604,-10.550695067978479,-73.7355529673867,40.69434196630024
Cambria Heights,QN1304,2010,274.013024013024,126,331.20603015075375,-17.26810532758037,270.58725761772854,1.2660486770353383,-73.7355529673867,40.69434196630024
Cambria Heights,QN1304,2011,249.33510638297872,95,327.76517308054713,-23.92873713837025,274.013024013024,-9.006111194507426,-73.7355529673867,40.69434196630024
Cambria Heights,QN1304,2012,261.80555555555554,105,337.05357142857144,-22.325239146431205,249.33510638297872,5.001481481481477,-73.7355529673867,40.69434196630024
Cambria Heights,QN1304,2013,276.3526720622108,116,346.18410700236035,-20.171762229302296,261.80555555555554,5.556458294319244,-73.7355529673867,40.69434196630024
Cambria Heights,QN1304,2014,267.41293532338307,137,352.1666317379394,-24.06636199355332,276.3526720622108,-3.234901501808262,-73.7355529673867,40.69434196630024
Cambria Heights,QN1304,2015,292.33870967741933,135,378.1408590172051,-22.690525843408487,267.41293532338307,9.321080270067515,-73.7355529673867,40.69434196630024
Cambria Heights,QN1304,2016,314.81481481481484,153,412.8122109158187,-23.7389770723104,292.33870967741933,7.688378033205637,-73.7355529673867,40.69434196630024
Cambria Heights,QN1304,2017,342.9053287981859,180,453.2408424405514,-24.34368294089416,314.81481481481484,8.922869147659044,-73.7355529673867,40.69434196630024
Cambria Heights,QN1304,2018,367.965367965368,167,468.4992756435464,-21.45871144412799,342.9053287981859,7.308150985874868,-73.7355529673867,40.69434196630024
Cambria Heights,QN1304,2019,391.4772727272728,177,484.8484848484849,-19.25781249999999,367.965367965368,6.389705882352955,-73.7355529673867,40.69434196630024
Cambria Heights,QN1304,2020,419.8767334360555,151,510.948905109489,-17.824125027514846,391.4772727272728,7.254434085262335,-73.7355529673867,40.69434196630024
Cambria Heights,QN1304,2021,452.64161220043576,154,583.6909871244635,-22.451841439190048,419.8767334360555,7.803451859846901,-73.7355529673867,40.69434196630024
Cambria Heights,QN1304,2022,472.2481343283582,160,614.297462406015,-23.123866981526035,452.64161220043576,4.33157747751226,-73.7355529673867,40.69434196630024
Cambria Heights,QN1304,2023,493.9036394138592,160,588.8157894736842,-16.119158445914408,472.2481343283582,4.585620039833491,-73.7355529673867,40.69434196630024
Cambria Heights,QN1304,2024,520.7703703703704,119,610.3286384976526,-14.673777777777774,493.9036394138592,5.439670577927984,-73.7355529673867,40.69434196630024
Cambria Heights,QN1304,2025,544.3840804284227,140,643.3739350912779,-15.386053003345722,520.7703703703704,4.534380487364965,-73.7355529673867,40.69434196630024
Laurelton,QN1305,2003,201.86335403726707,303,217.5,-7.189262511601346,,,-73.74450474825241,40.6759133341338
Laurelton,QN1305,2004,230.46227308603,371,242.06349206349208,-4.792634725115483,201.86335403726707,14.16746451338717,-73.74450474825241,40.6759133341338
Laurelton,QN1305,2005,271.61862527716187,347,285.59771521827827,-4.89467849223947,230.46227308603,17.8581733313758,-73.74450474825241,40.6759133341338
Laurelton,QN1305,2006,306.8517951856385,372,319.9301276108415,-4.087871474583766,271.61862527716187,12.971558880590164,-73.74450474825241,40.6759133341338
Laurelton,QN1305,2007,308.8016456582633,256,363.8791017154246,-15.136196554710422,306.8517951856385,0.6354372055881854,-73.74450474825241,40.6759133341338
Laurelton,QN1305,2008,285.47451345635176,190,364.7209496043315,-21.72796386770501,308.8016456582633,-7.554082865130389,-73.74450474825241,40.6759133341338
Laurelton,QN1305,2009,246.39304464532427,174,315.0431111065702,-21.79068960438991,285.47451345635176,-13.690002773926416,-73.74450474825241,40.6759133341338
Laurelton,QN1305,2010,246.8932861102556,196,331.20603015075375,-25.456282907084105,246.39304464532427,0.20302580604554168,-73.74450474825241,40.6759133341338
Laurelton,QN1305,2011,224.82269503546095,143,327.76517308054713,-31.407387513922487,246.8932861102556,-8.93932411954634,-73.74450474825241,40.6759133341338
Laurelton,QN1305,2012,231.11752717391303,165,337.05357142857144,-31.430031672905272,224.82269503546095,2.7999095631600737,-73.74450474825241,40.6759133341338
Laurelton,QN1305,2013,236.73160078528855,146,346.18410700236035,-31.616848954976877,231.11752717391303,2.4290990302743234,-73.74450474825241,40.6759133341338
Laurelton,QN1305,2014,256.72766415500536,147,352.1666317379394,-27.10051406970147,236.73160078528855,8.446723337055829,-73.74450474825241,40.6759133341338
Laurelton,QN1305,2015,265.1515151515151,169,378.1408590172051,-29.88022615682191,256.72766415500536,3.2812400736929046,-73.74450474825241,40.6759133341338
Laurelton,QN1305,2016,287.5192304084351,214,412.8122109158187,-30.351083905542115,265.1515151515151,8.435824039752667,-73.74450474825241,40.6759133341338
Laurelton,QN1305,2017,306.92194403534614,230,453.2408424405514,-32.28281405914934,287.5192304084351,6.748318573108507,-73.74450474825241,40.6759133341338
Laurelton,QN1305,2018,334.7048137773628,252,468.4992756435464,-28.55809364537416,306.92194403534614,9.0520962355227,-73.74450474825241,40.6759133341338
Laurelton,QN1305,2019,353.11795642374153,251,484.8484848484849,-27.169421487603312,334.7048137773628,5.5013079849597535,-73.74450474825241,40.6759133341338
Laurelton,QN1305,2020,395.295882192528,184,510.948905109489,-22.63494877089094,353.11795642374153,11.944429616649952,-73.74450474825241,40.6759133341338
Laurelton,QN1305,2021,416.07396870554766,201,583.6909871244635,-28.716739185005437,395.295882192528,5.25633770778815,-73.74450474825241,40.6759133341338
Laurelton,QN1305,2022,445.2554744525547,183,614.297462406015,-27.517936878881873,416.07396870554766,7.013537962443066,-73.74450474825241,40.6759133341338
Laurelton,QN1305,2023,442.9198978335795,178,588.8157894736842,-24.77784975340325,445.2554744525547,-0.5245475357370555,-73.74450474825241,40.6759133341338
Laurelton,QN1305,2024,476.0204582651391,195,610.3286384976526,-22.005878761173367,442.9198978335795,7.473261100587679,-73.74450474825241,40.6759133341338
Laurelton,QN1305,2025,481.7629179331307,201,643.3739350912779,-25.11929817847203,476.0204582651391,1.206347241654292,-73.74450474825241,40.6759133341338
Springfield Gardens (South)-Brookville,QN1306,2003,186.11111111111111,257,217.5,-14.431673052362706,,,-73.76148075232265,40.66016666768696
Springfield Gardens (South)-Brookville,QN1306,2004,214.93212669683257,285,242.06349206349208,-11.208367331800321,186.11111111111111,15.485918822178693,-73.76148075232265,40.66016666768696
Springfield Gardens (South)-Brookville,QN1306,2005,255.21669341894065,331,285.59771521827827,-10.637697775739499,214.93212669683257,18.742924727549234,-73.76148075232265,40.66016666768696
Springfield Gardens (South)-Brookville,QN1306,2006,294.36083240431066,364,319.9301276108415,-7.992149847679548,255.21669341894065,15.337609174770762,-73.76148075232265,40.66016666768696
Springfield Gardens (South)-Brookville,QN1306,2007,313.6363636363636,199,363.8791017154246,-13.807536031116685,294.36083240431066,6.548266314717316,-73.76148075232265,40.66016666768696
Springfield Gardens (South)-Brookville,QN1306,2008,277.7971014492754,166,364.7209496043315,-23.832973743174254,313.6363636363636,-11.427011132115094,-73.76148075232265,40.66016666768696
Springfield Gardens (South)-Brookville,QN1306,2009,239.58333333333331,141,315.0431111065702,-23.952206892634127,277.7971014492754,-13.75599958263774,-73.76148075232265,40.66016666768696
Springfield Gardens (South)-Brookville,QN1306,2010,229.16666666666663,125,331.20603015075375,-30.808425630910847,239.58333333333331,-4.34782608695653,-73.76148075232265,40.66016666768696
Springfield Gardens (South)-Brookville,QN1306,2011,218.20105820105817,94,327.76517308054713,-33.42762559235174,229.16666666666663,-4.784992784992781,-73.76148075232265,40.66016666768696
Springfield Gardens (South)-Brookville,QN1306,2012,219.94290027633852,104,337.05357142857144,-34.745417666357845,218.20105820105817,0.7982738899805658,-73.76148075232265,40.66016666768696
Springfield Gardens (South)-Brookville,QN1306,2013,212.0141342756184,121,346.18410700236035,-38.75682621265659,219.94290027633852,-3.6049201819009995,-73.76148075232265,40.66016666768696
Springfield Gardens (South)-Brookville,QN1306,2014,248.90833333333333,125,352.1666317379394,-29.320863789685923,212.0141342756184,17.401763888888873,-73.76148075232265,40.66016666768696
Springfield Gardens (South)-Brookville,QN1306,2015,256.9331158238173,151,378.1408590172051,-32.053595982303776,248.90833333333333,3.2239910906226292,-73.76148075232265,40.66016666768696
Springfield Gardens (South)-Brookville,QN1306,2016,270.9384268981792,172,412.8122109158187,-34.36763261021138,256.9331158238173,5.4509559927516635,-73.76148075232265,40.66016666768696
Springfield Gardens (South)-Brookville,QN1306,2017,293.8048853457227,196,453.2408424405514,-35.17687334537616,270.9384268981792,8.439725109992201,-73.76148075232265,40.66016666768696
Springfield Gardens (South)-Brookville,QN1306,2018,336.3384188626908,173,468.4992756435464,-28.209404720917657,293.8048853457227,14.476795873192682,-73.76148075232265,40.66016666768696
Springfield Gardens (South)-Brookville,QN1306,2019,349.1598502755139,168,484.8484848484849,-27.98578088067526,336.3384188626908,3.8120627004723606,-73.76148075232265,40.66016666768696
Springfield Gardens (South)-Brookville,QN1306,2020,389.6198830409357,142,510.948905109489,-23.74582289055972,349.1598502755139,11.5878250988754,-73.76148075232265,40.66016666768696
Springfield Gardens (South)-Brookville,QN1306,2021,410.3193153703022,156,583.6909871244635,-29.70264670494087,389.6198830409357,5.312724845510956,-73.76148075232265,40.66016666768696
Springfield Gardens (South)-Brookville,QN1306,2022,439.56043956043953,137,614.297462406015,-28.44501785196769,410.3193153703022,7.126431316972733,-73.76148075232265,40.66016666768696
Springfield Gardens (South)-Brookville,QN1306,2023,441.32042253521126,122,588.8157894736842,-25.04949248564009,439.56043956043953,0.4003961267605688,-73.76148075232265,40.66016666768696
Springfield Gardens (South)-Brookville,QN1306,2024,488.95253682487726,127,610.3286384976526,-19.88700742792396,441.32042253521126,10.79309088304555,-73.76148075232265,40.66016666768696
Springfield Gardens (South)-Brookville,QN1306,2025,520.6185567010309,111,643.3739350912779,-19.07994273545309,488.95253682487726,6.476297286804981,-73.76148075232265,40.66016666768696
Rosedale,QN1307,2003,196.23655913978496,303,217.5,-9.776294648374732,,,-73.73565947842486,40.65905013649418
Rosedale,QN1307,2004,218.22272880783518,360,242.06349206349208,-9.84897104987793,196.23655913978496,11.203911118513265,-73.73565947842486,40.65905013649418
Rosedale,QN1307,2005,256.94444444444446,371,285.59771521827827,-10.032738095238095,218.22272880783518,17.744125851669303,-73.73565947842486,40.65905013649418
Rosedale,QN1307,2006,295.5665024630542,367,319.9301276108415,-7.615295667753711,256.94444444444446,15.03128744508054,-73.73565947842486,40.65905013649418
Rosedale,QN1307,2007,311.2668668446026,208,363.8791017154246,-14.458712968893709,295.5665024630542,5.311956615757213,-73.73565947842486,40.65905013649418
Rosedale,QN1307,2008,277.77777777777777,177,364.7209496043315,-23.838271950342932,311.2668668446026,-10.758963652737242,-73.73565947842486,40.65905013649418
Rosedale,QN1307,2009,235.0,183,315.0431111065702,-25.4070342390359,277.77777777777777,-15.399999999999997,-73.73565947842486,40.65905013649418
Rosedale,QN1307,2010,227.62951334379903,133,331.20603015075375,-31.272533522354713,235.0,-3.13637730051105,-73.73565947842486,40.65905013649418
Rosedale,QN1307,2011,232.5581395348837,141,327.76517308054713,-29.047330639447356,227.62951334379903,2.1651964715316816,-73.73565947842486,40.65905013649418
Rosedale,QN1307,2012,220.83333333333331,123,337.05357142857144,-34.48123620309052,232.5581395348837,-5.04166666666667,-73.73565947842486,40.65905013649418
Rosedale,QN1307,2013,234.99176333492244,142,346.18410700236035,-32.119424727571264,220.83333333333331,6.4113645290214905,-73.73565947842486,40.65905013649418
Rosedale,QN1307,2014,242.970946579194,119,352.1666317379394,-31.006823281315892,234.99176333492244,3.3955161368354885,-73.73565947842486,40.65905013649418
Rosedale,QN1307,2015,255.39160045402951,157,378.1408590172051,-32.461252370929486,242.970946579194,5.111991392265961,-73.73565947842486,40.65905013649418
Rosedale,QN1307,2016,281.54761904761904,176,412.8122109158187,-31.797652394291053,255.39160045402951,10.241534391534387,-73.73565947842486,40.65905013649418
Rosedale,QN1307,2017,310.0332594235033,188,453.2408424405514,-31.5963544339744,281.54761904761904,10.117521317438808,-73.73565947842486,40.65905013649418
Rosedale,QN1307,2018,330.88235294117646,181,468.4992756435464,-29.373988361739663,310.0332594235033,6.724792545303486,-73.73565947842486,40.65905013649418
Rosedale,QN1307,2019,355.8612440191388,217,484.8484848484849,-26.603618421052634,330.88235294117646,7.549175970228611,-73.73565947842486,40.65905013649418
Rosedale,QN1307,2020,379.34027777777777,131,510.948905109489,-25.75768849206348,355.8612440191388,6.59780578898225,-73.73565947842486,40.65905013649418
Rosedale,QN1307,2021,396.9465648854962,191,583.6909871244635,-31.993713515940726,379.34027777777777,4.641291246702883,-73.73565947842486,40.65905013649418
Rosedale,QN1307,2022,413.39190464467424,158,614.297462406015,-32.704930437846066,396.9465648854962,4.142960593177552,-73.73565947842486,40.65905013649418
Rosedale,QN1307,2023,421.7665957111321,128,588.8157894736842,-28.370365868053536,413.39190464467424,2.0258478630964487,-73.73565947842486,40.65905013649418
Rosedale,QN1307,2024,453.2211071544189,125,610.3286384976526,-25.741464750852906,421.7665957111321,7.457800537819271,-73.73565947842486,40.65905013649418
Rosedale,QN1307,2025,460.4596597877673,146,643.3739350912779,-28.430476481388673,453.2211071544189,1.5971349346009385,-73.73565947842486,40.65905013649418
Far Rockaway-Bayswater,QN1401,2003,152.31322234452392,304,217.5,-29.970932255391304,,,-73.756552687196,40.601698032839394
Far Rockaway-Bayswater,QN1401,2004,180.11497641509433,397,242.06349206349208,-25.59184580884628,152.31322234452392,18.253014178693174,-73.756552687196,40.601698032839394
Far Rockaway-Bayswater,QN1401,2005,209.7578347578348,395,285.59771521827827,-26.554792429792425,180.11497641509433,16.457742122690174,-73.756552687196,40.601698032839394
Far Rockaway-Bayswater,QN1401,2006,232.0675105485232,467,319.9301276108415,-27.46306442549017,209.7578347578348,10.635920139261975,-73.756552687196,40.601698032839394
Far Rockaway-Bayswater,QN1401,2007,240.65420560747663,315,363.8791017154246,-33.86424104243208,232.0675105485232,3.700084961767209,-73.756552687196,40.601698032839394
Far Rockaway-Bayswater,QN1401,2008,219.84755703996166,222,364.7209496043315,-39.72170853402749,240.65420560747663,-8.645869501841172,-73.756552687196,40.601698032839394
Far Rockaway-Bayswater,QN1401,2009,186.1352407407408,223,315.0431111065702,-40.917533449008985,219.84755703996166,-15.334405691436892,-73.756552687196,40.601698032839394
Far Rockaway-Bayswater,QN1401,2010,179.97817880465053,168,331.20603015075375,-45.65975180985365,186.1352407407408,-3.3078432174303707,-73.756552687196,40.601698032839394
Far Rockaway-Bayswater,QN1401,2011,172.56399006622516,128,327.76517308054713,-47.35133435796177,179.97817880465053,-4.119493145039974,-73.756552687196,40.601698032839394
Far Rockaway-Bayswater,QN1401,2012,178.60404419125274,94,337.05357142857144,-47.010190862462764,172.56399006622516,3.500182235418629,-73.756552687196,40.601698032839394
Far Rockaway-Bayswater,QN1401,2013,191.20887049663057,106,346.18410700236035,-44.76671036335967,178.60404419125274,7.057413712245133,-73.756552687196,40.601698032839394
Far Rockaway-Bayswater,QN1401,2014,180.05695301376363,168,352.1666317379394,-48.87165995109075,191.20887049663057,-5.832322242112429,-73.756552687196,40.601698032839394
Far Rockaway-Bayswater,QN1401,2015,183.08494773519163,214,378.1408590172051,-51.58287094099466,180.05695301376363,1.681687194382624,-73.756552687196,40.601698032839394
Far Rockaway-Bayswater,QN1401,2016,251.0574430345204,328,412.8122109158187,-39.183619961833834,183.08494773519163,37.12620624478756,-73.756552687196,40.601698032839394
Far Rockaway-Bayswater,QN1401,2017,216.1549707602339,226,453.2408424405514,-52.30902634539483,251.0574430345204,-13.902185831426392,-73.756552687196,40.601698032839394
Far Rockaway-Bayswater,QN1401,2018,227.59622005988024,225,468.4992756435464,-51.42015539997444,216.1549707602339,5.293077119349402,-73.756552687196,40.601698032839394
Far Rockaway-Bayswater,QN1401,2019,260.643115942029,248,484.8484848484849,-46.24235733695652,227.59622005988024,14.519966928033416,-73.756552687196,40.601698032839394
Far Rockaway-Bayswater,QN1401,2020,258.33115679501225,166,510.948905109489,-49.440902170119024,260.643115942029,-0.8870209898545587,-73.756552687196,40.601698032839394
Far Rockaway-Bayswater,QN1401,2021,310.1927989409111,196,583.6909871244635,-46.856674887329206,258.33115679501225,20.07564352257031,-73.756552687196,40.601698032839394
Far Rockaway-Bayswater,QN1401,2022,320.1828808446455,162,614.297462406015,-47.878202265302015,310.1927989409111,3.2206040687738433,-73.756552687196,40.601698032839394
Far Rockaway-Bayswater,QN1401,2023,316.8523676880223,125,588.8157894736842,-46.18820124181073,320.1828808446455,-1.0401908896057468,-73.756552687196,40.601698032839394
Far Rockaway-Bayswater,QN1401,2024,347.26038647342995,158,610.3286384976526,-43.10272129319956,316.8523676880223,9.596904390295688,-73.756552687196,40.601698032839394
Far Rockaway-Bayswater,QN1401,2025,375.0,163,643.3739350912779,-41.71352310895259,347.26038647342995,7.988130695895687,-73.756552687196,40.601698032839394
Rockaway Beach-Arverne-Edgemere,QN1402,2003,146.47163120567376,238,217.5,-32.6567212847477,,,-73.79630690420221,40.59156766457504
Rockaway Beach-Arverne-Edgemere,QN1402,2004,165.0321239606954,280,242.06349206349208,-31.82279469164715,146.47163120567376,12.671732131500068,-73.79630690420221,40.59156766457504
Rockaway Beach-Arverne-Edgemere,QN1402,2005,201.0233918128655,333,285.59771521827827,-29.613095238095244,165.0321239606954,21.808643667909102,-73.79630690420221,40.59156766457504
Rockaway Beach-Arverne-Edgemere,QN1402,2006,223.7762237762238,455,319.9301276108415,-30.05465741931562,201.0233918128655,11.31849968213605,-73.79630690420221,40.59156766457504
Rockaway Beach-Arverne-Edgemere,QN1402,2007,235.4703125,307,363.8791017154246,-35.288860671050024,223.7762237762238,5.2257958984374975,-73.79630690420221,40.59156766457504
Rockaway Beach-Arverne-Edgemere,QN1402,2008,221.0128226902174,259,364.7209496043315,-39.402213410010106,235.4703125,-6.139835487661571,-73.79630690420221,40.59156766457504
Rockaway Beach-Arverne-Edgemere,QN1402,2009,208.63796942221865,162,315.0431111065702,-33.77478761894201,221.0128226902174,-5.599156246849971,-73.79630690420221,40.59156766457504
Rockaway Beach-Arverne-Edgemere,QN1402,2010,197.4676853610116,124,331.20603015075375,-40.37919983789818,208.63796942221865,-5.353907580744253,-73.79630690420221,40.59156766457504
Rockaway Beach-Arverne-Edgemere,QN1402,2011,241.60677441540577,189,327.76517308054713,-26.286624004426564,197.4676853610116,22.352563141507844,-73.79630690420221,40.59156766457504
Rockaway Beach-Arverne-Edgemere,QN1402,2012,241.60677441540577,110,337.05357142857144,-28.317990107217366,241.60677441540577,0.0,-73.79630690420221,40.59156766457504
Rockaway Beach-Arverne-Edgemere,QN1402,2013,205.16749011857704,97,346.18410700236035,-40.7345727407474,241.60677441540577,-15.082062324203282,-73.79630690420221,40.59156766457504
Rockaway Beach-Arverne-Edgemere,QN1402,2014,221.0930104800541,128,352.1666317379394,-37.21920518449976,205.16749011857704,7.762204602821267,-73.79630690420221,40.59156766457504
Rockaway Beach-Arverne-Edgemere,QN1402,2015,225.2252252252252,185,378.1408590172051,-40.438802140929816,221.0930104800541,1.8689938393795968,-73.79630690420221,40.59156766457504
Rockaway Beach-Arverne-Edgemere,QN1402,2016,242.4269061521537,186,412.8122109158187,-41.27428895227381,225.2252252252252,7.637546331556257,-73.79630690420221,40.59156766457504
Rockaway Beach-Arverne-Edgemere,QN1402,2017,235.28671861701406,198,453.2408424405514,-48.08792664181073,242.4269061521537,-2.945294995704089,-73.79630690420221,40.59156766457504
Rockaway Beach-Arverne-Edgemere,QN1402,2018,264.2706131078224,171,468.4992756435464,-43.59209782239015,235.28671861701406,12.318542525975133,-73.79630690420221,40.59156766457504
Rockaway Beach-Arverne-Edgemere,QN1402,2019,268.77829811634797,152,484.8484848484849,-44.56447601350323,264.2706131078224,1.705708007226081,-73.79630690420221,40.59156766457504
Rockaway Beach-Arverne-Edgemere,QN1402,2020,299.26739926739924,116,510.948905109489,-41.429094714809,268.77829811634797,11.34358739702014,-73.79630690420221,40.59156766457504
Rockaway Beach-Arverne-Edgemere,QN1402,2021,328.45193001443,172,583.6909871244635,-43.72845610782192,299.26739926739924,9.751991302251401,-73.79630690420221,40.59156766457504
Rockaway Beach-Arverne-Edgemere,QN1402,2022,368.77891156462584,192,614.297462406015,-39.96737181361099,328.45193001443,12.2778945303881,-73.79630690420221,40.59156766457504
Rockaway Beach-Arverne-Edgemere,QN1402,2023,344.856376393333,154,588.8157894736842,-41.43221317118814,368.77891156462584,-6.48695856002075,-73.79630690420221,40.59156766457504
Rockaway Beach-Arverne-Edgemere,QN1402,2024,383.3812811660913,142,610.3286384976526,-37.18445162432504,344.856376393333,11.171289675913645,-73.79630690420221,40.59156766457504
Rockaway Beach-Arverne-Edgemere,QN1402,2025,402.3920875383203,120,643.3739350912779,-37.455954369486314,383.3812811660913,4.958720549528605,-73.79630690420221,40.59156766457504
Breezy Point-Belle Harbor-Rockaway Park-Broad Channel,QN1403,2003,213.94230769230768,185,217.5,-1.6357206012378487,,,-73.86054055142493,40.57818152623923
Breezy Point-Belle Harbor-Rockaway Park-Broad Channel,QN1403,2004,265.06024096385545,171,242.06349206349208,9.50029626703536,213.94230769230768,23.893326113442555,-73.86054055142493,40.57818152623923
Breezy Point-Belle Harbor-Rockaway Park-Broad Channel,QN1403,2005,321.8059558117195,179,285.59771521827827,12.678056813503499,265.06024096385545,21.408610601694168,-73.86054055142493,40.57818152623923
Breezy Point-Belle Harbor-Rockaway Park-Broad Channel,QN1403,2006,410.67,265,319.9301276108415,28.362403086818134,321.8059558117195,27.61417014925373,-73.86054055142493,40.57818152623923
Breezy Point-Belle Harbor-Rockaway Park-Broad Channel,QN1403,2007,370.617,171,363.8791017154246,1.8516859728440385,410.67,-9.753086419753085,-73.86054055142493,40.57818152623923
Breezy Point-Belle Harbor-Rockaway Park-Broad Channel,QN1403,2008,338.36674142603493,126,364.7209496043315,-7.225855330462099,370.617,-8.70177530279644,-73.86054055142493,40.57818152623923
Breezy Point-Belle Harbor-Rockaway Park-Broad Channel,QN1403,2009,320.7158446222754,124,315.0431111065702,1.800621348544986,338.36674142603493,-5.216498740204316,-73.86054055142493,40.57818152623923
Breezy Point-Belle Harbor-Rockaway Park-Broad Channel,QN1403,2010,302.2410478250421,100,331.20603015075375,-8.74530645246036,320.7158446222754,-5.760487704931489,-73.86054055142493,40.57818152623923
Breezy Point-Belle Harbor-Rockaway Park-Broad Channel,QN1403,2011,310.2068045363576,115,327.76517308054713,-5.356996406654415,302.2410478250421,2.635564152731051,-73.86054055142493,40.57818152623923
Breezy Point-Belle Harbor-Rockaway Park-Broad Channel,QN1403,2012,298.50965961361544,97,337.05357142857144,-11.43554469741741,310.2068045363576,-3.770757040686126,-73.86054055142493,40.57818152623923
Breezy Point-Belle Harbor-Rockaway Park-Broad Channel,QN1403,2013,266.1959503014523,128,346.18410700236035,-23.10566981064867,298.50965961361544,-10.825012950666096,-73.86054055142493,40.57818152623923
Breezy Point-Belle Harbor-Rockaway Park-Broad Channel,QN1403,2014,295.2755905511811,153,352.1666317379394,-16.154580263894246,266.1959503014523,10.92414825124038,-73.86054055142493,40.57818152623923
Breezy Point-Belle Harbor-Rockaway Park-Broad Channel,QN1403,2015,335.8843537414966,154,378.1408590172051,-11.174805437723368,295.2755905511811,13.752834467120193,-73.86054055142493,40.57818152623923
Breezy Point-Belle Harbor-Rockaway Park-Broad Channel,QN1403,2016,351.98531242220565,162,412.8122109158187,-14.734762413802956,335.8843537414966,4.793601875573118,-73.86054055142493,40.57818152623923
Breezy Point-Belle Harbor-Rockaway Park-Broad Channel,QN1403,2017,384.59755583649394,162,453.2408424405514,-15.144991398929571,351.98531242220565,9.265228480661706,-73.86054055142493,40.57818152623923
Breezy Point-Belle Harbor-Rockaway Park-Broad Channel,QN1403,2018,395.03101576634793,148,468.4992756435464,-15.681616535325482,384.59755583649394,2.7128253343059803,-73.86054055142493,40.57818152623923
Breezy Point-Belle Harbor-Rockaway Park-Broad Channel,QN1403,2019,415.0,143,484.8484848484849,-14.406250000000004,395.03101576634793,5.055042119898574,-73.86054055142493,40.57818152623923
Breezy Point-Belle Harbor-Rockaway Park-Broad Channel,QN1403,2020,436.6258741258741,147,510.948905109489,-14.546078921078918,415.0,5.2110540062347175,-73.86054055142493,40.57818152623923
Breezy Point-Belle Harbor-Rockaway Park-Broad Channel,QN1403,2021,510.43062909757396,222,583.6909871244635,-12.551223103136225,436.6258741258741,16.903431368893827,-73.86054055142493,40.57818152623923
Breezy Point-Belle Harbor-Rockaway Park-Broad Channel,QN1403,2022,524.5628642797668,161,614.297462406015,-14.60767846488984,510.43062909757396,2.768688706470892,-73.86054055142493,40.57818152623923
Breezy Point-Belle Harbor-Rockaway Park-Broad Channel,QN1403,2023,479.1666666666667,123,588.8157894736842,-18.62197392923649,524.5628642797668,-8.654100529100518,-73.86054055142493,40.57818152623923
Breezy Point-Belle Harbor-Rockaway Park-Broad Channel,QN1403,2024,485.17906540209447,136,610.3286384976526,-20.505276207195294,479.1666666666667,1.2547614752197105,-73.86054055142493,40.57818152623923
Breezy Point-Belle Harbor-Rockaway Park-Broad Channel,QN1403,2025,538.5813782991202,126,643.3739350912779,-16.287970506186326,485.17906540209447,11.006722405215129,-73.86054055142493,40.57818152623923
